year_month,month_date,household_debt_gdp,federal_debt_gdp,debt_service_ratio,cc_delinquency,mortgage_delinquency,consumer_credit,consumer_credit_yoy,fedfunds,mortgage_rate_30y,yield_spread_10y2y,yield_inverted,cpi,cpi_yoy,m2,m2_yoy,unemployment,consumer_sentiment,recession,gdp_growth,sp500,sp500_yoy,home_price_index,home_price_index_yoy,treasury_10y,dollar_index,household_debt_gdp_z,debt_service_ratio_z,cc_delinquency_z,fedfunds_z,cycle_pressure_score
1990-01,1990-01-01,,51.96856,,,,797714.86,,8.23,9.895,0.12142857142857141,False,127.5,,3166.3,,5.4,93.0,False,4.4,,,76.527,,8.206666666666667,,,,,,
1990-02,1990-02-01,,51.96856,,,,798773.19,,8.24,10.1975,0.10263157894736842,False,128.0,,3178.2,,5.3,89.5,False,4.4,,,76.587,,8.473157894736843,,,,,,
1990-03,1990-03-01,,51.96856,,,,798748.09,,8.28,10.268,-0.038181818181818185,True,128.6,,3189.2,,5.2,91.3,False,4.4,,,76.79,,8.588636363636363,,,,,,
1990-04,1990-04-01,,52.7473,,,,798747.01,,8.26,10.370000000000001,0.0615,False,128.9,,3201.2,,5.4,93.9,False,1.5,,,77.039,,8.7855,,,,,,
1990-05,1990-05-01,,52.7473,,,,799751.03,,8.18,10.4775,0.11590909090909092,False,129.1,,3201.3,,5.4,90.6,False,1.5,,,77.297,,8.758181818181818,,,,,,
1990-06,1990-06-01,,52.7473,,,,802892.74,,8.29,10.164,0.12904761904761905,False,129.9,,3214.6,,5.2,88.3,False,1.5,,,77.504,,8.48,,,,,,
1990-07,1990-07-01,,53.75313,,,,806887.5,,8.15,10.035,0.3142857142857143,False,130.5,,3224.7,,5.5,88.2,False,0.3,,,77.559,,8.471428571428572,,,,,,
1990-08,1990-08-01,,53.75313,,,,808758.57,,8.13,10.1,0.691304347826087,False,131.6,,3242.1,,5.7,76.4,True,0.3,,,77.478,,8.752608695652174,,,,,,
1990-09,1990-09-01,,53.75313,,,,810436.23,,8.2,10.175,0.8136842105263158,False,132.5,,3254.7,,5.9,72.8,True,0.3,,,77.227,,8.893157894736841,,,,,,
1990-10,1990-10-01,,56.03613,,,,812655.11,,8.11,10.1775,0.8418181818181818,False,133.4,,3259.2,,5.9,63.9,True,-3.6,,,76.911,,8.719545454545456,,,,,,
1990-11,1990-11-01,,56.03613,,,,813662.66,,7.81,10.014,0.7935,False,133.7,,3262.8,,6.2,66.0,True,-3.6,,,76.379,,8.392,,,,,,
1990-12,1990-12-01,,56.03613,,,,808230.57,,7.31,9.6725,0.761,False,134.2,,3272.5,,6.3,65.5,True,-3.6,,,75.97,,8.075,,,,,,
1991-01,1991-01-01,,57.41652,,5.26,3.09,806600.5,1.113886733913927,6.91,9.6375,0.9676190476190476,False,134.7,5.647058823529405,3287.4,3.8246533809177974,6.4,66.8,True,-1.9,,,75.532,-1.300194702523294,8.091904761904763,,,,,,
1991-02,1991-02-01,,57.41652,,5.26,3.09,807030.43,1.0337402536006568,6.25,9.365,0.9878947368421053,False,134.8,5.312500000000009,3303.6,3.9456296016613157,6.6,70.4,True,-1.9,,,75.248,-1.7483384908665967,7.854736842105264,,,,,,
1991-03,1991-03-01,,57.41652,,5.26,3.09,808351.83,1.2023490409848625,6.12,9.5,1.0070000000000001,False,134.8,4.821150855365497,3321.0,4.1326978552615135,6.8,87.7,True,-1.9,,,75.133,-2.157833051178548,8.11,,,,,,
1991-04,1991-04-01,,57.74551,,5.48,3.17,807818.95,1.1357713877389042,5.91,9.4925,1.0909090909090908,False,135.1,4.809930178432875,3331.9,4.082843933524938,6.7,81.8,False,3.2,,,75.315,-2.237827593816122,8.039090909090909,,,,,,
1991-05,1991-05-01,,57.74551,,5.48,3.17,807832.16,1.0104557164496653,5.78,9.472,1.2840909090909092,False,135.6,5.034856700232382,3343.6,4.445069190641293,6.9,78.3,False,3.2,,,75.764,-1.9832593761724304,8.067727272727273,,,,,,
1991-06,1991-06-01,,57.74551,,5.48,3.17,805994.66,0.38634301264202087,5.9,9.615,1.328,False,136.0,4.695919938414161,3352.8,4.2991351956697565,6.9,82.1,False,3.2,,,76.252,-1.6154004954583079,8.284,,,,,,
1991-07,1991-07-01,,59.06123,,5.35,3.22,804027.56,-0.35444098464778584,5.82,9.575,1.355,False,136.2,4.367816091954024,3356.2,4.0778987192606975,6.8,82.9,False,2.0,,,76.512,-1.3499400456426724,8.272727272727273,,,,,,
1991-08,1991-08-01,,59.06123,,5.35,3.22,802021.92,-0.8329618071311273,5.66,9.244,1.466818181818182,False,136.6,3.7993920972644313,3355.0,3.482310847907222,6.9,82.0,False,2.0,,,76.589,-1.1474224941273592,7.9,,,,,,
1991-09,1991-09-01,,59.06123,,5.35,3.22,800889.34,-1.1779939798594707,5.45,9.0075,1.4685000000000001,False,137.0,3.396226415094339,3355.0,3.0816972378406637,6.9,83.0,False,2.0,,,76.574,-0.8455591956181174,7.65,,,,,,
1991-10,1991-10-01,,60.68599,,5.32,3.28,798616.98,-1.7274400698717107,5.21,8.855,1.615,False,137.2,2.8485757121439192,3360.0,3.0927835051546504,7.0,78.3,False,1.4,,,76.286,-0.8126275825304563,7.527272727272727,,,,,,
1991-11,1991-11-01,,60.68599,,5.32,3.28,798274.98,-1.891162118709,4.81,8.712,1.858421052631579,False,137.8,3.0665669409125185,3365.8,3.1567978423439946,7.0,69.1,False,1.4,,,76.028,-0.45955039997904734,7.417368421052632,,,,,,
1991-12,1991-12-01,,60.68599,,5.32,3.28,798028.97,-1.2622140733924425,4.43,8.497499999999999,2.0628571428571427,False,138.2,2.980625931445613,3373.0,3.0710466004583603,7.3,68.2,False,1.4,,,75.838,-0.17375279715677872,7.088571428571429,,,,,-1.856102899685623,-1.856102899685623
1992-01,1992-01-01,,60.99679,,5.27,3.12,798982.71,-0.9444315990381869,4.03,8.431999999999999,2.0742857142857143,False,138.3,2.672605790645899,3380.9,2.844192979254112,7.3,67.5,False,4.9,,,75.702,0.22507016893502652,7.032380952380953,,,,,-1.9360174173919211,-1.9360174173919211
1992-02,1992-02-01,,60.99679,,5.27,3.12,799640.38,-0.9157089652740869,4.06,8.7625,2.1257894736842107,False,138.6,2.8189910979228294,3399.3,2.8968398111151483,7.4,68.8,False,4.9,,,75.657,0.543536040824999,7.337894736842105,,,,,-1.7547301640242987,-1.7547301640242987
1992-03,1992-03-01,,60.99679,,5.27,3.12,799442.11,-1.1022081808115591,3.98,8.935,1.8572727272727272,False,139.1,3.189910979228472,3403.1,2.4721469436916665,7.4,76.0,False,4.9,,,75.815,0.9077236367508235,7.542272727272728,,,,,-1.673646689485167,-1.673646689485167
1992-04,1992-04-01,,61.57938,,5.1,3.06,797658.14,-1.2578078293409622,3.73,8.8525,2.136190476190476,False,139.4,3.1828275351591495,3399.2,2.0198685434736907,7.4,77.2,False,4.4,,,76.08,1.015733917546302,7.480476190476191,,,,,-1.7000676089431355,-1.7000676089431355
1992-05,1992-05-01,,61.57938,,5.1,3.06,797667.9,-1.2582143300657878,3.82,8.672,2.1665,False,139.7,3.0235988200590036,3399.1,1.6598875463572194,7.6,79.2,False,4.4,,,76.397,0.8354891505200523,7.392,,,,,-1.5438087007724552,-1.5438087007724552
1992-06,1992-06-01,,61.57938,,5.1,3.06,797276.31,-1.0816883079597495,3.76,8.51,2.213636363636364,False,140.1,3.0147058823529305,3394.0,1.2288236697685528,7.8,80.4,False,4.4,,,76.601,0.4576929129727736,7.261818181818182,,,,,-1.4914024027084176,-1.4914024027084176
1992-07,1992-07-01,,61.89802,,4.98,2.89,798068.16,-0.7411934983920232,3.25,8.128,2.489090909090909,False,140.5,3.1571218795888534,3393.9,1.1232942017758152,7.7,76.6,False,4.0,,,76.71,0.2587829360100269,6.844545454545455,,,,,-1.6759413229669144,-1.6759413229669144
1992-08,1992-08-01,,61.89802,,4.98,2.89,799823.8,-0.27407230964460183,3.3,7.975,2.392857142857143,False,140.8,3.0746705710102518,3398.7,1.3025335320417275,7.6,76.1,False,4.0,,,76.731,0.18540521484808892,6.585714285714286,,,,,-1.555650440766198,-1.555650440766198
1992-09,1992-09-01,,61.89802,,4.98,2.89,800198.9,-0.08620916342824136,3.22,7.922499999999999,2.520952380952381,False,141.1,2.9927007299270114,3410.4,1.6512667660208757,7.6,75.6,False,4.0,,,76.628,0.07052001985008438,6.415238095238095,,,,,-1.5167916763363167,-1.5167916763363167
1992-10,1992-10-01,,62.52256,,4.69,2.79,799555.99,0.11757951853215154,3.1,8.088,2.5061904761904765,False,141.7,3.279883381924198,3423.9,1.9017857142857197,7.3,73.3,False,4.2,,,76.598,0.4089872322575516,6.589047619047619,,,,,-1.5031292667442617,-1.5031292667442617
1992-11,1992-11-01,,62.52256,,4.69,2.79,802697.98,0.554069726699935,3.09,8.305,2.2936842105263158,False,142.1,3.1204644412191396,3426.9,1.815318794937304,7.4,85.3,False,4.2,,,76.579,0.7247329931077795,6.873157894736842,,,,,-1.439932572791107,-1.439932572791107
1992-12,1992-12-01,,62.52256,,4.69,2.79,806118.69,1.013712572364378,2.92,8.206,2.096363636363636,False,142.3,2.966714905933454,3425.3,1.5505484731692887,7.4,91.0,False,4.2,,,76.464,0.8254437089585842,6.77,,,,-2.051788495582287,-1.459850799125271,-1.7558196473537788
1993-01,1993-01-01,,62.86657,,4.6,2.78,809325.43,1.2944860846863637,3.02,7.9925,2.21,False,142.8,3.2537960954446943,3418.9,1.1239610754532725,7.3,89.3,False,0.7,,,76.395,0.9154315605928387,6.6000000000000005,,,,-2.1327869400113184,-1.3531695130187549,-1.7429782265150366
1993-02,1993-02-01,,62.86657,,4.6,2.78,814058.92,1.8031280511371817,3.03,7.6825,2.1605263157894736,False,143.1,3.2467532467532534,3413.8,0.42655840908423226,7.1,86.6,False,0.7,,,76.327,0.885575690286422,6.258947368421053,,,,-1.9249753790643083,-1.2991929067028407,-1.6120841428835746
1993-03,1993-03-01,,62.86657,,4.6,2.78,813656.29,1.7780124191856705,3.07,7.495,2.0256521739130435,False,143.3,3.0194104960460155,3410.9,0.22920278569540375,7.0,85.9,False,0.7,,,76.382,0.7478731121809856,5.975217391304348,,,,-1.76839519661067,-1.2367340510405163,-1.502564623825593
1993-04,1993-04-01,,63.91524,,4.46,2.67,819756.94,2.77046003692758,2.96,7.4719999999999995,2.131904761904762,False,143.8,3.1563845050215145,3410.7,0.33831489762297107,7.1,85.6,False,2.3,,,76.66,0.762355415352256,5.9695238095238095,,,,-2.026865416349911,-1.249111089890015,-1.637988253119963
1993-05,1993-05-01,,63.91524,,4.46,2.67,819759.05,2.7694670927587817,3.0,7.465,2.0585,False,144.2,3.2211882605583497,3437.5,1.1297108058015315,7.1,80.3,False,2.3,,,77.029,0.8272576148278032,6.0355,,,,-1.8608773380514607,-1.1923599250967567,-1.5266186315741086
1993-06,1993-06-01,,63.91524,,4.46,2.67,823811.81,3.328268966125436,3.04,7.4175,1.799090909090909,False,144.3,2.9978586723768963,3442.7,1.4348850913376454,7.0,81.5,False,2.3,,,77.516,1.1945013772666213,5.962727272727273,,,,-1.7301847483955803,-1.1400854438289862,-1.4351350961122833
1993-07,1993-07-01,,64.10093,,4.08,2.59,829518.73,3.9408375845992882,3.06,7.206,1.7333333333333332,False,144.5,2.8469750889679624,3441.9,1.4143021302925884,6.9,77.0,False,1.9,,,77.885,1.5317429279103179,5.805238095238095,,,,-2.4831467720446785,-1.1007963097554663,-1.7919715409000725
1993-08,1993-08-01,,64.10093,,4.08,2.59,834235.53,4.302413856651932,3.03,7.1125,1.6763636363636365,False,144.8,2.840909090909083,3445.6,1.379939388589757,6.8,77.3,False,1.9,,,78.131,1.824555916122561,5.677727272727273,,,,-2.233081804471184,-1.0873155837263273,-1.6601986940987556
1993-09,1993-09-01,,64.10093,,4.08,2.59,840602.98,5.049254629067845,3.09,6.915,1.512857142857143,False,145.0,2.7639971651311157,3452.6,1.2373915083274678,6.7,77.9,False,1.9,,,78.199,2.050164430756385,5.36,,,,-2.046249856794824,-1.033570322173335,-1.5399100894840796
1993-10,1993-10-01,,64.66861,,3.91,2.44,847616.63,6.010916133590594,2.99,6.8340000000000005,1.4594999999999998,False,145.6,2.752293577981657,3456.9,0.9638131954788465,6.8,82.7,False,5.6,,,78.173,2.0561894566437866,5.334,,,,-2.2136490289308135,-1.0568158972876103,-1.6352324631092119
1993-11,1993-11-01,,64.66861,,3.91,2.44,856523.42,6.705565647492984,3.02,7.155,1.5685,False,146.0,2.7445460942997935,3470.7,1.2781230850039238,6.6,81.2,False,5.6,,,78.171,2.0788989148461168,5.724,,,,-2.0405242085361537,-1.0194198174378284,-1.529972012986991
1993-12,1993-12-01,,64.66861,,3.91,2.44,865650.58,7.385003069461149,2.96,7.172,1.5618181818181818,False,146.3,2.8109627547435068,3475.0,1.4509677984410052,6.5,88.2,False,5.6,,,78.114,2.1578782172002597,5.774090909090909,,,,-1.9027202769245661,-1.0257623768506619,-1.464241326887614
1994-01,1994-01-01,,64.30709,,3.6,2.39,872021.82,7.74674657140082,3.05,7.0600000000000005,1.6105,False,146.3,2.450980392156854,3474.8,1.6350288104361121,6.6,94.3,False,3.9,,,78.198,2.360102100922834,5.750500000000001,,,,-2.287859295373793,-0.9627751461356971,-1.625317220754745
1994-02,1994-02-01,,64.30709,,3.6,2.39,880352.86,8.14362921052445,3.25,7.1525,1.4989473684210526,False,146.7,2.515723270440251,3475.1,1.7956529380748654,6.6,93.2,False,3.9,,,78.204,2.459155999842766,5.9731578947368416,,,,-2.1137109145806545,-0.8510555964357261,-1.4823832555081904
1994-03,1994-03-01,,64.30709,,3.6,2.39,891333.16,9.54664407498158,3.34,7.675,1.4873913043478262,False,147.1,2.6517794836008246,3479.2,2.0024040575800983,6.5,91.5,False,3.9,,,78.348,2.5739048466916215,6.482608695652174,,,,-1.9742481304689743,-0.7944618998172102,-1.3843550151430923
1994-04,1994-04-01,,64.10716,,3.29,2.26,900989.53,9.909350691193918,3.56,8.315999999999999,1.4226315789473685,False,147.2,2.364394993045882,3480.5,2.046500718327615,6.4,92.6,False,5.5,,,78.7,2.661100965301344,6.972105263157895,,,,-2.2878533874227345,-0.6777693760686169,-1.4828113817456756
1994-05,1994-05-01,,64.10716,,3.29,2.26,912863.7,11.357562932669051,4.01,8.5975,1.2152380952380952,False,147.5,2.288488210818307,3491.4,1.5679999999999916,6.1,92.8,False,5.5,,,79.208,2.8288047358786983,7.183333333333333,,,,-2.1256046468940335,-0.45248239591271017,-1.2890435214033718
1994-06,1994-06-01,,64.10716,,3.29,2.26,924216.02,12.187760454660147,4.25,8.3975,1.17,False,147.9,2.494802494802495,3479.8,1.077642548000135,6.1,91.2,False,5.5,,,79.7,2.817482842251917,7.101363636363636,,,,-1.9937264571941775,-0.33077845162521535,-1.1622524544096964
1994-07,1994-07-01,,64.01176,,3.25,2.16,931134.74,12.24999585000328,4.26,8.614,1.168,False,148.4,2.69896193771626,3488.1,1.342281879194629,6.1,89.0,False,2.4,,,80.062,2.7951466906336098,7.298,,,,-1.933455159794236,-0.32257000978443645,-1.1280125847893363
1994-08,1994-08-01,,64.01176,,3.25,2.16,944803.17,13.253767793850745,4.47,8.5125,1.058695652173913,False,149.0,2.900552486187835,3485.6,1.160900859066638,6.0,91.7,False,2.4,,,80.316,2.7965852222549437,7.236086956521739,,,,-1.8337835711469421,-0.21528927843409046,-1.0245364247905162
1994-09,1994-09-01,,64.01176,,3.25,2.16,957375.6,13.891530577253008,4.73,8.64,1.0647619047619048,False,149.3,2.965517241379323,3486.7,0.9876614725134569,5.9,91.5,False,2.4,,,80.339,2.7366078850113107,7.457142857142857,,,,-1.748156101080113,-0.08307354193428408,-0.9156148215071985
1994-10,1994-10-01,,64.38584,,3.29,2.06,968468.71,14.257870329891942,4.76,8.925,1.0154999999999998,False,149.4,2.609890109890123,3484.8,0.8070814891955269,5.8,92.7,False,4.7,,,80.304,2.7260051424404796,7.744,,,,-1.626148322531251,-0.06718671510531388,-0.8466675188182824
1994-11,1994-11-01,,64.38584,,3.29,2.06,981426.11,14.582518946183631,5.29,9.17,0.8065,False,149.8,2.602739726027403,3487.8,0.49269599792549634,5.6,91.6,False,4.7,,,80.169,2.5559350654334567,7.955,,,,-1.564767737378907,0.20384863018176308,-0.680459553598572
1994-12,1994-12-01,,64.38584,,3.29,2.06,997301.74,15.208348846713648,5.45,9.198,0.22428571428571428,False,150.1,2.597402597402576,3486.7,0.3366906474820075,5.5,95.1,False,4.7,,,80.078,2.5142740097805705,7.813809523809524,,,,-1.5098855320842535,0.28434297918891976,-0.6127712764476668
1995-01,1995-01-01,,64.66271,,3.48,2.08,1010395.04,15.8680914658764,5.53,9.1475,0.2725,False,150.5,2.8708133971291794,3492.2,0.5007482445032796,5.6,97.6,False,1.4,,,80.026,2.3376556945190474,7.7795000000000005,,,,-1.2384563695827262,0.3232701450489692,-0.4575931122668785
1995-02,1995-02-01,,64.66271,,3.48,2.08,1018559.11,15.698960755349844,5.92,8.8275,0.35789473684210527,False,150.9,2.862985685071595,3489.2,0.4057437196051783,5.4,95.1,False,1.4,,,79.991,2.2850493580891085,7.469473684210525,,,,-1.207504156608002,0.5234354870763999,-0.3420343347658011
1995-03,1995-03-01,,64.66271,,3.48,2.08,1033632.09,15.96472973136105,5.98,8.462,0.42913043478260865,False,151.2,2.7872195785180187,3489.9,0.3075419636698218,5.4,90.3,False,1.4,,,80.077,2.2068208505641396,7.204782608695653,,,,-1.1787758610590273,0.5495344407735989,-0.3146207101427142
1995-04,1995-04-01,,65.31294,,3.7,2.11,1043695.17,15.838767848944935,6.05,8.32,0.4947368421052632,False,151.8,3.125000000000022,3498.2,0.5085476224680363,5.8,92.5,False,1.2,,,80.369,2.120711562897082,7.062631578947368,,,,-0.8917075288369427,0.5807489609324968,-0.15547928395222294
1995-05,1995-05-01,,65.31294,,3.7,2.11,1057470.83,15.841042863244548,6.01,7.955,0.46181818181818185,False,152.1,3.1186440677966054,3525.1,0.9652288480265669,5.6,89.8,False,1.2,,,80.691,1.8722856277143762,6.632727272727274,,,,-0.8767382833380379,0.5537017460319676,-0.16151826865303515
1995-06,1995-06-01,,65.31294,,3.7,2.11,1069377.91,15.706489268601942,6.0,7.566,0.4522727272727272,False,152.4,3.0425963488843744,3549.4,2.0001149491350123,5.6,92.7,False,1.2,,,81.068,1.7164366373902062,6.168181818181818,,,,-0.8625028238706126,0.5429516766125536,-0.1597755736290295
1995-07,1995-07-01,,64.73906,,3.85,2.16,1077737.0,15.744473243474943,5.85,7.6075,0.49799999999999994,False,152.6,2.8301886792452713,3567.5,2.276310885582422,5.7,94.4,False,3.5,,,81.411,1.6849441682695865,6.2780000000000005,,,,-0.6674670615394279,0.4575129121507351,-0.10497707469434642
1995-08,1995-08-01,,64.73906,,3.85,2.16,1089602.05,15.325824954630507,5.74,7.86,0.5073913043478261,False,152.9,2.6174496644295386,3588.9,2.96362175809044,5.7,96.2,False,3.5,,,81.654,1.6659196175108137,6.488260869565217,,,,-0.6589258321132547,0.3941819213290761,-0.13237195539208932
1995-09,1995-09-01,,64.73906,,3.85,2.16,1106612.68,15.588143253285324,5.8,7.636,0.3915,False,153.1,2.54521098459477,3602.9,3.3326641236699484,5.6,88.9,False,3.5,,,81.737,1.7401262151632402,6.1975,,,,-0.6507058817398698,0.4234762276391617,-0.11361482705035403
1995-10,1995-10-01,,64.18282,,3.95,2.17,1113528.51,14.97826398542086,5.76,7.475,0.3476190476190476,False,153.5,2.7443105756358666,3614.1,3.710399449035795,5.5,90.2,False,2.7,,,81.726,1.7707710699342405,6.044761904761905,,,,-0.5189624765917557,0.3980941730867473,-0.06043415175250416
1995-11,1995-11-01,,64.18282,,3.95,2.17,1132160.17,15.358676365355706,5.8,7.3774999999999995,0.45142857142857146,False,153.7,2.603471295060067,3620.4,3.801823499053847,5.6,88.2,False,2.7,,,81.63,1.8224001796205425,5.93047619047619,,,,-0.5134311620228474,0.4168582618877108,-0.04828645006756832
1995-12,1995-12-01,,64.18282,,3.95,2.17,1140744.36,14.383071265873859,5.6,7.2,0.387,False,153.9,2.5316455696202667,3629.8,4.104167264175307,5.6,91.0,False,2.7,,,81.512,1.7907540148355272,5.7115,,,,-0.5080736426333197,0.3028138026770495,-0.10262991997813509
1996-01,1996-01-01,,65.04171,,4.04,2.18,1153270.3,14.140534577446061,5.56,7.029999999999999,0.54,False,154.7,2.7906976744185963,3647.4,4.444189908939933,5.6,89.3,False,3.0,,,81.427,1.7506810286656904,5.652380952380953,,,,-0.3887814745293427,0.278267911773183,-0.05525678137807985
1996-02,1996-02-01,,65.04171,,4.04,2.18,1163093.78,14.19011116595874,5.22,7.075,0.78,False,155.0,2.717031146454607,3660.8,4.918032786885251,5.5,88.5,False,3.0,,,81.399,1.7601980222775149,5.8055,,,,-0.38520813979684393,0.08525143489595909,-0.14997835245044241
1996-03,1996-03-01,,65.04171,,4.04,2.18,1171684.26,13.356025933753667,5.31,7.624,0.6076190476190476,False,155.5,2.8439153439153486,3685.4,5.601879710020352,5.5,93.7,False,3.0,,,81.665,1.9830912746481522,6.268571428571428,,,,-0.3817317716329495,0.13562288782119084,-0.12305444190587934
1996-04,1996-04-01,,64.2497,,4.27,2.26,1180903.1,13.14636054126801,5.22,7.925000000000001,0.5540909090909091,False,156.1,2.832674571805005,3696.4,5.665770967926376,5.6,92.7,False,6.8,,,82.123,2.182433525364269,6.511363636363637,,,,-0.07934873828007681,0.08343890731758229,0.0020450845187527378
1996-05,1996-05-01,,64.2497,,4.27,2.26,1191113.69,12.637971299879712,5.24,8.07,0.6418181818181817,False,156.4,2.827087442472065,3710.7,5.265098862443618,5.6,89.4,False,6.8,,,82.6,2.36581527060018,6.736818181818182,,,,-0.07874173653209045,0.09437338420336232,0.007815823835635935
1996-06,1996-06-01,,64.2497,,4.27,2.26,1200950.02,12.303612106593832,5.27,8.32,0.615,False,156.7,2.8215223097112663,3723.3,4.899419620217493,5.3,92.4,False,6.8,,,83.047,2.4411605072284903,6.912000000000001,,,,-0.07814845266190537,0.11109486940345145,0.01647320837077304
1996-07,1996-07-01,,64.25469,,4.46,2.24,1211897.36,12.448339437172539,5.4,8.245000000000001,0.5954545454545455,False,157.0,2.8833551769331667,3737.5,4.7652417659425295,5.5,94.7,False,3.6,,,83.418,2.4652688211666884,6.865454545454545,,,,0.17570725530471254,0.18594368504800743,0.18082547017635997
1996-08,1996-08-01,,64.25469,,4.46,2.24,1220503.0,12.013647551415673,5.22,8.001999999999999,0.6063636363636363,False,157.2,2.8122956180510084,3744.1,4.324444815960327,5.1,95.3,False,3.6,,,83.644,2.4371126950302635,6.635454545454545,,,,0.17438975175626176,0.07946874873533843,0.1269292502458001
1996-09,1996-09-01,,64.25469,,4.46,2.24,1225271.76,10.722729112411766,5.3,8.23,0.598,False,157.7,3.0045721750489918,3754.2,4.199394931860434,5.2,94.7,False,3.6,,,83.701,2.4028285843620267,6.832000000000001,,,,0.1731014564249719,0.12608015685604013,0.149590806640506
1996-10,1996-10-01,,64.44697,,4.6,2.33,1231336.1,10.579665355851553,5.24,7.915,0.620909090909091,False,158.2,3.0618892508143203,3773.4,4.407736365900239,5.2,96.5,False,4.2,,,83.628,2.3272887453197333,6.533636363636364,,,,0.36237283863053554,0.08975956847911967,0.2260662035548276
1996-11,1996-11-01,,64.44697,,4.6,2.33,1242421.91,9.739058387825118,5.31,7.618,0.5021052631578947,False,158.7,3.2530904359141077,3795.5,4.836482156667765,5.4,99.2,False,4.2,,,83.555,2.358201641553359,6.203684210526316,,,,0.359511471552831,0.1309495814199876,0.2452305264864093
1996-12,1996-12-01,,64.44697,,4.6,2.33,1253437.09,9.878876806368787,5.29,7.5975,0.5204761904761904,False,159.1,3.378817413905133,3818.7,5.20414347897955,5.4,96.9,False,4.2,,,83.489,2.4254097556188015,6.302380952380952,,,,0.3567169493793825,0.11816860513630399,0.23744277725784324
1997-01,1997-01-01,,64.34428,,4.7,2.3,1258365.28,9.112779545263594,5.25,7.824,0.570952380952381,False,159.4,3.0381383322559907,3834.0,5.115973021878606,5.3,97.4,False,2.6,,,83.529,2.581453326292249,6.579047619047619,,,,0.4923976527640963,0.09333223646468826,0.2928649446143923
1997-02,1997-02-01,,64.34428,,4.7,2.3,1261850.81,8.490891422358061,5.19,7.65,0.5210526315789474,False,159.7,3.0322580645161246,3845.0,5.0316870629370625,5.2,99.7,False,2.6,,,83.595,2.6978218405631527,6.419473684210526,,,,0.48829484972368276,0.0563613787160147,0.2723281142198487
1997-03,1997-03-01,,64.34428,,4.7,2.3,1264146.34,7.891381932535313,5.39,7.8975,0.4725,False,159.8,2.7652733118971096,3859.5,4.7240462365007785,5.2,100.0,False,2.6,,,83.909,2.7478111798199922,6.6945,,,,0.4842931958226652,0.17817350501171442,0.3312333504171898
1997-04,1997-04-01,,63.10907,,4.73,2.28,1274087.38,7.890933642226861,5.51,8.1425,0.43727272727272726,False,159.9,2.434336963484962,3875.8,4.8533708473109005,5.1,101.4,False,6.8,,,84.318,2.672820038235324,6.885454545454545,,,,0.5225266120173294,0.25079899558510055,0.386662803801215
1997-05,1997-05-01,,63.10907,,4.73,2.28,1278678.42,7.351500594372307,5.5,7.944,0.4342857142857143,False,159.9,2.237851662404089,3890.5,4.845446950710119,4.9,103.2,False,6.8,,,84.862,2.7384987893462442,6.7109523809523814,,,,0.5182372135749822,0.24314235158035946,0.38068978257767083
1997-06,1997-06-01,,63.10907,,4.73,2.28,1282858.52,6.820308808521447,5.56,7.6899999999999995,0.3990476190476191,False,160.2,2.233567326100827,3907.1,4.936481078613042,5.0,104.5,False,6.8,,,85.397,2.8297229279805602,6.493809523809524,,,,0.514052035144544,0.27894454893123344,0.3964982920378887
1997-07,1997-07-01,,62.48709,,4.7,2.25,1288782.03,6.344156901208198,5.52,7.4975,0.32954545454545453,False,160.4,2.165605095541401,3924.9,5.014046822742468,4.9,107.1,False,5.1,,,85.841,2.9046488767412226,6.220454545454545,,,,0.46718425700606453,0.25235997683125555,0.35977211691866007
1997-08,1997-08-01,,62.48709,,4.7,2.25,1294219.24,6.039824564134633,5.54,7.4799999999999995,0.3595238095238095,False,160.8,2.2900763358778775,3957.7,5.704975828637049,4.8,104.4,False,5.1,,,86.151,2.997226340203718,6.298571428571429,,,,0.46365222197252054,0.2634516737108572,0.36355194784168887
1997-09,1997-09-01,,62.48709,,4.7,2.25,1301634.97,6.232348813784783,5.54,7.43,0.32666666666666666,False,161.2,2.21940393151554,3973.7,5.846784934207028,4.9,106.0,False,5.1,,,86.311,3.1182423149066496,6.208571428571428,,,,0.46019928762399537,0.26194811655634476,0.3610737020901701
1997-10,1997-10-01,,62.77032,,4.81,2.21,1309389.39,6.33891022930293,5.5,7.294,0.25772727272727275,False,161.5,2.0859671302149163,3992.7,5.811734775003963,4.7,105.6,False,3.5,,,86.408,3.3242454680250555,6.029545454545455,,,,0.615969754699251,0.23512758289566207,0.4255486687974565
1997-11,1997-11-01,,62.77032,,4.81,2.21,1312457.18,5.636995728769789,5.52,7.205,0.1622222222222222,False,161.7,1.8903591682419618,4015.0,5.783164273481756,4.6,107.2,False,3.5,,,86.632,3.682604272634782,5.875,,,,0.6108815104463385,0.24656895942134394,0.42872523493384124
1997-12,1997-12-01,,62.77032,,4.81,2.21,1324757.33,5.689973638804635,5.5,7.095000000000001,0.09363636363636364,False,161.8,1.6970458830924073,4033.0,5.6118574383952735,4.7,102.1,False,3.5,,,86.848,4.023284504545499,5.808636363636364,,,,0.6059176989483339,0.23241375599012068,0.4191657274692273
1998-01,1998-01-01,,62.50988,,4.76,2.2,1320044.02,4.901497282251777,5.56,6.994,0.1875,False,162.0,1.6311166875784044,4055.2,5.769431403234226,4.6,106.6,False,4.1,,,87.164,4.351782015826844,5.5445,,,,0.5279073734366712,0.26975997308968663,0.39883367326317887
1998-02,1998-02-01,,62.50988,,4.76,2.2,1324342.72,4.952400830966686,5.51,7.0425,0.1568421052631579,False,162.0,1.440200375704448,4087.3,6.301690507152147,4.6,110.4,False,4.1,,,87.374,4.520605299360003,5.574736842105263,,,,0.5240070576770994,0.23596915807494098,0.3799881078760202
1998-03,1998-03-01,,62.50988,,4.76,2.2,1332903.44,5.43901428374185,5.49,7.1275,0.08590909090909092,False,162.0,1.3767209011263937,4112.4,6.552662261951014,4.7,106.5,False,4.1,,,87.878,4.730124301326422,5.647272727272727,,,,0.5201921504434355,0.22172355909472052,0.370957854769078
1998-04,1998-04-01,,61.85196,,4.76,2.13,1360456.29,6.7788843493607365,5.45,7.140000000000001,0.07333333333333333,False,162.2,1.4383989993745905,4138.9,6.788275968832225,4.3,108.7,False,3.8,,,88.558,5.028582271875526,5.637619047619047,,,,0.5164595736985836,0.19444380419758547,0.35545168894808454
1998-05,1998-05-01,,61.85196,,4.76,2.13,1363080.86,6.600755802229008,5.49,7.144,0.059,False,162.6,1.6885553470919357,4165.9,7.078781647603116,4.4,106.5,False,3.8,,,89.373,5.315689000966284,5.6525,,,,0.5128064027107367,0.21970626415116004,0.3662563334309484
1998-06,1998-06-01,,61.85196,,4.76,2.13,1373942.33,7.100066654271431,5.56,6.9975000000000005,-0.023636363636363636,True,162.8,1.6229712858926382,4185.6,7.128048936551412,4.5,105.6,False,3.8,,,90.193,5.616122346218244,5.496363636363636,,,,0.5092298563642417,0.26474194930654266,0.38698590283539214
1998-07,1998-07-01,,60.58693,,4.72,2.1,1380720.85,7.133775755703242,5.54,6.952,0.0031818181818181815,False,163.2,1.74563591022443,4205.4,7.146678896277603,4.5,105.2,False,5.1,,,90.858,5.844526508311887,5.461363636363637,,,,0.4455455897934597,0.25012774988202285,0.3478366698377413
1998-08,1998-08-01,,60.58693,,4.72,2.1,1386666.45,7.143087287127647,5.55,6.9225,0.07333333333333333,False,163.4,1.6169154228855787,4229.3,6.862571695681852,4.5,104.4,False,5.1,,,91.405,6.0985943285626565,5.341904761904762,,,,0.4426616730952504,0.2555137594038286,0.3490877162495395
1998-09,1998-09-01,,60.58693,,4.72,2.1,1397289.73,7.348816081669973,5.51,6.7225,0.14047619047619048,False,163.5,1.4267990074441794,4268.3,7.4137453758462035,4.6,100.9,False,5.1,,,91.75,6.301630151429127,4.806666666666667,,,,0.4398331474170038,0.2274796744789101,0.33365641094795695
1998-10,1998-10-01,,60.40696,,4.74,2.03,1405396.66,7.332216889278453,5.07,6.709999999999999,0.43809523809523804,False,163.9,1.4860681114551078,4308.2,7.901921005835644,4.5,97.4,False,6.6,,,91.997,6.468151097120645,4.529999999999999,,,,0.46757217245308513,-0.06940823162148357,0.19908197041580078
1998-11,1998-11-01,,60.40696,,4.74,2.03,1408442.69,7.313420312882135,4.83,6.865,0.28736842105263155,False,164.1,1.4842300556586308,4346.8,8.264009962640095,4.4,102.7,False,6.6,,,92.195,6.421414719734031,4.827368421052632,,,,0.46459106024158264,-0.231163263940309,0.11671389815063682
1998-12,1998-12-01,,60.40696,,4.74,2.03,1420996.44,7.264659558441533,4.68,6.7379999999999995,0.13863636363636364,False,164.4,1.606922126081578,4375.5,8.49243739151997,4.4,100.5,False,6.6,,,92.442,6.441138540899027,4.645,,,,0.4616663622492742,-0.33172311233362245,0.06497162495782588
1999-01,1999-01-01,,60.04894,,4.66,1.94,1431236.93,8.423424394589496,4.63,6.785,0.1068421052631579,False,164.7,1.6666666666666607,4401.7,8.54458473071611,4.3,103.9,False,3.8,,,92.713,6.366160341425342,4.722105263157895,,,,0.33507539886864474,-0.36406143538321567,-0.014493018257285467
1999-02,1999-02-01,,60.04894,,4.66,1.94,1441314.59,8.832447087412554,4.76,6.8075,0.12263157894736842,False,164.7,1.6666666666666607,4423.7,8.230372128299845,4.4,108.1,False,3.8,,,92.98,6.416096321560194,4.998947368421053,,,,0.3331863704781855,-0.27336687148877353,0.029909749494705984
1999-03,1999-03-01,,60.04894,,4.66,1.94,1450878.82,8.851007241754893,4.81,7.04,0.17956521739130435,False,164.8,1.7283950617283939,4430.1,7.725415815582171,4.2,105.7,False,3.8,,,93.61,6.522679168847723,5.232608695652174,,,,0.3313289707440098,-0.23772069724458508,0.04680413674971236
1999-04,1999-04-01,,59.19227,,4.58,1.88,1457670.57,7.14571138481781,4.74,6.9159999999999995,0.20772727272727273,False,165.9,2.281134401972884,4459.9,7.755683877358721,4.3,104.6,False,3.4,,,94.435,6.636328733711228,5.184545454545455,,,,0.20386597038872867,-0.284877349484375,-0.04050568954782316
1999-05,1999-05-01,,59.19227,,4.58,1.88,1468146.61,7.707961653866957,4.74,7.145,0.28500000000000003,False,166.0,2.091020910209096,4487.9,7.729422213687309,4.2,106.8,False,3.4,,,95.36,6.698891163998066,5.539499999999999,,,,0.20282221818133622,-0.28352262480423207,-0.040350203311447924
1999-06,1999-06-01,,59.19227,,4.58,1.88,1479315.32,7.669389587843911,4.76,7.55,0.2809090909090909,False,166.0,1.9656019656019597,4510.1,7.752771406727832,4.3,107.3,False,3.4,,,96.363,6.840885656314799,5.899545454545454,,,,0.20179434112464778,-0.26828083338131986,-0.03324324612833604
1999-07,1999-07-01,,58.39258,,4.6,2.15,1492377.6,8.086844636263724,4.99,7.632,0.23714285714285716,False,166.7,2.1446078431372584,4537.6,7.899367479906805,4.3,106.0,False,5.4,,,97.192,6.9713178806489084,5.791904761904762,,,,0.23266595062032452,-0.106365317455231,0.06315031658254676
1999-08,1999-08-01,,58.39258,,4.6,2.15,1503226.61,8.405782082634229,5.07,7.9425,0.2609090909090909,False,167.1,2.2643818849449104,4553.6,7.6679355921783765,4.2,104.5,False,5.4,,,97.897,7.102456101963783,5.9390909090909085,,,,0.23149474503776055,-0.0497496238829445,0.09087256057740803
1999-09,1999-09-01,,58.39258,,4.6,2.15,1511059.26,8.142157460786613,5.22,7.8225,0.25333333333333335,False,167.8,2.629969418960254,4569.5,7.056673617130937,4.2,107.2,False,5.4,,,98.399,7.2468664850136255,5.915238095238095,,,,0.23034105934591426,0.0562237953582136,0.14328242735206392
1999-10,1999-10-01,,58.34336,,4.55,1.99,1517281.83,7.961109712613101,5.2,7.851999999999999,0.2495,False,168.1,2.56253813300793,4592.9,6.608328304164157,4.1,103.2,False,6.7,,,98.831,7.428503103362072,6.112,,,,0.1483577276822541,0.04182355934574,0.09509064351399706
1999-11,1999-11-01,,58.34336,,4.55,1.99,1525334.42,8.299360054188654,5.42,7.7375,0.172,False,168.4,2.6203534430225606,4611.9,6.0987393024753755,4.1,107.2,False,6.7,,,99.147,7.540539074787156,6.034,,,,0.14765408116296888,0.1980856133897876,0.17286984727637825
1999-12,1999-12-01,,58.34336,,4.55,1.99,1531105.96,7.748754106660538,5.3,7.912000000000001,0.1709090909090909,False,168.8,2.676399026763998,4639.1,6.024454348074504,4.0,105.4,False,6.7,,,99.541,7.679409792085856,6.275454545454545,,,,0.14696035409377847,0.11155984709602874,0.12926010059490362
2000-01,2000-01-01,,57.72134,,4.43,1.95,1538520.18,7.495841376871115,5.45,8.21,0.221,False,169.3,2.792956891317555,4666.1,6.006770111547821,4.0,112.0,False,1.5,,,100.0,7.859739195150639,6.661,,,,-0.050585982538314984,0.24130339136080517,0.0953587044112451
2000-02,2000-02-01,,57.72134,,4.43,1.95,1549185.29,7.484188444939011,5.73,8.325,-0.091,True,170.0,3.2179720704310855,4678.7,5.7644053620272695,4.1,111.3,False,1.5,,,100.571,8.164121316412132,6.519499999999999,,,,-0.050357049427506774,0.4728443064901707,0.21124362853133194
2000-03,2000-03-01,,57.72134,,4.43,1.95,1561450.69,7.621027233687228,5.85,8.24,-0.2717391304347826,True,171.0,3.762135922330101,4709.1,6.297826234170789,4.0,107.1,False,1.5,,,101.466,8.39226578357013,6.256521739130435,,,,-0.05013119639231616,0.5919173529692308,0.2708930782884573
2000-04,2000-04-01,,55.48491,,4.51,1.98,1570527.74,7.742295983927283,6.02,8.1525,-0.4131578947368421,True,170.9,3.013863773357439,4766.4,6.87235139801341,3.8,109.2,False,7.5,,,102.54,8.582622968179177,5.990526315789474,,,,0.08317891756861277,0.7546960105538956,0.41893746406125415
2000-05,2000-05-01,,55.48491,,4.51,1.98,1583507.92,7.857615119242056,6.27,8.515,-0.3690909090909091,True,171.2,3.1325301204819134,4757.5,6.0072639764700675,4.0,110.7,False,7.5,,,103.701,8.746854026845629,6.440454545454545,,,,0.0828107943944724,0.9857540774964986,0.5342824359454855
2000-06,2000-06-01,,55.48491,,4.51,1.98,1609548.04,8.803580834950054,6.53,8.288,-0.3845454545454546,True,172.2,3.7349397590361377,4775.8,5.891221924125856,4.0,106.4,False,7.5,,,104.856,8.81354876871827,6.097272727272728,,,,0.08244751582363122,1.235423945452395,0.6589357306380131
2000-07,2000-07-01,,54.99213,,4.53,2.09,1629751.44,9.205032292095506,6.54,8.1475,-0.28500000000000003,True,172.7,3.5992801439711952,4793.4,5.637341325810974,4.0,108.3,False,0.4,,,105.723,8.77747139682279,6.054,,,,0.11580859598926703,1.2823896805303128,0.6990991382597899
2000-08,2000-08-01,,54.99213,,4.53,2.09,1651615.4,9.871351997953237,6.5,8.0275,-0.4026086956521739,True,172.7,3.3512866546977715,4820.4,5.8591004919184675,4.1,107.3,False,0.4,,,106.523,8.811301674208604,5.826086956521739,,,,0.11530597629721973,1.2893482664963125,0.7023271213967661
2000-09,2000-09-01,,54.99213,,4.53,2.09,1669000.81,10.452372992969195,6.52,7.912000000000001,-0.28250000000000003,True,173.6,3.45649582836709,4855.9,6.267644162380992,3.9,106.8,False,0.4,,,107.137,8.880171546458815,5.799,,,,0.11480984489930568,1.3526211692847274,0.7337155070920165
2000-10,2000-10-01,,54.2579,,4.57,2.23,1684599.32,11.027449659764255,6.51,7.795,-0.1738095238095238,True,173.9,3.4503271861986873,4871.4,6.06370702606196,3.9,105.8,False,2.4,,,107.729,9.003247968754735,5.738571428571428,,,,0.18263332466278476,1.3899954797392977,0.7863144022010412
2000-11,2000-11-01,,54.2579,,4.57,2.23,1700944.54,11.512893021846327,6.51,7.745,-0.15809523809523812,True,174.2,3.444180522565321,4882.6,5.869598213317739,3.9,107.6,False,2.4,,,108.292,9.223677973110632,5.717142857142857,,,,0.18184516876884738,1.428175284584059,0.8050102266764532
2000-12,2000-12-01,,54.2579,,4.57,2.23,1716969.72,12.139183365206163,6.4,7.382,-0.1115,True,174.6,3.4360189573459543,4927.3,6.212411890237335,3.9,98.4,False,2.4,,,108.792,9.293657889713792,5.2405,,,,0.1810671321452511,1.350251927862124,0.7656595300036875
2001-01,2001-01-01,,55.14434,,4.81,2.34,1729851.68,12.436073474187381,5.98,7.0325,0.40095238095238095,False,175.6,3.7212049616065945,4976.8,6.658665695120125,4.2,94.7,False,-1.3,,,109.215,9.214999999999996,5.160952380952381,,,,0.6084023592748642,0.9740381168085237,0.791220238041694
2001-02,2001-02-01,,55.14434,,4.81,2.34,1748702.02,12.878816451968756,5.49,7.05,0.4421052631578948,False,176.0,3.529411764705892,5014.9,7.185756727296044,4.2,90.6,False,-1.3,,,109.643,9.02049298505534,5.098947368421053,,,,0.6190856913693616,0.5189513279044947,0.5690185096369282
2001-03,2001-03-01,,55.14434,,4.81,2.34,1760541.84,12.750396235695426,5.31,6.952,0.5431818181818181,False,176.1,2.9824561403508643,5072.2,7.710602875284023,4.3,91.5,False,-1.3,,,110.395,8.799992115585509,4.885454545454546,,,,0.629970205418268,0.35578363979517746,0.4928769226067227
2001-04,2001-04-01,,54.03165,,4.94,2.41,1773098.33,12.898249731010814,4.8,7.0775,0.907,False,176.4,3.2182562902282053,5137.9,7.7941423296408185,4.4,88.4,True,2.5,,,111.247,8.49132046030816,5.141,,,,0.8778438426125916,-0.1234751009787703,0.37718437081691064
2001-05,2001-05-01,,54.03165,,4.94,2.41,1781177.46,12.483015557004595,4.21,7.145,1.1313636363636363,False,177.3,3.5630841121495394,5139.1,8.021019442984766,4.3,92.0,True,2.5,,,112.202,8.197606580457272,5.391363636363637,,,,0.8959075346120267,-0.677714121810389,0.10909670640081881
2001-06,2001-06-01,,54.03165,,4.94,2.41,1792368.09,11.35847116436488,3.97,7.159999999999999,1.2042857142857142,False,177.7,3.193960511033689,5182.3,8.511662967460953,4.5,92.6,True,2.5,,,113.272,8.026245517662334,5.284285714285714,,,,0.914565740315929,-0.8931535278359686,0.010706106239980195
2001-07,2001-07-01,,54.79763,,5.0,2.19,1797350.57,10.283723387905109,3.77,7.1275,1.1976190476190476,False,177.4,2.7214823393167498,5212.0,8.732840989694179,4.6,92.4,True,-1.6,,,114.228,8.044607133736271,5.236190476190477,,,,1.0374451047733497,-1.0672897832300152,-0.014922339228332748
2001-08,2001-08-01,,54.79763,,5.0,2.19,1806359.04,9.369229664484857,3.65,6.95,1.2139130434782608,False,177.4,2.7214823393167498,5244.4,8.795950543523357,4.9,91.5,True,-1.6,,,114.989,7.947579395998994,4.971304347826087,,,,1.0506364812390938,-1.162399231876166,-0.0558813753185361
2001-09,2001-09-01,,54.79763,,5.0,2.19,1814252.38,8.702905902124748,3.07,6.8175,1.6129411764705883,False,178.1,2.5921658986175045,5355.9,10.296752404291688,5.0,81.8,True,-1.6,,,115.465,7.77322493629653,4.731764705882353,,,,1.0641194436065324,-1.6798199519897974,-0.3078502541916325
2001-10,2001-10-01,,55.75216,,4.69,2.26,1829840.26,8.621690527573044,2.49,6.6175,1.8409090909090908,False,177.6,2.127659574468077,5344.0,9.701523176089012,5.3,82.7,True,1.1,,,115.681,7.381485022603007,4.566818181818181,,,,0.49829516909399363,-2.1638797383474806,-0.8327922846267435
2001-11,2001-11-01,,55.75216,,4.69,2.26,1857842.79,9.224183758513371,2.09,6.6579999999999995,1.8690000000000002,False,177.5,1.894374282433997,5387.5,10.34080203170442,5.5,83.9,True,1.1,,,115.837,6.967273667491591,4.6515,,,,0.5139448700852293,-2.4491163541561636,-0.9675857420354672
2001-12,2001-12-01,,55.75216,,4.69,2.26,1867852.87,8.787758353711684,1.82,7.0649999999999995,1.9805,False,177.4,1.603665521191311,5440.1,10.407322468694824,5.7,88.8,False,1.1,,,116.054,6.675123170821373,5.0875,,,,0.5300733412229263,-2.597132485711687,-1.0335295722443805
2002-01,2002-01-01,,55.6965,,4.94,2.24,1867418.69,7.952532092231168,1.73,6.9975,2.0076190476190474,False,177.7,1.1958997722095743,5459.6,9.701012698923005,5.7,93.0,False,3.4,,,116.436,6.61172915808268,5.035714285714286,,,,1.02734019201283,-2.587509219882644,-0.780084513934907
2002-02,2002-02-01,,55.6965,,4.94,2.24,1881905.37,7.617269750737754,1.74,6.8925,1.8963157894736842,False,178.0,1.1363636363636465,5488.4,9.441863247522386,5.7,90.7,False,3.4,,,116.917,6.634258456992237,4.911578947368421,,,,1.0403521432189908,-2.4975913400161303,-0.7286195983985697
2002-03,2002-03-01,,55.6965,,4.94,2.24,1894690.33,7.6197274584510755,1.73,7.014,1.7265000000000001,False,178.5,1.3628620102214661,5499.8,8.430266945309729,5.7,95.7,False,3.4,,,117.93,6.825490284886104,5.284000000000001,,,,1.053648271454785,-2.4312656902942176,-0.6888087094197163
2002-04,2002-04-01,,56.27087,,4.78,2.16,1903957.99,7.38028217532638,1.75,6.985,1.7881818181818183,False,179.3,1.643990929705219,5501.3,7.072928628427966,5.9,93.0,False,2.5,,,119.209,7.157046931602662,5.210909090909091,,,,0.7461076935995437,-2.351154400435018,-0.8025233534177373
2002-05,2002-05-01,,56.27087,,4.78,2.16,1914613.99,7.49147869859077,1.75,6.806,1.9004545454545456,False,179.5,1.2408347433727984,5530.1,7.6083360899768415,5.8,96.9,False,2.5,,,120.788,7.652270013012252,5.164545454545455,,,,0.7557576020518253,-2.2897312887260313,-0.766986843337103
2002-06,2002-06-01,,56.27087,,4.78,2.16,1927180.98,7.521495765972941,1.75,6.65,1.9335,False,179.6,1.0692177827799743,5555.3,7.1975763657063485,5.8,92.4,False,2.5,,,122.334,8.000211879370012,4.9265,,,,0.7655676223078526,-2.233010079345462,-0.7337212285188046
2002-07,2002-07-01,,56.7026,,4.89,2.1,1939211.4,7.892774641065148,1.73,6.485,2.096363636363636,False,180.0,1.465614430665152,5597.6,7.398311588641593,5.8,88.1,False,1.6,,,123.688,8.281682249536026,4.653181818181818,,,,0.9904676770032119,-2.2031375871038734,-0.6063349550503307
2002-08,2002-08-01,,56.7026,,4.89,2.1,1947500.09,7.813565679611512,1.74,6.29,2.1236363636363635,False,180.5,1.747463359639223,5638.5,7.5146823278163355,5.7,87.6,False,1.6,,,124.731,8.472114724017077,4.257272727272727,,,,0.9936255551015489,-2.152055667362813,-0.579215056130632
2002-09,2002-09-01,,56.7026,,4.89,2.1,1950651.39,7.518193802782824,1.75,6.0925,1.8655000000000002,False,180.8,1.516002245929271,5662.9,5.73199648985232,5.7,86.1,False,1.6,,,125.495,8.686614991555874,3.87,,,,0.9967989795358382,-2.1050603597706257,-0.5541306901173937
2002-10,2002-10-01,,57.91028,,4.84,1.99,1957151.3,6.957494748749271,1.75,6.1125,2.0290909090909093,False,181.2,2.0270270270270174,5707.3,6.798278443113781,5.7,80.6,False,0.5,,,126.138,9.03951383546131,3.940909090909091,,,,0.8912778119770024,-2.069461895270869,-0.5890920416469333
2002-11,2002-11-01,,57.91028,,4.84,1.99,1965179.13,5.77747162341975,1.34,6.068,2.125263157894737,False,181.5,2.2535211267605604,5758.0,6.877030162412989,5.9,84.2,False,0.5,,,126.644,9.32948885071263,4.048421052631579,,,,0.8870821309230775,-2.3124108113394573,-0.7126643402081898
2002-12,2002-12-01,,57.91028,,4.84,1.99,1972112.21,5.58177475723769,1.24,6.0475,2.1961904761904765,False,181.8,2.4802705749718212,5779.0,6.229664895865872,6.0,86.7,False,0.5,,,127.152,9.562789735812638,4.032380952380952,,,,0.8829109130449296,-2.33207792060589,-0.7245835037804802
2003-01,2003-01-01,,57.81906,,4.68,1.98,1982561.31,6.165870600770318,1.24,5.9159999999999995,2.305238095238095,False,182.6,2.757456387169399,5811.1,6.438200600776622,5.8,82.4,False,2.1,,,127.653,9.633618468514893,4.048571428571428,,,,0.5588645973832008,-2.2815777620022666,-0.8613565823095328
2003-02,2003-02-01,,57.81906,,4.68,1.98,1993405.69,5.924863267699787,1.26,5.8425,2.274736842105263,False,183.6,3.146067415730336,5846.8,6.530136287442612,5.9,79.9,False,2.1,,,128.326,9.758204538262172,3.9026315789473687,,,,0.5571622878212928,-2.220709948045762,-0.8317738301122346
2003-03,2003-03-01,,57.81906,,4.68,1.98,2001208.15,5.621911840337512,1.25,5.745,2.2333333333333334,False,183.9,3.025210084033625,5866.3,6.663878686497693,5.9,77.6,False,2.1,,,129.308,9.648096328330347,3.8071428571428574,,,,0.5554634137483363,-2.1814105330402285,-0.8129735596459461
2003-04,2003-04-01,,58.96101,,4.53,1.83,2014099.78,5.784885516302807,1.26,5.8125,2.336190476190476,False,183.2,2.175125488008911,5904.9,7.336447748713937,6.0,86.0,False,3.6,,,130.488,9.46153394458471,3.958571428571428,,,,0.25262675334030094,-2.1332631287606034,-0.9403181877101512
2003-05,2003-05-01,,58.96101,,4.53,1.83,2027502.51,5.8961503775494695,1.26,5.484,2.1538095238095236,False,182.9,1.8941504178273005,5967.0,7.9003996311097335,6.1,92.1,False,3.6,,,131.839,9.14908765771434,3.5690476190476192,,,,0.251400077402422,-2.0929073373555265,-0.9207536299765522
2003-06,2003-06-01,,58.96101,,4.53,1.83,2033268.41,5.504798516639564,1.22,5.23,2.107142857142857,False,183.1,1.948775055679297,6003.9,8.075171457887054,6.3,89.7,False,3.6,,,133.225,8.9026762796933,3.334285714285714,,,,0.25017428641999584,-2.0778757578839437,-0.913850735731974
2003-07,2003-07-01,,58.64541,,4.24,1.73,2040064.39,5.200721798562036,1.01,5.6325,2.5013636363636365,False,183.7,2.055555555555544,6050.4,8.089181077604678,6.2,90.9,False,6.8,,,134.647,8.860196623763006,3.975454545454546,,,,-0.33568916994528675,-2.1635131574586572,-1.249601163701972
2003-08,2003-08-01,,58.64541,,4.24,1.73,2049124.34,5.2181897460143345,1.03,6.264,2.580952380952381,False,184.5,2.216066481994461,6107.0,8.308947415092671,6.1,89.3,False,6.8,,,135.965,9.006582164818688,4.4452380952380945,,,,-0.33882880501124435,-2.107389283970922,-1.223109044491083
2003-09,2003-09-01,,58.64541,,4.24,1.73,2057090.79,5.456608010311892,1.01,6.1475,2.568095238095238,False,185.1,2.378318584070782,6080.0,7.365484115912357,6.1,87.7,False,6.8,,,137.076,9.228256105820943,4.274285714285715,,,,-0.34198004911294305,-2.076438457875648,-1.2092092534942955
2003-10,2003-10-01,,59.44466,,4.43,1.77,2065495.1,5.535790717866318,1.01,5.952,2.5427272727272725,False,184.9,2.041942604856528,6070.2,6.358523294727791,6.0,89.6,False,4.7,,,137.976,9.384959330257336,4.290454545454545,,,,0.032758689288122464,-2.036580463985546,-1.0019108873487117
2003-11,2003-11-01,,59.44466,,4.43,1.77,2066400.09,5.150724351525149,1.0,5.9325,2.373333333333333,False,185.0,1.9283746556473913,6075.5,5.514067384508503,5.8,93.7,False,4.7,,,138.766,9.571712832822698,4.300000000000001,,,,0.02408454746898717,-2.0036762406712945,-0.9897958466011536
2003-12,2003-12-01,,59.44466,,4.43,1.77,2077360.69,5.336840341351579,0.98,5.8759999999999994,2.3604545454545454,False,185.5,2.0352035203520247,6073.5,5.096037376708784,5.7,92.6,False,4.7,,,139.628,9.811878696363397,4.267727272727273,,,,0.015334499811484307,-1.978329505751969,-0.9814975029702423
2004-01,2004-01-01,,59.8071,,4.21,1.64,2088243.04,5.3305655399882745,1.0,5.7125,2.3895,False,186.3,2.026286966046009,6081.3,4.6497220835986175,5.7,103.8,False,2.3,,,140.705,10.224593233218183,4.1505,,,,-0.44991292071301886,-1.9307571130872823,-1.1903350169001505
2004-02,2004-02-01,,59.8071,,4.21,1.64,2095340.36,5.113593811403239,1.01,5.635,2.3442105263157895,False,186.7,1.688453159041381,6120.7,4.684613805842508,5.6,94.4,False,2.3,,,142.028,10.677493259355074,4.084210526315789,,,,-0.4658165636360907,-1.8886230458252218,-1.1772198047306563
2004-03,2004-03-01,,59.8071,,4.21,1.64,2109720.32,5.422333004190483,1.0,5.445,2.248695652173913,False,187.1,1.7400761283306032,6156.3,4.943490786355964,5.8,95.8,False,2.3,,,144.079,11.423113805797014,3.826521739130435,,,,-0.4822211885916693,-1.858158148552285,-1.170189668571977
2004-04,2004-04-01,,60.05487,,4.15,1.6,2112716.15,4.89630012272777,1.0,5.83,2.276666666666667,False,187.4,2.2925764192139875,6198.5,4.972141780555139,5.6,94.2,False,3.1,,,146.18,12.025626877567298,4.347619047619047,,,,-0.6395605209936011,-1.8216535393128832,-1.2306070301532421
2004-05,2004-05-01,,60.05487,,4.15,1.6,2120839.15,4.603527716471234,1.0,6.27,2.182,False,188.2,2.8977583378895444,6277.2,5.198592257415791,5.6,90.2,False,3.1,,,148.335,12.51223082699353,4.7155000000000005,,,,-0.6719508009954658,-1.7836126055782617,-1.2277817032868636
2004-06,2004-06-01,,60.05487,,4.15,1.6,2127989.41,4.658558581549999,1.03,6.2875,1.9704761904761903,False,188.9,3.1676679410158393,6279.3,4.5870184380153,5.6,95.6,False,3.1,,,150.519,12.981047100769395,4.733809523809524,,,,-0.7067347674979756,-1.730534835806814,-1.218634801652395
2004-07,2004-07-01,,59.96643,,4.07,1.56,2137092.98,4.756153309455113,1.26,6.056,1.8595238095238094,False,189.1,2.939575394665228,6292.3,3.9980827713870237,5.5,96.7,False,3.8,,,152.338,13.138799973263415,4.498095238095239,,,,-0.9325144395981259,-1.577650652692921,-1.2550825461455235
2004-08,2004-08-01,,59.96643,,4.07,1.56,2143435.12,4.602491813649534,1.43,5.8675,1.7731818181818182,False,189.2,2.5474254742547275,6317.7,3.4501391845423335,5.4,95.9,False,3.8,,,153.814,13.127643143456025,4.281363636363636,,,,-0.9793663737417103,-1.4612743101538048,-1.2203203419477575
2004-09,2004-09-01,,59.96643,,4.07,1.56,2160148.3,5.009866871262392,1.61,5.754,1.6004761904761904,False,189.8,2.5391680172879516,6352.3,4.478618421052638,5.4,94.2,False,3.8,,,155.108,13.154746272141015,4.1257142857142854,,,,-1.030824497236479,-1.3435749790537477,-1.1871997381451134
2004-10,2004-10-01,,60.63713,,4.03,1.41,2176719.34,5.384870678221398,1.76,5.7225,1.5125,False,190.8,3.1909140075716547,6379.9,5.101973575829466,5.5,91.7,False,4.1,,,156.298,13.279121006551865,4.0969999999999995,,,,-1.1860185397866962,-1.244948330196979,-1.2154834349918375
2004-11,2004-11-01,,60.63713,,4.03,1.41,2183746.35,5.678777336870899,1.93,5.73,1.342,False,191.7,3.621621621621607,6406.3,5.444819356431574,5.4,92.8,False,4.1,,,157.496,13.497542625715253,4.194,,,,-1.2463258841989744,-1.1381413968683907,-1.1922336405336824
2004-12,2004-12-01,,60.63713,,4.03,1.41,2192246.17,5.530357850374079,2.16,5.752,1.219090909090909,False,191.7,3.3423180592991875,6424.3,5.775911747756646,5.4,97.1,False,4.1,,,158.67,13.637665797691012,4.2309090909090905,,,,-1.3135617425108366,-1.0035347132614072,-1.1585482278861219
2005-01,2005-01-01,86.65598349592,60.91302,14.799802,3.7,1.42,2196777.63,5.197411791684936,2.28,5.71,0.999,False,191.6,2.8448738593666034,6429.9,5.732326969562429,5.3,95.5,False,4.5,,,160.13,13.80547954941187,4.221500000000001,,,,-2.2747293695898176,-0.9268412958987393,-1.6007853327442785
2005-02,2005-02-01,86.65598349592,60.91302,14.799802,3.7,1.42,2211558.71,5.54651417109151,2.5,5.6275,0.7805263157894737,False,192.4,3.0530262453133394,6437.7,5.179146176090965,5.4,94.1,False,4.5,,,161.925,14.009209451657444,4.165263157894737,,,,-2.3116292626789097,-0.8004926120708284,-1.556060937374869
2005-03,2005-03-01,86.65598349592,60.91302,14.799802,3.7,1.42,2220199.19,5.236659520822173,2.63,5.928,0.770909090909091,False,193.1,3.2068412613575736,6446.6,4.715494696489775,5.2,92.6,False,4.5,,,164.577,14.226917177381848,4.497727272727273,,,,-2.350104283456491,-0.720975590952657,-1.535539937204574
2005-04,2005-04-01,89.18058623228418,60.64153,14.828576,3.67,1.55,2232535.38,5.671335924610599,2.79,5.855,0.6871428571428572,False,193.7,3.3617929562433257,6461.4,4.241348713398407,5.2,87.7,False,2.0,,,167.001,14.2433985497332,4.3409523809523805,,,,-2.4328024334327742,-0.6267356679466781,-1.5297690506897261
2005-05,2005-05-01,89.18058623228418,60.64153,14.828576,3.67,1.55,2232671.52,5.273024595005249,3.0,5.72,0.5004761904761905,False,193.6,2.869287991498415,6480.6,3.2402982221372723,5.1,86.9,False,2.0,,,169.546,14.299389894495551,4.144285714285714,,,,-2.4278092753851803,-0.507490149509287,-1.4676497124472336
2005-06,2005-06-01,89.18058623228418,60.64153,14.828576,3.67,1.55,2247833.43,5.631795883796253,3.04,5.582,0.3577272727272727,False,193.7,2.541026998411855,6513.2,3.724937493032665,5.0,96.0,False,2.0,,,172.017,14.282582265361832,3.998181818181818,,,,-2.422842304216794,-0.47583419941556926,-1.4493382518161817
2005-07,2005-07-01,91.88490091416652,60.35856,15.139959,3.9,1.59,2257230.94,5.621559806911169,3.26,5.695,0.3065,False,194.9,3.067160232681121,6545.1,4.017608823482677,5.0,96.5,False,3.2,,,174.099,14.28468274494874,4.1775,,,,-1.7590144044518616,-0.35187621085762244,-1.055445307654742
2005-08,2005-08-01,91.88490091416652,60.35856,15.139959,3.9,1.59,2267044.88,5.766900003019448,3.5,5.82,0.21826086956521742,False,196.1,3.6469344608879517,6576.7,4.099593206388397,4.9,89.1,False,3.2,,,175.924,14.37450427139273,4.262608695652174,,,,-1.7641932044340745,-0.218103669736186,-0.9911484370851302
2005-09,2005-09-01,91.88490091416652,60.35856,15.139959,3.9,1.59,2271633.28,5.1609873266571515,3.62,5.774,0.2528571428571429,False,198.8,4.741833508956805,6610.2,4.059946790926117,5.0,76.9,False,3.2,,,177.612,14.508600459034993,4.199047619047619,,,,-1.769407054194151,-0.14656980391170907,-0.95798842905293
2005-10,2005-10-01,94.17585434689244,61.32008,15.02855,3.54,1.64,2276843.14,4.599756990260406,3.78,6.065,0.1925,False,199.1,4.350104821802936,6644.0,4.139563316039441,5.0,74.2,False,2.2,,,178.754,14.36742632663246,4.4635,,,,-2.7526485768548943,-0.054286772749945575,-1.40346767480242
2005-11,2005-11-01,94.17585434689244,61.32008,15.02855,3.54,1.64,2283661.27,4.5753903606982504,4.0,6.33,0.11850000000000001,False,198.1,3.3385498174230532,6660.6,3.9695299939122464,5.0,81.6,False,2.2,,,179.676,14.082897343424584,4.535,,,,-2.686176141614455,0.06967084893411948,-1.3082526463401678
2005-12,2005-12-01,94.17585434689244,61.32008,15.02855,3.54,1.64,2290928.13,4.501408708128785,4.16,6.272,0.06285714285714286,False,198.1,3.3385498174230532,6687.4,4.095387824354391,4.9,91.5,False,2.2,,,180.109,13.51169093086282,4.467142857142857,,,,-2.6237048609204536,0.16112405132718305,-1.2312904047966353
2006-01,2006-01-01,91.5265931266105,61.55642,14.989443,3.86,1.61,2367471.08,7.770174262016694,4.29,6.145,0.020499999999999997,False,199.3,4.018789144050117,6728.4,4.642373909392061,4.7,91.2,False,5.5,,,180.828,12.925747829888223,4.416,100.00000454545456,,,-1.7287990918282454,0.23643941867372553,-0.74617983657726
2006-02,2006-02-01,91.5265931266105,61.55642,14.989443,3.86,1.61,2374977.32,7.38929557967738,4.49,6.2525,-0.09947368421052633,True,199.4,3.63825363825363,6753.1,4.899265265545161,4.8,86.7,False,5.5,,,181.499,12.08831249035045,4.568947368421052,100.21117000000001,,,-1.714236566331694,0.34669028291864046,-0.6837731417065268
2006-03,2006-03-01,91.5265931266105,61.55642,14.989443,3.86,1.61,2385807.89,7.459182074559734,4.59,6.324,-0.009999999999999998,True,199.7,3.4179181771103018,6766.9,4.9685105326838785,4.7,88.9,False,5.5,,,182.749,11.041640083365234,4.7239130434782615,100.42808695652174,,,-1.6999395908049468,0.4039577892417849,-0.647990900781581
2006-04,2006-04-01,94.10931121341092,61.22142,15.044255,4.13,1.62,2397680.6,7.397205055715639,4.79,6.5075,0.10157894736842105,False,200.7,3.613835828600931,6806.3,5.337852477791194,4.7,87.4,False,1.0,,,183.648,9.968203783210882,4.990526315789474,99.74348,,,-0.9652751470053949,0.5132886116211276,-0.22599326769213363
2006-05,2006-05-01,94.10931121341092,61.22142,15.044255,4.13,1.62,2407161.45,7.815297881347094,4.94,6.5975,0.14181818181818182,False,201.3,3.9772727272727293,6815.7,5.170817516896564,4.6,79.1,False,1.0,,,184.38,8.749247991695475,5.11,97.51177391304348,,,-0.9597775454736747,0.595360930469428,-0.18220830750212336
2006-06,2006-06-01,94.10931121341092,61.22142,15.044255,4.13,1.62,2395813.18,6.583216888984511,4.99,6.6819999999999995,-0.015454545454545453,True,201.8,4.1817243159525175,6854.0,5.232451022538842,4.6,84.9,False,1.0,,,184.547,7.284163774510666,5.106363636363636,98.69272272727272,,,-0.9543218906597031,0.6239136220082045,-0.16520413432574926
2006-07,2006-07-01,96.45870610035033,61.3328,15.367228,4.12,1.74,2403099.25,6.462267879422212,5.24,6.7625,-0.031,True,202.9,4.104669061056954,6896.1,5.362790484484581,4.7,84.7,False,0.6,,,184.607,6.035646385102744,5.0875,98.4387142857143,,,-0.9696672194443904,0.7589622719164796,-0.1053524737639554
2006-08,2006-08-01,96.45870610035033,61.3328,15.367228,4.12,1.74,2415732.03,6.55863284012268,5.25,6.523999999999999,-0.026956521739130435,True,203.8,3.926568077511483,6926.4,5.317256374777624,4.7,82.0,False,0.6,,,184.404,4.820263295513971,4.8765217391304345,97.7137652173913,,,-0.9583662977061165,0.7641091940010986,-0.09712855185250896
2006-09,2006-09-01,96.45870610035033,61.3328,15.367228,4.12,1.74,2426813.23,6.831206047483174,5.25,6.4025,-0.05,True,202.8,2.012072434607637,6952.8,5.1828991558500626,4.5,85.4,False,0.6,,,184.197,3.7075197621782463,4.718999999999999,97.98136190476191,,,-0.9472207961509629,0.7644663118661125,-0.09137724214242521
2006-10,2006-10-01,98.37016850516808,61.82689,15.509711,3.95,1.92,2429399.86,6.700361448703029,5.25,6.3575,-0.06666666666666668,True,201.9,1.4063284781516971,7002.1,5.38982540638171,4.4,93.6,False,3.5,,,184.053,2.9644091880461465,4.729047619047619,98.31565454545454,,,-1.3728182497568666,0.764395426796926,-0.30421141147997033
2006-11,2006-11-01,98.37016850516808,61.82689,15.509711,3.95,1.92,2440749.07,6.8787697222714606,5.25,6.24,-0.14523809523809525,True,202.0,1.9687026754164672,7037.3,5.655646638440981,4.5,92.1,False,3.5,,,183.63,2.200627796700738,4.595238095238095,97.51328181818181,,,-1.3487103626336667,0.7648247247738833,-0.2919428189298917
2006-12,2006-12-01,98.37016850516808,61.82689,15.509711,3.95,1.92,2456715.7,7.236698865799873,5.24,6.135,-0.10900000000000001,True,203.1,2.5239777889954462,7079.3,5.860274546161448,4.4,91.7,False,3.5,,,183.228,1.7317291195886986,4.5645,96.79507142857143,1.5334722685798494,1.791297068370753,-1.3252823169341499,0.759820065546761,0.6898267713908034
2007-01,2007-01-01,95.1535658151545,62.25297,15.526607,3.98,2.08,2457945.58,3.8215672733793227,5.25,6.2175,-0.11666666666666667,True,203.437,2.075765178123423,7115.6,5.754711372688903,4.6,96.9,False,1.2,,,182.716,1.044086092861729,4.7595238095238095,97.83377727272727,0.6306234126034373,1.7075641031515838,-1.2260811823992248,0.7651812937390118,0.4693219067737021
2007-02,2007-02-01,95.1535658151545,62.25297,15.526607,3.98,2.08,2470049.92,4.003095069556295,5.26,6.285,-0.12631578947368421,True,204.226,2.420260782347028,7131.9,5.609275740030495,4.5,91.3,False,1.2,,,182.468,0.5338872390481475,4.722631578947369,97.47642499999999,0.6140003463935272,1.585684841549699,-1.2051665456858274,0.7700472761281818,0.4411414795963951
2007-03,2007-03-01,95.1535658151545,62.25297,15.526607,3.98,2.08,2484433.18,4.133831999356841,5.26,6.156000000000001,-0.009090909090909092,True,205.288,2.798197295943927,7164.7,5.878615023127276,4.4,88.4,False,1.2,,,182.19,-0.30588402672517834,4.5645454545454545,97.01175454545455,0.5986379920038123,1.4868574898792508,-1.1847437481177723,0.7709915193441599,0.4179358132773627
2007-04,2007-04-01,97.22074028015268,61.57219,15.63251,4.02,2.29,2493729.77,4.005920137986685,5.25,6.18,0.027619047619047623,False,205.904,2.5929247633283525,7239.9,6.370568443941638,4.5,87.1,False,2.5,,,182.128,-0.8276703258407458,4.6938095238095245,95.6322,1.1388707492505379,1.7461417695764276,-1.064604580991195,0.7675430021581086,0.6469877349984697
2007-05,2007-05-01,97.22074028015268,61.57219,15.63251,4.02,2.29,2510016.06,4.272858806375446,5.25,6.2620000000000005,-0.02,True,206.755,2.709885742672613,7257.1,6.47622401220711,4.4,88.3,False,2.5,,,181.882,-1.354810716997501,4.746363636363636,94.72254782608697,1.0946784571950312,1.6302888788532526,-1.0471002515600822,0.7693862593976338,0.6118133359714588
2007-06,2007-06-01,97.22074028015268,61.57219,15.63251,4.02,2.29,2519121.04,5.146806146212102,5.25,6.657500000000001,0.12238095238095237,False,207.234,2.692765113974227,7290.6,6.370002918004092,4.6,85.3,False,2.5,,,181.538,-1.6304789565801614,5.102857142857142,94.44490952380953,1.0553114274986097,1.5349630901880287,-1.0299160318579392,0.7716964962497788,0.5830137455196195
2007-07,2007-07-01,98.85085583018117,61.84826,15.712123,4.41,2.71,2533667.67,5.433334474221141,5.26,6.695,0.18523809523809526,False,207.603,2.3178905864958077,7321.8,6.173054335058947,4.7,90.4,False,2.3,,,180.992,-1.9582139355495798,5.0042857142857144,93.20591363636363,1.436648085441323,1.6906981071714882,-0.033298418486565985,0.7790176543650172,0.9682663571228156
2007-08,2007-08-01,98.85085583018117,61.84826,15.712123,4.41,2.71,2552767.07,5.672609308409093,5.02,6.572,0.3617391304347826,False,207.667,1.897448478900876,7397.0,6.794294294294301,4.6,83.4,False,2.3,,,180.234,-2.261339233422266,4.674782608695652,93.76029565217392,1.3698456741035774,1.5930380603434986,-0.027204985576112277,0.6533375113031091,0.8972540650435183
2007-09,2007-09-01,98.85085583018117,61.84826,15.712123,4.41,2.71,2566995.36,5.776387250039838,4.94,6.3825,0.51,False,208.547,2.8338264299802685,7413.8,6.6304222759176135,4.7,83.4,False,2.3,,,179.121,-2.7557452075766653,4.521578947368421,92.436595,1.3116438710212805,1.5106664261957097,-0.021086712539766236,0.6141709144704137,0.8538486247869095
2007-10,2007-10-01,100.2071195398725,62.71924,15.846367,4.6,3.1,2582326.03,6.294812662086846,4.76,6.375,0.56,False,209.19,3.610698365527476,7429.0,6.0967424058496755,4.7,80.9,False,2.5,,,177.529,-3.544631166022827,4.527727272727272,90.40017826086957,1.5853680967458652,1.807512972172971,0.47058263350083873,0.5214571109540442,1.0962302033434297
2007-11,2007-11-01,100.2071195398725,62.71924,15.846367,4.6,3.1,2597649.3,6.428363813736904,4.49,6.208,0.8119999999999999,False,210.834,4.373267326732666,7454.0,5.921305045969327,4.7,76.1,False,2.5,,,175.161,-4.611991504656099,4.1485,89.05299545454545,1.5084256312666748,1.7022954704999285,0.4766740402362798,0.38096668579275406,1.0170904569489094
2007-12,2007-12-01,100.2071195398725,62.71924,15.846367,4.6,3.1,2609476.53,6.218091495080191,4.24,6.095,0.9804999999999999,False,211.445,4.108813392417532,7482.7,5.698303504583779,5.0,75.5,False,2.5,,,173.336,-5.398738184120333,4.0975,90.00495714285714,1.4417712167465864,1.6136466913070273,0.48282218633506996,0.25163316629546406,0.947468315171037
2008-01,2008-01-01,99.11033625933912,64.17278,15.775857,4.77,3.67,2619427.65,6.569798424910611,3.94,5.758,1.2685714285714287,False,212.174,4.294695655165981,7513.6,5.593344201472816,5.0,78.4,True,-1.7,,,171.076,-6.3705422623087316,3.744285714285714,89.39711739130435,1.128989478502075,1.3551663338343944,0.9213546418742401,0.09574245417880631,0.8753132270973789
2008-02,2008-02-01,99.11033625933912,64.17278,15.775857,4.77,3.67,2634496.42,6.657618482463712,2.98,5.9175,1.7645,False,212.687,4.142959270611968,7600.3,6.567674813163404,4.9,70.8,True,-1.7,,,169.189,-7.277440427910642,3.7375,88.6434380952381,1.0957154401380809,1.3056711036296285,0.9209580722324388,-0.4197426905727194,0.7256504813568573
2008-03,2008-03-01,99.11033625933912,64.17278,15.775857,4.77,3.67,2645603.64,6.487212507764051,2.61,5.97,1.893,False,213.448,3.9749035501344343,7664.9,6.981450723686966,5.1,69.5,True,-1.7,,,167.9,-7.84346012404632,3.5100000000000002,86.83986666666667,1.0652427380819522,1.2612688646427987,0.9205617374271925,-0.6112357325432094,0.6589594019021835
2008-04,2008-04-01,98.7840025457266,63.85172,15.326612,4.9,4.36,2654243.23,6.436682191110066,2.28,5.9175,1.627727272727273,False,213.942,3.9037609759888126,7711.4,6.512520891172535,5.0,62.6,True,2.4,,,167.316,-8.132741807959231,3.675,86.54753636363635,0.9599562421638109,0.00951914829896762,1.2489397196227512,-0.779391221821328,0.3597559720660505
2008-05,2008-05-01,98.7840025457266,63.85172,15.326612,4.9,4.36,2660193.15,5.983112713629413,1.98,6.036,1.4342857142857142,False,215.208,4.088413823123993,7728.3,6.4929517300299056,5.4,59.8,True,2.4,,,167.013,-8.175080546728097,3.8800000000000003,86.82446363636363,0.9377268343734679,0.009405273460670709,1.2419341817906124,-0.929129001329999,0.3149843220736881
2008-06,2008-06-01,98.7840025457266,63.85172,15.326612,4.9,4.36,2662409.52,5.688034744055015,2.0,6.32,1.3257142857142856,False,217.463,4.935966105947864,7747.3,6.264230653169833,5.6,56.4,True,2.4,,,166.531,-8.266588813361398,4.099523809523809,87.07280476190476,0.916984905262298,0.00929538661084285,1.2349972842152925,-0.9028050886506316,0.3146181218594505
2008-07,2008-07-01,99.70642897524348,67.28455,15.546547,4.8,5.27,2665321.26,5.196166472771857,2.01,6.425999999999999,1.4345454545454546,False,219.016,5.497512078341837,7794.9,6.461525854298111,5.8,61.2,True,-2.1,,,165.71,-8.443467114568593,4.007727272727273,86.45375652173914,1.117372762569711,0.6352575536655756,0.9762640112187236,-0.8822746474986208,0.46165491998884733
2008-08,2008-08-01,99.70642897524348,67.28455,15.546547,4.8,5.27,2662237.78,4.288315658976272,2.0,6.4775,1.4652380952380952,False,218.69,5.308017162091239,7808.8,5.5671218061376315,6.1,63.0,True,-2.1,,,164.275,-8.854600130940893,3.8857142857142852,88.94499523809525,1.0891933240017715,0.6252384789872684,0.9731060182489173,-0.8729147399521964,0.4536557703214403
2008-09,2008-09-01,99.70642897524348,67.28455,15.546547,4.8,5.27,2657389.13,3.521384238107861,1.81,6.0375,1.61,False,218.877,4.953319875136075,7873.6,6.201947719118395,6.1,70.3,True,-2.1,,,161.91,-9.608588607700941,3.6861904761904762,91.26510909090909,1.0630582027063542,0.6156816823003776,0.9699624273301033,-0.9620032321799313,0.4216747700392258
2008-10,2008-10-01,97.85257128542268,73.24515,15.72136,5.64,6.59,2660729.5,3.036156902310294,0.97,6.2,2.2018181818181817,False,216.995,3.7310578899565128,7976.3,7.367074976443666,6.5,57.6,True,-8.5,,,159.161,-10.346478603495768,3.814090909090909,98.04,0.5937787085665188,1.104718320320941,2.9781117741123477,-1.4013156551003574,0.8188232869748624
2008-11,2008-11-01,97.85257128542268,73.24515,15.72136,5.64,6.59,2651481.39,2.072338633240456,0.39,6.0875,2.3138888888888887,False,213.153,1.0999174706166848,8027.8,7.697880332707263,6.8,55.3,True,-8.5,,,156.071,-10.898544767385431,3.526666666666667,100.76666,0.5853268742237329,1.0789358127474336,2.8623172779110013,-1.684020864178714,0.7106397751758635
2008-12,2008-12-01,97.85257128542268,73.24515,15.72136,5.64,6.59,2643788.96,1.3149162142493065,0.16,5.286,1.5954545454545455,False,211.398,-0.02222800255385904,8203.0,9.626204444919617,7.3,60.1,True,-8.5,,,152.543,-11.995776988046336,2.4163636363636365,99.66224782608695,0.5772277854638875,1.0548897160905397,2.757527198162689,-1.7684420782405985,0.6553006553691296
2009-01,2009-01-01,99.20764882011044,77.10496,15.5975,6.51,8.0,2647028.86,1.0537114854078933,0.15,5.047499999999999,1.7105000000000001,False,211.933,-0.11358601902212717,8284.2,10.256068994889267,7.8,61.2,True,-4.5,,,149.36,-12.693773527554997,2.5175,100.35208421052631,0.9039023723718825,0.6807612441369755,4.335526426103068,-1.734250217629573,1.0464849562455882
2009-02,2009-02-01,99.20764882011044,77.10496,15.5975,6.51,8.0,2638532.74,0.1532103049887823,0.22,5.13,1.894736842105263,False,212.705,0.008463140671510772,8314.7,9.399628962014672,8.3,56.3,True,-4.5,,,147.616,-12.750828954601056,2.87,102.97372631578948,0.887631328213613,0.6708931728618318,4.003263066563941,-1.6606978322641632,0.9752724338438055
2009-03,2009-03-01,99.20764882011044,77.10496,15.5975,6.51,8.0,2622827.85,-0.8608919966560102,0.18,5.0025,1.8881818181818182,False,212.495,-0.4464787676623838,8380.5,9.33606439744812,8.7,57.3,True,-4.5,,,146.512,-12.738534842167958,2.819545454545455,103.43974545454545,0.8722138607715807,0.6614444612886042,3.733166222999351,-1.646355409827542,0.9051172838079985
2009-04,2009-04-01,99.028992164,80.28013,15.251967,6.77,8.58,2615973.01,-1.4418505270144433,0.15,4.8100000000000005,2.0,False,212.709,-0.5763244243767063,8390.2,8.802552065772762,9.0,65.1,True,-0.7,,,146.939,-12.178751583829406,2.927142857142857,100.71618636363637,0.8133377060991472,-0.3666594768542753,3.90108677850805,-1.6273128517531563,0.6801130389999414
2009-05,2009-05-01,99.028992164,80.28013,15.251967,6.77,8.58,2610010.78,-1.886418285078284,0.18,4.8575,2.3635,False,213.022,-1.015761495855172,8452.9,9.375930023420409,9.4,68.7,True,-0.7,,,148.166,-11.28475028889967,3.293,97.55188000000001,0.8006983604090318,-0.36278229501889486,3.645497806801369,-1.578926984519216,0.6261217219180725
2009-06,2009-06-01,99.028992164,80.28013,15.251967,6.77,8.58,2591475.41,-2.6642824654563246,0.21,5.42,2.5377272727272726,False,214.79,-1.2291746182109153,8462.9,9.236766357311566,9.5,70.8,True,-0.7,,,149.793,-10.050981498940137,3.7218181818181817,96.04261818181818,0.7886338473011671,-0.35902584064758886,3.430919727810311,-1.532463755323094,0.5820159947851988
2009-07,2009-07-01,98.9994785209334,82.42733,15.08588,6.49,9.49,2590854.98,-2.793895096908494,0.16,5.2219999999999995,2.5431818181818184,False,214.726,-1.9587610037622771,8467.3,8.62615299747269,9.5,66.0,False,1.4,,,150.746,-9.030233540522604,3.5622727272727275,95.66055909090909,0.7696850454272911,-0.854102683804404,2.8698292085081434,-1.5275492614075954,0.3144655771808587
2009-08,2009-08-01,98.9994785209334,82.42733,15.08588,6.49,9.49,2582126.01,-3.0091891341125776,0.16,5.1925,2.4719047619047623,False,215.445,-1.4838355663267633,8466.2,8.418707099682422,9.6,65.7,False,1.4,,,150.667,-8.283670674174404,3.587142857142857,94.37304285714286,0.7588308606533055,-0.8410214623492238,2.753521557830566,-1.4983044953472264,0.2932566151968553
2009-09,2009-09-01,98.9994785209334,82.42733,15.08588,6.49,9.49,2576594.39,-3.040380465468362,0.15,5.0575,2.4457142857142857,False,215.861,-1.377942862886472,8462.7,7.481965047754535,9.8,73.5,False,1.4,,,149.627,-7.586313383978749,3.401904761904762,93.66380000000001,0.7484256933242678,-0.828526718403772,2.6484989249515594,-1.4752877818236148,0.2732775295121101
2009-10,2009-10-01,98.95825750014676,84.02935,14.896385,6.33,10.41,2563422.73,-3.657146282626622,0.12,4.952,2.4385714285714286,False,216.509,-0.22396829420033848,8489.2,6.430299763048031,10.0,70.6,False,4.4,,,148.584,-6.6454721948216005,3.3876190476190478,92.2597619047619,0.7279297967901829,-1.3775673375476534,2.3480362570517563,-1.4627333222663992,0.05891634850697164
2009-11,2009-11-01,98.95825750014676,84.02935,14.896385,6.33,10.41,2551569.29,-3.76816146539124,0.12,4.875,2.599473684210526,False,217.234,1.9145871744709275,8517.9,6.105035003363302,9.9,67.4,False,4.4,,,147.94,-5.209808356453149,3.4026315789473687,91.79961052631579,0.7185659545027222,-1.3442260135295114,2.276229501256792,-1.4366198412101396,0.05348740025496579
2009-12,2009-12-01,98.95825750014676,84.02935,14.896385,6.33,10.41,2555016.64,-3.35776876835131,0.12,4.93,2.7154545454545453,False,217.347,2.8141231232083674,8510.6,3.749847616725588,9.9,72.5,False,4.4,,,146.666,-3.8526841611873475,3.5900000000000003,92.25861904761905,0.7095561590376247,-1.313205310502496,2.2094097647650415,-1.410999539959764,0.048690268335101594
2010-01,2010-01-01,94.4970006262885,86.51175,14.51494,5.78,11.48,2543508.02,-3.910831557763972,0.11,5.03,2.8042105263157895,False,217.488,2.6211113889767157,8473.1,2.280244320513747,9.8,74.4,False,1.9,,,145.003,-2.917113015532957,3.7331578947368427,92.44030000000001,-0.4642549859237783,-2.329715331334937,1.4651899842438456,-1.3914673727582336,-0.6800619264432758
2010-02,2010-02-01,94.4970006262885,86.51175,14.51494,5.78,11.48,2530024.28,-4.112454560635859,0.13,4.99,2.8342105263157897,False,217.281,2.151336357866529,8523.4,2.510012387698879,9.8,73.6,False,1.9,,,143.055,-3.0897734662909238,3.691052631578947,93.88668000000001,-0.45974594761923937,-2.21470685164074,1.4383622859198253,-1.3590191848405153,-0.6487774245451674
2010-03,2010-03-01,94.4970006262885,86.51175,14.51494,5.78,11.48,2536551.95,-3.289422902841299,0.16,4.9675,2.7686956521739132,False,217.353,2.2861714393279886,8519.0,1.652646023506943,9.9,73.6,False,1.9,,,143.595,-1.9909631975537856,3.7273913043478264,93.14987826086957,-0.4553661669866916,-2.1152464267731608,1.4123761797871024,-1.323114372316744,-0.6203376965723735
2010-04,2010-04-01,94.07695208477654,88.12832,14.069775,5.1,11.08,2532764.79,-3.1807751716826704,0.2,5.098000000000001,2.786363636363636,False,217.403,2.2067707525304403,8554.3,1.955853257371687,9.9,72.2,False,3.9,,,145.398,-1.0487345088778355,3.8468181818181817,92.63908636363637,-0.5626788984737541,-3.04405190359037,0.5420598510100421,-1.283994982718484,-1.0871664834431416
2010-05,2010-05-01,94.07695208477654,88.12832,14.069775,5.1,11.08,2521687.94,-3.3840028813980516,0.2,4.8875,2.5895,False,217.29,2.003548929218568,8612.0,1.882194276520499,9.6,73.6,False,3.9,,,147.031,-0.766032693060481,3.4200000000000004,95.53063999999999,-0.5570255545568182,-2.823382221598283,0.535268910759966,-1.2666803768329773,-1.027954810557028
2010-06,2010-06-01,94.07695208477654,88.12832,14.069775,5.1,11.08,2518416.41,-2.8192048328176122,0.18,4.7375,2.4795454545454545,False,217.199,1.1215605940686268,8631.0,1.9863167472143228,9.4,76.0,False,3.9,,,147.698,-1.3985967301542779,3.2040909090909087,96.06062727272727,-0.5515398564859868,-2.644723364704198,0.5285132149307767,-1.2614859514993582,-0.9823089894396915
2010-07,2010-07-01,93.58534385232215,89.56528,13.917807,4.58,10.66,2521104.8,-2.6921684362279596,0.18,4.564,2.394761904761905,False,217.605,1.3407784804821077,8642.3,2.066774532613702,9.4,67.8,False,3.1,,,147.559,-2.114152282647641,3.0114285714285716,94.45469047619048,-0.6786443827506374,-2.7844998049917136,-0.13029340392137254,-1.247043474768617,-1.2101202666080852
2010-08,2010-08-01,93.58534385232215,89.56528,13.917807,4.58,10.66,2520422.13,-2.3896540974776004,0.19,4.4275,2.178181818181818,False,217.923,1.1501775395112546,8690.5,2.6493586260659896,9.5,68.9,False,3.1,,,146.426,-2.814816781378815,2.6986363636363637,93.68223181818183,-0.6714067268027767,-2.6169493036203093,-0.13083219679560137,-1.2280297435540126,-1.161804492693175
2010-09,2010-09-01,93.58534385232215,89.56528,13.917807,4.58,10.66,2522094.23,-2.115201376340814,0.19,4.346,2.1676190476190476,False,218.275,1.1183122472331775,8719.6,3.0356741938152076,9.5,68.2,False,3.1,,,144.607,-3.355009456849367,2.6476190476190475,92.76259523809524,-0.6643967345626232,-2.4764582796012258,-0.13137112052205321,-1.2150546356161618,-1.121820192575516
2010-10,2010-10-01,93.49246709493504,91.61134,13.580863,4.14,10.33,2530106.0,-1.2996970655713924,0.19,4.225,2.164,False,219.035,1.1666951489314625,8769.8,3.3053762427554867,9.4,67.7,False,2.1,,,143.125,-3.6740160447962134,2.54,90.22912,-0.6829079569673913,-2.9145680444004607,-0.6826820299227145,-1.20282207761997,-1.3707450272276342
2010-11,2010-11-01,93.49246709493504,91.61134,13.580863,4.14,10.33,2531232.26,-0.7970400835166092,0.19,4.3,2.309,False,219.59,1.084544776600338,8790.3,3.1979713309618463,9.8,71.6,False,2.1,,,141.813,-4.141543869136144,2.763,90.509535,-0.6759026300323263,-2.7331432969744145,-0.6768910984693586,-1.1914402660504584,-1.3193443228816393
2010-12,2010-12-01,93.49246709493504,91.61134,13.580863,4.14,10.33,2646811.26,3.5927210243139385,0.18,4.714,2.6727272727272724,False,220.472,1.437793022217937,8822.0,3.6589664653490894,9.3,74.5,False,2.1,,,140.622,-4.120927822399178,3.290909090909091,91.18347142857144,-0.6691093909988578,-2.581912114510219,-0.6711377771504258,-1.185479469271946,-1.276909687982862
2011-01,2011-01-01,90.0345486859544,92.95614,13.30846,3.82,10.37,2657360.1,4.476183251822419,0.17,4.755,2.7794999999999996,False,221.187,1.7007834915029774,8844.5,4.383283567997531,9.1,74.2,False,-0.9,,,139.03,-4.119225119480275,3.3939999999999997,90.11122,-1.5980022623752328,-2.843255799531068,-1.0587536116105951,-1.1774369001298164,-1.669362143411678
2011-02,2011-02-01,90.0345486859544,92.95614,13.30846,3.82,10.37,2663779.92,5.286733453799108,0.16,4.9525,2.803684210526316,False,221.898,2.124898173333145,8909.9,4.534575404181429,9.0,77.5,False,-0.9,,,137.725,-3.7258397119988906,3.5763157894736843,89.3966894736842,-1.5602570409068295,-2.679734470900832,-1.0437100222449731,-1.1671772871285442,-1.6127197052952944
2011-03,2011-03-01,90.0345486859544,92.95614,13.30846,3.82,10.37,2672031.38,5.341086351493796,0.14,4.836,2.7169565217391307,False,223.046,2.619241510354109,8967.7,5.267050123253902,9.0,67.5,False,-0.9,,,137.779,-4.05028030223894,3.4143478260869564,88.48722608695653,-1.525074985332002,-2.541568762987844,-1.0289303063556883,-1.1620252064215288,-1.5643998152742657
2011-04,2011-04-01,89.7431268820444,92.1938,13.057706,3.65,10.55,2679950.15,5.811252611419948,0.1,4.84,2.7205000000000004,False,224.093,3.0772344447868694,9033.6,5.603030055060043,9.1,69.8,False,2.7,,,139.153,-4.295107222932915,3.4549999999999996,86.92136666666667,-1.5671737952076388,-2.7399975971817243,-1.219687768206493,-1.1662102817870938,-1.6732673605957376
2011-05,2011-05-01,89.7431268820444,92.1938,13.057706,3.65,10.55,2683973.45,6.435590519578738,0.09,4.6375,2.6133333333333333,False,224.806,3.4589718808964998,9109.4,5.775661867162096,9.0,74.3,False,2.7,,,140.688,-4.314056219436724,3.168571428571429,86.94640476190476,-1.5325287739851814,-2.597105920741994,-1.199739962093376,-1.1524419391720155,-1.6204541489981417
2011-06,2011-06-01,89.7431268820444,92.1938,13.057706,3.65,10.55,2693088.33,6.935783903981152,0.09,4.51,2.591818181818182,False,224.806,3.5023181506360412,9184.2,6.4094542926659726,9.1,71.5,False,2.7,,,141.941,-3.8978185215778227,3.002272727272727,86.94125454545454,-1.5000918402268248,-2.474499816739416,-1.180252464487735,-1.1331708244953456,-1.5720037364873303
2011-07,2011-07-01,89.6827732540157,94.52098,12.944597,3.45,10.5,2717525.97,7.7910751667285005,0.07,4.545,2.5965,False,225.395,3.5798809769996165,9346.9,8.152922254492445,9.0,63.7,False,-0.1,,,142.34,-3.536890328614317,3.003,86.31780499999999,-1.4848222878291564,-2.497170068942019,-1.398412610486387,-1.1251899347633645,-1.6263987255052317
2011-08,2011-08-01,89.6827732540157,94.52098,12.944597,3.45,10.5,2709151.87,7.488021064154049,0.1,4.27,2.072608695652174,False,226.106,3.75499603070808,9532.5,9.688740578792942,9.0,55.8,False,-0.1,,,141.783,-3.170884952125985,2.3030434782608693,86.89824347826087,-1.4554585833012428,-2.3891933632558735,-1.3730074628987532,-1.0898692734457724,-1.5768821707254106
2011-09,2011-09-01,89.6827732540157,94.52098,12.944597,3.45,10.5,2720060.44,7.849278890741518,0.08,4.106,1.7638095238095237,False,226.597,3.812621692818685,9553.3,9.56121840451396,9.0,59.5,False,-0.1,,,140.162,-3.0738484305739,1.975238095238095,89.72526666666667,-1.4277765764257415,-2.294135937070068,-1.348348135206218,-1.0832056392702212,-1.5383665719930621
2011-10,2011-10-01,89.62130422170904,96.09072,12.749684,3.25,10.25,2727962.54,7.820088960699678,0.07,4.0675,1.8715,False,226.75,3.5222681306640524,9586.2,9.309220278683682,8.8,60.8,False,4.6,,,138.398,-3.3027074235807863,2.152,90.60984499999999,-1.4168319798278461,-2.4155709303737845,-1.5570970743295847,-1.0725793641513837,-1.6155198371706498
2011-11,2011-11-01,89.62130422170904,96.09072,12.749684,3.25,10.25,2746799.26,8.5162868459965,0.08,3.9925,1.7600000000000002,False,227.169,3.451432214581729,9639.5,9.660648669556227,8.6,63.7,False,4.6,,,136.652,-3.639299641076632,2.0134999999999996,91.26488,-1.3914444631773801,-2.3200160600327435,-1.5276985745129728,-1.0527588264452212,-1.5729794810420794
2011-12,2011-12-01,89.62130422170904,96.09072,12.749684,3.25,10.25,2756224.85,4.133788897361734,0.07,3.9579999999999997,1.720952380952381,False,227.223,3.062066838419386,9683.5,9.765359328950352,8.5,69.9,False,4.6,,,135.154,-3.88843850891043,1.9780952380952381,92.20559047619047,-1.3673790692974086,-2.234991961764215,-1.499309330930798,-1.0453885568775716,-1.5367672297174984
2012-01,2012-01-01,85.66107930687618,97.12308,12.237059,3.06,10.33,2770124.65,4.243480211808692,0.08,3.915,1.7260000000000002,False,227.842,3.0087663379855023,9753.3,10.275312341002873,8.3,75.0,False,3.4,,,134.156,-3.5057181903186296,1.9665,91.646265,-2.283828772396356,-2.6536714862955364,-1.6827220095908424,-1.0277696003688974,-1.911997967162908
2012-02,2012-02-01,85.66107930687618,97.12308,12.237059,3.06,10.33,2777643.62,4.274516041850784,0.1,3.89,1.6895,False,228.329,2.8981784423473878,9806.3,10.06071897552161,8.3,75.3,False,3.4,,,133.987,-2.7141041931385,1.9675,89.9605,-2.20404308137633,-2.5354301889257522,-1.6470687839829723,-1.005062553736315,-1.8479011520053426
2012-03,2012-03-01,85.66107930687618,97.12308,12.237059,3.06,10.33,2791565.95,4.473546639261405,0.13,3.9539999999999997,1.8281818181818181,False,228.807,2.5828752813320977,9849.3,9.830837338447962,8.2,76.2,False,3.4,,,135.855,-1.3964392251359148,2.1727272727272724,90.51121363636364,-2.1320901990108156,-2.4317284149958076,-1.6128466203079046,-0.977505600086184,-1.788542708600178
2012-04,2012-04-01,85.48782911230809,97.82763,12.034065,2.92,10.45,2802317.58,4.5660338122334165,0.14,3.91,1.7609523809523808,False,229.187,2.2731633741348567,9905.0,9.64620970598653,8.2,76.4,False,1.8,,,138.46,-0.4980129785200349,2.052857142857143,90.81560952380953,-2.1044261546979173,-2.5171915396209594,-1.731205418420198,-0.9610424897639037,-1.8284664006257447
2012-05,2012-05-01,85.48782911230809,97.82763,12.034065,2.92,10.45,2817982.27,4.992926438970535,0.16,3.7979999999999996,1.518181818181818,False,228.713,1.7379429374660749,9951.9,9.24868816826574,8.2,79.3,False,1.8,,,141.035,0.24664505856932806,1.8031818181818182,92.49278636363637,-2.041948801936853,-2.4176352511418657,-1.6938303416880416,-0.9395508899181174,-1.7732413211712195
2012-06,2012-06-01,85.48782911230809,97.82763,12.034065,2.92,10.45,2829850.8,5.078276433658591,0.16,3.675,1.3304761904761906,False,228.524,1.653870448297634,10023.7,9.140698155527982,8.2,73.2,False,1.8,,,143.157,0.8566939784840244,1.6223809523809525,93.88086666666666,-1.9847361460810753,-2.3290463326849857,-1.658021207442801,-0.9290194187536496,-1.7252057762406279
2012-07,2012-07-01,85.5405486051083,98.44787,12.083107,2.82,10.47,2840049.63,4.508647253148412,0.16,3.55,1.2785714285714287,False,228.59,1.4175114798464783,10076.0,7.800447207095407,8.2,72.3,False,0.6,,,144.271,1.3566109315722885,1.5266666666666668,93.40616666666668,-1.9211063198448337,-2.2094755853964356,-1.7272782661347765,-0.9187180904598728,-1.6941445654589797
2012-08,2012-08-01,85.5405486051083,98.44787,12.083107,2.82,10.47,2857102.48,5.461141239010714,0.13,3.6019999999999994,1.4095652173913045,False,229.918,1.6859349154821235,10147.8,6.454760031471274,8.1,74.3,False,0.6,,,144.695,2.0538428443466428,1.6782608695652175,92.5282652173913,-1.8731412736170185,-2.1408859153824915,-1.6897190769555386,-0.9242506048494863,-1.656999217701134
2012-09,2012-09-01,85.5405486051083,98.44787,12.083107,2.82,10.47,2865789.74,5.357575804455306,0.14,3.4975,1.4678947368421054,False,231.015,1.9497168982819613,10228.4,7.06666806234495,7.8,78.3,False,0.6,,,144.347,2.985830681639823,1.7231578947368422,90.98020000000001,-1.8286063722848849,-2.0783232180455724,-1.653735720910117,-0.9085830713774957,-1.6173120956545175
2012-10,2012-10-01,85.37028230061001,100.07497,11.754033,2.71,10.03,2881779.34,5.638523174148857,0.16,3.3825000000000003,1.469047619047619,False,231.638,2.1556780595369363,10294.4,7.387703156620962,7.8,82.6,False,0.5,,,143.957,4.01667654156852,1.7461904761904763,90.75663,-1.8214215164301983,-2.2759602658365328,-1.729792036108166,-0.8879438412360139,-1.6787794149027278
2012-11,2012-11-01,85.37028230061001,100.07497,11.754033,2.71,10.03,2903346.97,5.69927742007621,0.16,3.3519999999999994,1.386,False,231.249,1.7960197033926262,10365.6,7.5325483686913275,7.7,82.7,False,0.5,,,143.95,5.340573134677862,1.654,91.47508,-1.7807567947099432,-2.2041542227038975,-1.6921415823097363,-0.8800921780508536,-1.6392861944436077
2012-12,2012-12-01,85.37028230061001,100.07497,11.754033,2.71,10.03,2912905.02,5.68459318549428,0.16,3.3449999999999998,1.462,False,231.221,1.7595049796895523,10485.4,8.281096710899982,7.9,72.9,False,0.5,,,143.858,6.4400609674889475,1.719,90.88039,-1.7427057596250026,-2.1387537467248365,-1.6560742931047954,-0.8728647002349922,-1.6025996249224066
2013-01,2013-01-01,81.99871746834768,100.73997,12.006598,2.64,9.73,2931381.51,5.8212853345787074,0.14,3.414,1.6495238095238096,False,231.679,1.684061762098299,10502.3,7.679452082884763,8.0,73.8,False,4.0,,,144.302,7.56283729389664,1.9147619047619049,90.82551428571429,-2.3538282730595212,-1.892846266550807,-1.6898551393125458,-0.876050863261253,-1.7031451355460319
2013-02,2013-02-01,81.99871746834768,100.73997,12.006598,2.64,9.73,2953480.76,6.330442780128842,0.15,3.5324999999999998,1.7168421052631577,False,232.937,2.0181404902574807,10523.0,7.308566941659955,7.7,77.6,False,4.0,,,145.152,8.332897967713283,1.9842105263157896,91.55087368421053,-2.2777579594498287,-1.8494146422327382,-1.654189705426866,-0.8635075563606659,-1.6612174658675247
2013-03,2013-03-01,81.99871746834768,100.73997,12.006598,2.64,9.73,2963147.07,6.146411120969564,0.14,3.565,1.7015,False,232.282,1.5187472411246183,10578.7,7.405602428599001,7.5,78.6,False,4.0,,,147.952,8.904346545949737,1.9575,92.41318,-2.2086278623131927,-1.808848105874569,-1.6199599497624835,-0.861481387173512,-1.6247293262809395
2013-04,2013-04-01,82.13258652275456,100.05758,11.794391,2.53,9.31,2972772.62,6.082645350995519,0.15,3.4450000000000003,1.526818181818182,False,231.797,1.138808047576867,10608.9,7.106511862695597,7.6,76.4,False,1.1,,,150.96,9.027878087534313,1.7590909090909093,92.04782272727272,-2.121544729125634,-1.9227690604612693,-1.6910246387025258,-0.8491019613304533,-1.6461100974049707
2013-05,2013-05-01,82.13258652275456,100.05758,11.794391,2.53,9.31,2988661.4,6.056785091128347,0.11,3.536,1.6777272727272725,False,231.893,1.3903888279197085,10646.5,6.979571740069734,7.5,84.5,False,1.1,,,153.849,9.085687949799691,1.9281818181818182,92.52896818181819,-2.065152667327549,-1.8789023006542898,-1.655733554508289,-0.8624769395387669,-1.6155663655072237
2013-06,2013-06-01,82.13258652275456,100.05758,11.794391,2.53,9.31,3000936.05,6.045733930566244,0.09,4.07,1.9665,False,232.445,1.7157935271568725,10705.6,6.802877181080835,7.5,84.1,False,1.1,,,156.416,9.2618593572092,2.3,93.283615,-2.0130389425712507,-1.8379132593365803,-1.62185468326625,-0.8655126351302661,-1.5845798800760869
2013-07,2013-07-01,82.45624656596966,98.72797,11.837713,2.44,8.66,3014697.69,6.149472113274301,0.09,4.37,2.2413636363636367,False,232.9,1.885471805415806,10743.0,6.6196903533148,7.3,85.1,False,3.5,,,158.275,9.70673246875673,2.5822727272727275,93.87238636363637,-1.9089752404555043,-1.7695286931469445,-1.6727257976310876,-0.8593951617161987,-1.5526562232374337
2013-08,2013-08-01,82.45624656596966,98.72797,11.837713,2.44,8.66,3030269.0,6.06091385283456,0.08,4.456,2.380909090909091,False,233.456,1.538809488600279,10803.6,6.46248447939457,7.2,82.1,False,3.5,,,159.383,10.151007291198733,2.7372727272727273,93.71488636363637,-1.867119125310232,-1.7349079097456062,-1.6396805860104224,-0.8582898224242728,-1.5249993608726333
2013-09,2013-09-01,82.45624656596966,98.72797,11.837713,2.44,8.66,3045861.58,6.283497965206619,0.08,4.49,2.4055,False,233.544,1.0947341081747997,10865.8,6.231668687184699,7.2,77.5,False,3.5,,,159.663,10.610542650695898,2.8095,93.470565,-1.827906269837427,-1.7022472423841157,-1.607895732351509,-0.8521845345347875,-1.4975584447769599
2013-10,2013-10-01,83.46403209587294,99.79118,11.985283,2.38,8.29,3063380.14,6.3016899829672735,0.09,4.192,2.2804545454545457,False,233.669,0.8767991434911471,10989.2,6.749300590612384,7.2,73.2,False,3.5,,,159.549,10.831012038317,2.6159090909090907,92.49926818181818,-1.6215947130044794,-1.5713533820288763,-1.628868317420099,-0.841075550403843,-1.4157229907143245
2013-11,2013-11-01,83.46403209587294,99.79118,11.985283,2.38,8.29,3075875.88,5.942414454170453,0.08,4.255,2.4147368421052633,False,234.1,1.2328701961954458,10999.8,6.118314424635329,6.9,75.1,False,3.5,,,159.36,10.705105939562376,2.718421052631579,93.37366842105263,-1.5944140992557583,-1.5461570555794513,-1.5962404991640569,-0.8402480281672601,-1.3942649205416318
2013-12,2013-12-01,83.46403209587294,99.79118,11.985283,2.38,8.29,3090467.79,6.095728105820619,0.09,4.4575,2.5619047619047617,False,234.719,1.5128383667573297,11062.4,5.502889732389793,6.7,82.5,False,3.5,,,159.277,10.718208233118753,2.901904761904762,93.53402,-1.5685591856029344,-1.5221380899191264,-1.5648347121582182,-0.8294227997726946,-1.3712386968632433
2014-01,2014-01-01,79.97819756504455,102.34617,11.883758,2.32,7.78,3113002.96,6.195762966383733,0.07,4.432,2.4642857142857144,False,235.288,1.557758795574915,11127.5,5.952981727812001,6.6,81.2,False,-1.4,,,159.363,10.437138778395315,2.858095238095238,94.46474761904763,-2.1139860778622483,-1.5669821365748577,-1.586870657913896,-0.8336791041749722,-1.5253794941314935
2014-02,2014-02-01,79.97819756504455,102.34617,11.883758,2.32,7.78,3133891.8,6.108421034711609,0.07,4.3025,2.382631578947368,False,235.547,1.1204746347724948,11191.9,6.3565523139788915,6.7,81.6,False,-1.4,,,159.864,10.135582010582024,2.709473684210526,94.64558235294118,-2.0625825657751173,-1.5426288675085984,-1.5568544986877229,-0.8277229754049815,-1.497447226844105
2014-03,2014-03-01,79.97819756504455,102.34617,11.883758,2.32,7.78,3150697.02,6.329417527021364,0.08,4.3425,2.3242857142857143,False,236.028,1.6126949139408042,11228.8,6.145367578246841,6.7,80.0,False,-1.4,,,161.178,8.939385746728679,2.723333333333333,94.44082105263158,-2.014761488573937,-1.5193795441029028,-1.5278914185137953,-0.816872114227599,-1.4697261413545586
2014-04,2014-04-01,80.39510169311042,100.6513,11.62114,2.26,7.43,3173234.63,6.743267502241723,0.09,4.3375,2.288095238095238,False,236.468,2.015125303606169,11276.0,6.288116581360947,6.2,84.1,False,5.3,,,162.954,7.945151033386333,2.705238095238095,93.99555,-1.9053006319747359,-1.6688619074068358,-1.549904507382438,-0.8061572310092935,-1.4825560694433257
2014-05,2014-05-01,80.39510169311042,100.6513,11.62114,2.26,7.43,3192546.34,6.821948448225013,0.09,4.192,2.17,False,236.918,2.166947687079812,11343.1,6.542995350584713,6.3,81.9,False,5.3,,,164.667,7.03156991595657,2.559047619047619,93.67002857142857,-1.866910496377789,-1.6412446960779834,-1.5213882885563768,-0.8005492341885866,-1.4575231788001841
2014-06,2014-06-01,80.39510169311042,100.6513,11.62114,2.26,7.43,3209899.68,6.963281673396549,0.1,4.1625,2.146190476190476,False,237.231,2.0589816945944195,11398.4,6.471379464952909,6.1,82.5,False,5.3,,,166.196,6.2525572831424014,2.5985714285714288,93.82740476190477,-1.830755508162568,-1.6149576514592767,-1.4938296608033341,-0.7898588023522256,-1.432350405694351
2014-07,2014-07-01,80.36194654456393,100.11145,11.646947,2.2,7.05,3231535.62,7.192692345878315,0.09,4.13,2.0359090909090907,False,237.498,1.9742378703305974,11452.5,6.604300474727731,6.2,81.8,False,5.0,,,167.12,5.5883746643500265,2.5422727272727275,93.6038590909091,-1.8016506153254648,-1.5733957344745595,-1.515899641422825,-0.7880450939276608,-1.4197477712876274
2014-08,2014-08-01,80.36194654456393,100.11145,11.646947,2.2,7.05,3248721.35,7.2090085071655485,0.09,4.115,1.9476190476190476,False,237.46,1.7150983482969062,11477.8,6.240512421785316,6.1,82.5,False,5.0,,,167.435,5.051981704447761,2.42,94.58080952380952,-1.769140241780919,-1.5500621089029203,-1.4888508428861413,-0.7804615659942028,-1.3971286898910458
2014-09,2014-09-01,80.36194654456393,100.11145,11.646947,2.2,7.05,3265101.43,7.197958418057859,0.09,4.1625,1.9676190476190476,False,237.477,1.6840509711232077,11520.7,6.027167810929712,5.9,84.6,False,5.0,,,167.227,4.737478313698218,2.5342857142857143,96.12086666666667,-1.7383319931904138,-1.527739050829643,-1.4626706439735597,-0.7721622042992845,-1.3752259730732252
2014-10,2014-10-01,80.74242430696057,101.2805,11.631993,2.15,6.52,3275438.44,6.922363216730898,0.09,4.036,1.8586363636363636,False,237.43,1.6095417021513292,11596.5,5.526334947038913,5.7,86.9,False,2.0,,,166.896,4.604854934847591,2.304090909090909,97.43960454545454,-1.652684963672946,-1.5157751345579713,-1.4766717561768006,-0.7633323319570666,-1.352116046591196
2014-11,2014-11-01,80.74242430696057,101.2805,11.631993,2.15,6.52,3283048.38,6.735398568813511,0.09,3.9975,1.7983333333333331,False,236.983,1.231524989320798,11638.9,5.810105638284346,5.8,88.8,False,2.0,,,166.644,4.570783132530121,2.3255555555555554,99.11468888888889,-1.627060812451198,-1.4949620490826174,-1.4509769059959232,-0.7539457239275723,-1.3317363728643277
2014-12,2014-12-01,80.74242430696057,101.2805,11.631993,2.15,6.52,3309539.83,7.088636895322575,0.12,3.864,1.5718181818181818,False,236.252,0.6531213919623191,11721.2,5.955308070581444,5.6,93.6,False,2.0,,,166.445,4.500335892815666,2.2072727272727275,101.44413333333333,-1.602595207258362,-1.4749853551454988,-1.426070272040617,-0.7291689891553444,-1.3082049558999556
2015-01,2015-01-01,77.57707570374419,100.49009,11.556634,2.11,6.23,3319930.47,6.647199268965687,0.11,3.67,1.33,False,234.747,-0.22993097820542818,11806.2,6.09930352729724,5.7,98.1,False,3.6,,,166.23,4.309030326989327,1.8815000000000002,103.76074000000001,-2.037264067577715,-1.4936354605322197,-1.4347510992725416,-0.723906577570017,-1.4223893012381235
2015-02,2015-02-01,77.57707570374419,100.49009,11.556634,2.11,6.23,3337844.15,6.507957613597259,0.11,3.71,1.3563157894736841,False,235.342,-0.08703146293520536,11920.7,6.51185232176843,5.5,95.4,False,3.6,,,166.609,4.21921132963019,1.9752631578947368,105.16853888888889,-1.9955167709724282,-1.4649706510599387,-1.4125111128701158,-0.7131413465330025,-1.3965349703588712
2015-03,2015-03-01,77.57707570374419,100.49009,11.556634,2.11,6.23,3360575.76,6.661343146222287,0.11,3.77,1.4022727272727273,False,235.976,-0.022031284423873476,11919.1,6.147584781989179,5.4,93.0,False,3.6,,,168.068,4.274776954671244,2.0427272727272725,107.36473809523811,-1.9556726868247127,-1.4372486990318531,-1.3908797172561007,-0.7021312886515225,-1.3714830979410473
2015-04,2015-04-01,78.27861164252528,99.30094,11.485147,2.12,5.81,3382639.53,6.599099165888034,0.12,3.6719999999999997,1.395,False,236.222,-0.10403098939391064,11953.4,6.00744945015963,5.4,95.9,False,2.5,,,169.954,4.295690808449004,1.935,106.35228181818182,-1.8159184056085564,-1.4537133565095632,-1.362608747806063,-0.6859505403485635,-1.3295477625681864
2015-05,2015-05-01,78.27861164252528,99.30094,11.485147,2.12,5.81,3399365.69,6.478194142672966,0.12,3.84,1.5885,False,237.001,0.03503321824429584,11981.9,5.631617459072036,5.6,90.7,False,2.5,,,171.835,4.3530276254501565,2.1975000000000002,105.40651499999998,-1.7791526115948355,-1.426318286159185,-1.342558113104655,-0.6743469703902469,-1.3055939953122306
2015-06,2015-06-01,78.27861164252528,99.30094,11.485147,2.12,5.81,3425250.89,6.708970107128076,0.13,3.9825,1.675,False,237.657,0.1795718097550525,12020.9,5.461292813026386,5.3,96.1,False,2.5,,,173.432,4.3538954006113295,2.3636363636363638,106.17898636363635,-1.743921850655173,-1.399784555884059,-1.3230071017099507,-0.6578630146502723,-1.2811441307248637
2015-07,2015-07-01,78.9418201694452,98.63595,11.606488,2.15,5.4,3444143.74,6.57916684204769,0.13,4.046,1.656818181818182,False,238.034,0.22568611104094582,12063.5,5.335079676926435,5.2,93.1,False,1.6,,,174.474,4.400430828147428,2.3245454545454547,108.12356818181819,-1.6187788229254765,-1.301799469574556,-1.2804815766189723,-0.6459942771101247,-1.2117635365572825
2015-08,2015-08-01,78.9418201694452,98.63595,11.606488,2.15,5.4,3460249.09,6.5111075161924825,0.14,3.9050000000000002,1.4695238095238095,False,238.033,0.2413037985344868,12110.1,5.5088954329227,5.1,91.9,False,1.6,,,174.913,4.46621076835787,2.1671428571428573,109.97674761904761,-1.5869356370810446,-1.2788671377172345,-1.261008905033748,-0.6289161438751592,-1.1889319559267966
2015-09,2015-09-01,78.9418201694452,98.63595,11.606488,2.15,5.4,3487879.79,6.8230149897670955,0.14,3.89,1.4595238095238094,False,237.498,0.008842961634170088,12172.7,5.659378336385812,5.0,87.2,False,1.6,,,175.018,4.658936654965995,2.172857142857143,110.85125714285715,-1.5562635578999207,-1.2565330381422914,-1.2419982659298001,-0.6166882209548238,-1.167870770731709
2015-10,2015-10-01,78.97701011205247,102.64192,11.738976,2.16,5.12,3502824.92,6.942169244371454,0.12,3.7960000000000003,1.4252380952380952,False,237.733,0.12761656067050708,12228.4,5.449057905402488,5.0,90.0,False,0.7,,,175.022,4.868900393059161,2.07,109.90357142857142,-1.5209519990936409,-1.1562910802396815,-1.2186550605056743,-0.6142209389535851,-1.1275297696981454
2015-11,2015-11-01,78.97701011205247,102.64192,11.738976,2.16,5.12,3510642.87,6.932413527210968,0.12,3.9425,1.378421052631579,False,238.017,0.4363182169185187,12322.7,5.875125656204627,5.1,91.3,False,0.7,,,175.113,5.08209116439835,2.263157894736842,111.6916105263158,-1.4914409408952347,-1.1368032187789605,-1.2030063425478328,-0.6016294970080267,-1.1082199998075137
2015-12,2015-12-01,78.97701011205247,102.64192,11.738976,2.16,5.12,3400230.33,2.740275224305133,0.24,3.964,1.26,False,237.761,0.6387247515364791,12393.6,5.736613998566686,5.0,92.6,False,0.7,,,175.086,5.191504701252669,2.2427272727272727,112.7857409090909,-1.462929459223774,-1.11772853279707,-1.1876681551992092,-0.5287272744266429,-1.074263355411674
2016-01,2016-01-01,76.93521369430309,103.98904,11.763247,2.15,4.78,3419541.48,3.0003944630804247,0.34,3.8725,1.1857894736842105,False,237.652,1.2375025026943876,12522.2,6.064610120106395,4.8,92.0,False,2.3,,,175.011,5.282439992781085,2.0852631578947367,115.2343875,-1.6938179539773992,-1.0847511798232867,-1.1776195559965503,-0.4654592986021398,-1.105411997099844
2016-02,2016-02-01,76.93521369430309,103.98904,11.763247,2.15,4.78,3438079.8,3.003005697554806,0.38,3.66,1.046,False,237.336,0.8472775790126619,12604.4,5.735401444546029,4.9,91.7,False,2.3,,,175.259,5.191796361541079,1.7795,114.281735,-1.6586682285144796,-1.06673282094964,-1.1606950086092238,-0.4321668022325016,-1.0795657150764613
2016-03,2016-03-01,76.93521369430309,103.98904,11.763247,2.15,4.78,3469147.01,3.230733593103108,0.36,3.694,1.014090909090909,False,238.08,0.8916160965521946,12662.2,6.234531130706178,5.0,91.0,False,2.3,,,176.58,5.064616702763169,1.8890909090909092,111.89339130434782,-1.6249224819050287,-1.0490546033048727,-1.1441182658086144,-0.4295352698377994,-1.0619076552140787
2016-04,2016-04-01,77.62574116320746,103.58005,11.766109,2.21,4.58,3490038.19,3.174995711115569,0.37,3.605,1.0371428571428571,False,238.992,1.1726257503534843,12741.9,6.5964495457359495,5.1,89.0,False,1.3,,,178.474,5.013121197500481,1.805238095238095,110.01707619047619,-1.5073754819232887,-1.0300046791807087,-1.0849075655246319,-0.4109793534966363,-1.0083167700313165
2016-05,2016-05-01,77.62574116320746,103.58005,11.766109,2.21,4.58,3503723.51,3.069920376821833,0.37,3.6,0.99,False,239.557,1.0784764621246223,12800.7,6.833640741451696,4.8,94.7,False,1.3,,,180.322,4.939040358483426,1.8061904761904761,111.14051428571429,-1.4782502941077127,-1.0129735976448095,-1.0687096415567705,-0.3973896142871267,-0.9893307868991048
2016-06,2016-06-01,77.62574116320746,103.58005,11.766109,2.21,4.58,3525125.97,2.9158471366750094,0.38,3.568,0.9127272727272728,False,240.222,1.0792865347959424,12849.3,6.891330931960171,4.9,93.5,False,1.3,,,181.896,4.880298906776148,1.6440909090909093,111.55962727272727,-1.4500978966313338,-0.9962337246695483,-1.0528132083028323,-0.3781149799946132,-0.9693149523995819
2016-07,2016-07-01,78.51733856601204,103.60355,11.769855,2.29,4.38,3544185.32,2.904686550625768,0.39,3.44,0.8314999999999999,False,240.101,0.8683633430518256,12907.3,6.994653292991249,4.8,90.0,False,2.9,2173.6,,183.0,4.886687987895044,1.504,112.47729,-1.3160420011184697,-0.9776681080640655,-0.9822548831884884,-0.35826102037516994,-0.9085565031865483
2016-08,2016-08-01,78.51733856601204,103.60355,11.769855,2.29,4.38,3565315.2,3.036374181952328,0.4,3.435,0.8191304347826087,False,240.545,1.0553158595656864,12986.7,7.2385859736913805,4.9,89.8,False,2.9,2177.4821739130434,,183.638,4.988194130796453,1.556521739130435,111.43836956521739,-1.2927843801727532,-0.9616021504679908,-0.968087144040503,-0.33789931071804263,-0.8900932463498223
2016-09,2016-09-01,78.51733856601204,103.60355,11.769855,2.29,4.38,3588380.68,2.881432160825703,0.4,3.46,0.8595238095238096,False,241.176,1.5486446201652182,13052.7,7.229291775859092,5.0,91.2,False,2.9,2157.6909523809527,,183.925,5.089190826086476,1.6304761904761906,112.31686190476191,-1.2701451373715782,-0.9457863070467016,-0.9541413787659215,-0.3228265539469819,-0.8732248442827959
2016-10,2016-10-01,79.0604363756255,104.64891,11.865818,2.37,4.14,3601186.93,2.808076688000738,0.4,3.47,0.9215,False,241.741,1.685924966243646,13124.5,7.328023290046115,4.9,87.2,False,2.2,2143.0209523809526,,183.993,5.125641347944843,1.7645,113.474695,-1.1838069862159168,-0.8733704713118305,-0.8866247771515449,-0.3073518359177177,-0.8127885176492525
2016-11,2016-11-01,79.0604363756255,104.64891,11.865818,2.37,4.14,3617030.41,3.030429010855218,0.41,3.77,1.1625,False,242.026,1.6843334719788938,13214.2,7.234615790370613,4.7,93.8,False,2.2,2164.985714285714,,184.202,5.190362794309955,2.1420000000000003,116.107515,-1.164272713230296,-0.8587855087008909,-0.8748194109182813,-0.28518507718058483,-0.7957656775075133
2016-12,2016-12-01,79.0604363756255,104.64891,11.865818,2.37,4.14,3636437.75,6.946806453549859,0.54,4.198,1.2952380952380953,False,242.637,2.0507989115119862,13240.6,6.834172476116707,4.7,98.2,False,2.2,2246.6290476190475,,184.374,5.304821630513001,2.491904761904762,117.90482857142858,-1.1451807259992162,-0.8443796335527728,-0.8631657270353716,-0.18489558992908556,-0.7594054191291116
2017-01,2017-01-01,76.0959458701516,102.93741,11.723758,2.4,3.91,3653334.44,6.83696809550034,0.65,4.15,1.226,False,243.618,2.5103933482571117,13318.9,6.362300554215694,4.7,98.5,False,2.0,2275.116,,184.628,5.495083166200976,2.4325,117.78577894736841,-1.4783805607925808,-0.9157594094948641,-0.8312318312226026,-0.09184708445271626,-0.829304721490691
2017-02,2017-02-01,76.0959458701516,102.93741,11.723758,2.4,3.91,3670049.5,6.7470714321407055,0.66,4.1675,1.2178947368421054,False,244.006,2.8103616813294208,13395.2,6.2739995557107076,4.6,96.3,False,2.0,2329.9105263157894,,184.995,5.555206865267981,2.4189473684210525,116.12038947368421,-1.4503310204565174,-0.9009093610486334,-0.8200729495659499,-0.06172410428878364,-0.8082593588399711
2017-03,2017-03-01,76.0959458701516,102.93741,11.723758,2.4,3.91,3687391.01,6.29099889312561,0.79,4.196,1.168695652173913,False,243.892,2.44119623655914,13464.6,6.336971458356366,4.4,96.9,False,2.0,2366.822173913043,,186.504,5.620115528372405,2.4817391304347827,115.65584782608695,-1.4231883412890616,-0.886273852628191,-0.8090428554524662,0.057985275470435534,-0.7651299434748208
2017-04,2017-04-01,76.88206770310165,102.08817,11.756991,2.49,3.68,3702096.52,6.076103425103208,0.9,4.045,1.0563157894736843,False,244.193,2.176223471915395,13520.3,6.1089790376631425,4.4,97.0,False,2.3,2359.3094736842104,,188.518,5.627710478837256,2.2973684210526315,114.769795,-1.3058873712148,-0.8516591156425486,-0.737462736334418,0.17340529145032718,-0.6804009829353598
2017-05,2017-05-01,76.88206770310165,102.08817,11.756991,2.49,3.68,3713714.97,5.993379882877825,0.91,4.01,1.0018181818181817,False,244.004,1.8563431667619756,13567.4,5.9895161983329,4.4,97.1,False,2.3,2395.345909090909,,190.513,5.651556659753099,2.3036363636363637,114.25913181818181,-1.2835448477607243,-0.837767074326394,-0.7274258977938001,0.2207867661063952,-0.6569877634436307
2017-06,2017-06-01,76.88206770310165,102.08817,11.756991,2.49,3.68,3730076.97,5.814004995685296,1.04,3.904,0.8445454545454546,False,244.163,1.640565809959127,13577.0,5.663343528441245,4.3,95.0,False,2.3,2433.9854545454546,,192.24,5.686766064124571,2.186818181818182,112.76027272727273,-1.2617974621879129,-0.8240585369963531,-0.7174828023512404,0.3780024599645783,-0.606334085392732
2017-07,2017-07-01,77.63755538672554,102.80463,11.818444,2.54,3.64,3746255.82,5.701465407570727,1.15,3.9675000000000002,0.9455,False,244.243,1.7251073506566073,13638.5,5.6650112726906565,4.3,93.4,False,3.2,2454.1025,12.90497331615752,193.484,5.728961748633887,2.318,111.060555,-1.153061072972332,-0.7720300606699507,-0.6726432806818631,0.5408660158122506,-0.5142170996279738
2017-08,2017-08-01,77.63755538672554,102.80463,11.818444,2.54,3.64,3758689.36,5.423760569612468,1.16,3.88,0.8739130434782609,False,245.183,1.92812155729698,13695.0,5.45404144239876,4.4,96.8,False,3.2,2456.223043478261,12.801063214414587,194.318,5.815789760289269,2.2091304347826086,109.90586086956522,-1.1349830125856546,-0.7589765598190743,-0.6618361716650835,0.626539999167667,-0.4823139362255363
2017-09,2017-09-01,77.63755538672554,102.80463,11.818444,2.54,3.64,3774834.53,5.196044305979264,1.15,3.8049999999999997,0.8175000000000001,False,246.435,2.1805652303711787,13743.0,5.288560987381907,4.3,95.1,False,3.2,2492.841,15.532810537543318,194.786,5.905124371347004,2.202,108.85424499999999,-1.1173246611909455,-0.7460692854756779,-0.6511100363090677,0.7083685300045856,-0.45153386324277633
2017-10,2017-10-01,78.62529764788064,102.27408,11.816704,2.48,3.57,3796900.76,5.4347034409568895,1.15,3.895,0.8104761904761905,False,246.626,2.020757753132485,13801.5,5.158291744447419,4.2,100.7,False,4.6,2556.997272727273,19.317418240189465,195.049,6.008924252553083,2.3600000000000003,110.88917619047619,-0.9834621944256472,-0.7347246930445592,-0.6800944050868286,0.8190424448275542,-0.3948097119323702
2017-11,2017-11-01,78.62529764788064,102.27408,11.816704,2.48,3.57,3815576.66,5.48920599205025,1.16,3.9219999999999997,0.6566666666666666,False,247.284,2.172493864295566,13849.1,4.804679814139323,4.2,98.5,False,4.6,2593.6057142857144,19.797821166751373,195.412,6.0857102528745655,2.3533333333333335,111.163525,-0.9688345805673327,-0.7224109499497798,-0.6684720657646267,0.9638867643374688,-0.3489577079860676
2017-12,2017-12-01,78.62529764788064,102.27408,11.816704,2.48,3.57,3830784.99,5.344440173628717,1.3,3.95,0.5585,False,247.805,2.129930719552253,13887.3,4.884219748349761,4.1,95.9,False,4.6,2664.3405,18.592809205580174,195.808,6.201525160814425,2.4025,110.87581,-0.954512539190655,-0.7102632764126524,-0.6569326293471758,1.3357907619555618,-0.24647942074873036
2018-01,2018-01-01,74.89724433320706,103.74395,11.644589,2.5,3.48,3847852.48,5.324397292244609,1.41,4.032500000000001,0.5519047619047619,False,248.859,2.151318868063945,13902.4,4.3809924242993015,4.0,95.7,False,3.3,2789.8038095238094,22.622486480856765,196.08,6.202742812574491,2.583809523809524,108.35677619047618,-1.3917840500783112,-0.8150495391552514,-0.6315934456467294,1.7421210063889954,-0.2740765071228241
2018-02,2018-02-01,74.89724433320706,103.74395,11.644589,2.5,3.48,3863895.27,5.28182984997887,1.42,4.33,0.6836842105263158,False,249.529,2.263468931091861,13949.8,4.14028905876731,4.1,99.7,False,3.3,2705.1552631578948,16.10554279247227,196.871,6.419632963053057,2.8589473684210525,107.6500947368421,-1.3708342975016408,-0.803314974872158,-0.6199061073403453,1.9228943646083627,-0.2177902537764454
2018-03,2018-03-01,74.89724433320706,103.74395,11.644589,2.5,3.48,3876825.89,5.137368927956465,1.51,4.444,0.5666666666666667,False,249.577,2.3309497646499366,14014.5,4.084042600597115,4.0,101.4,False,3.3,2702.7738095238096,14.194206870021887,198.538,6.452408527431053,2.8423809523809522,107.94717499999999,-1.35062890220011,-0.791883279961984,-0.608278562669916,2.2314699819279706,-0.12983019072600976
2018-04,2018-04-01,75.50581232806583,102.98411,11.598389,2.5,3.22,3884786.86,4.934780576709552,1.69,4.4675,0.4847619047619047,False,250.227,2.4709963021052994,14034.8,3.8053889336775004,4.0,98.8,False,2.1,2653.625238095238,12.474657000017665,200.576,6.396206197816645,2.869047619047619,107.94335714285714,-1.2565419293591225,-0.8118851751614535,-0.5964114992953293,2.681195342338816,0.004089184630727716
2018-05,2018-05-01,75.50581232806583,102.98411,11.598389,2.5,3.22,3900697.67,5.034923291380111,1.7,4.586,0.4659090909090909,False,250.792,2.781921607842497,14091.0,3.8592508513053403,3.8,98.0,False,2.1,2701.4936363636366,12.780940160284327,202.413,6.246292903896333,2.977727272727273,111.04704090909091,-1.238629953934452,-0.799307693573146,-0.5845892547236007,2.746002189062696,0.030868821707874305
2018-06,2018-06-01,75.50581232806583,102.98411,11.598389,2.5,3.22,3903142.23,4.639723560449749,1.82,4.57,0.379047619047619,False,251.018,2.8075506935940187,14133.2,4.096634013405032,4.0,98.2,False,2.1,2754.3528571428574,13.162256249277027,204.006,6.120474406991261,2.9123809523809525,112.84441904761906,-1.2213026715159347,-0.7869540450560136,-0.5728062706747422,3.0276258300892573,0.11164071071064174
2018-07,2018-07-01,76.31689744523825,103.4489,11.619573,2.52,2.99,3925600.56,4.787306276377046,1.91,4.5275,0.28238095238095234,False,251.214,2.854124785561929,14170.0,3.8970561278732996,3.8,97.9,False,2.5,2793.6433333333334,13.835641882657047,204.915,5.907982055363736,2.889047619047619,113.05953333333333,-1.1045652892874687,-0.7600449936509263,-0.5475962156247615,3.2363454848281474,0.20603474656624776
2018-08,2018-08-01,76.31689744523825,103.4489,11.619573,2.52,2.99,3945836.92,4.979064298093516,1.91,4.55,0.2534782608695652,False,251.663,2.6429238568742575,14221.3,3.843008397225267,3.8,96.2,False,2.5,2857.8204347826086,16.350200458002597,205.293,5.647958501013806,2.889130434782609,113.83163043478261,-1.0906224667921174,-0.7490435899189904,-0.5362126993584709,3.2552071182866635,0.21983209055427122
2018-09,2018-09-01,76.31689744523825,103.4489,11.619573,2.52,2.99,3958356.01,4.8617092627898595,1.95,4.6274999999999995,0.23631578947368423,False,252.182,2.332055105808828,14243.9,3.6447646074365014,3.7,100.1,False,2.5,2901.5005263157896,16.39332497803869,205.341,5.418767262534274,3.004210526315789,114.07866315789474,-1.0772036818365736,-0.7383711332787527,-0.5248522199477453,3.311102751344537,0.2426689290703663
2018-10,2018-10-01,76.95711645593826,105.04941,11.66641,2.54,2.83,3976162.39,4.72126192731992,2.19,4.83,0.2913636363636364,False,252.772,2.492032470218053,14257.6,3.3047132558055248,3.8,98.6,False,0.6,2785.4647826086957,8.934992317678203,205.338,5.275084722300538,3.152272727272727,114.83125909090909,-0.9797976685512084,-0.6921431355153572,-0.49817151333111426,3.602476911752303,0.35809114858865576
2018-11,2018-11-01,76.95711645593826,105.04941,11.66641,2.54,2.83,3991299.11,4.605396920527327,2.2,4.866,0.258,False,252.594,2.147328577667773,14288.4,3.1720472810507383,3.8,97.5,False,0.6,2723.229523809524,4.997822483573144,205.076,4.945448590669965,3.117,116.16904500000001,-0.965931839823262,-0.682819390035846,-0.4853737016042514,3.4107054318161034,0.31914512508818593
2018-12,2018-12-01,76.95711645593826,105.04941,11.66641,2.54,2.83,4007041.95,4.601066373082974,2.27,4.6375,0.1563157894736842,False,252.767,2.0023809043401064,14392.0,3.6342557588588287,3.9,98.3,False,0.6,2567.3073684210526,-3.6419193259625504,204.666,4.523819251511685,2.8326315789473684,116.2118052631579,-0.9524086245329538,-0.6740359006492095,-0.47251100427577475,3.342354912081576,0.31084984565590945
2019-01,2019-01-01,73.94043400700326,104.34017,11.49991,2.54,2.69,4027126.21,4.6590593306737205,2.4,4.464,0.17047619047619048,False,252.561,1.4875893578291333,14460.2,4.012256876510545,4.0,91.2,False,2.5,2607.3900000000003,-6.538589161757047,204.167,4.124337005303946,2.713809523809524,114.44248999999999,-1.34068564125878,-0.807371243780576,-0.45951201466070635,3.3709661160926068,0.19084930409813605
2019-02,2019-02-01,73.94043400700326,104.34017,11.49991,2.54,2.69,4039735.38,4.550850830902564,2.4,4.37,0.17210526315789473,False,253.319,1.5188615351321877,14506.6,3.991455074624728,3.8,93.8,False,2.5,2754.8642105263157,1.8375635604143792,204.391,3.819760147507756,2.6763157894736844,114.41300555555556,-1.326746247266854,-0.8015830500148787,-0.44642514479846546,3.194008505042479,0.15481351574057023
2019-03,2019-03-01,73.94043400700326,104.34017,11.49991,2.54,2.69,4051283.51,4.5000117351156055,2.41,4.265,0.16142857142857142,False,254.277,1.8831863513063984,14559.5,3.8888294266652412,3.8,98.4,False,2.5,2803.9838095238097,3.7446714794765468,205.737,3.6260061046248016,2.570952380952381,114.78351904761905,-1.3137783786495516,-0.7970154032294942,-0.43323760805447203,3.054216072744356,0.12754617070270957
2019-04,2019-04-01,74.88776101179319,102.92245,11.626991,2.59,2.6,4068160.66,4.7203052988086025,2.42,4.1425,0.18761904761904763,False,255.233,2.000583470209061,14594.0,3.9843816798244447,3.7,97.2,False,3.4,2903.8,9.427659878767836,207.65,3.526842693044041,2.532380952380952,114.90375454545455,-1.1716141302472225,-0.6712660196964152,-0.3803875010722472,2.9305957010361627,0.17683201250506952
2019-05,2019-05-01,74.88776101179319,102.92245,11.626991,2.59,2.6,4082900.98,4.671044141700942,2.39,4.072,0.18863636363636366,False,255.296,1.7959105553606136,14703.2,4.344617131502382,3.6,100.0,False,3.4,2854.7059090909092,5.671391213547516,209.313,3.408871959804949,2.395,115.95738181818182,-1.161171881405828,-0.6632978928034016,-0.3662478992205622,2.765575145027044,0.1437143678993129
2019-06,2019-06-01,74.88776101179319,102.92245,11.626991,2.59,2.6,4093846.76,4.885923155303518,2.38,3.8024999999999998,0.26,False,255.213,1.671194894390049,14798.8,4.709478391305577,3.6,98.2,False,3.4,2890.166,4.930854901358739,210.548,3.2067684283795472,2.074,115.42707,-1.1516687924210196,-0.6561452744203801,-0.35186983726079163,2.6445077737485714,0.12120596741159506
2019-07,2019-07-01,75.8319589507416,104.61492,11.646611,2.6,2.44,4117949.98,4.899872441428421,2.4,3.765,0.2240909090909091,False,255.802,1.826331335037068,14882.7,5.02964008468596,3.7,98.4,False,4.8,2996.1136363636365,7.247535883140754,211.298,3.1149501012615044,2.059090909090909,115.0775909090909,-1.0064534388274393,-0.6281949760583048,-0.32789255130361933,2.573987152392276,0.15286154655072814
2019-08,2019-08-01,75.8319589507416,104.61492,11.646611,2.6,2.44,4133850.51,4.764859618171946,2.13,3.6159999999999997,0.055,False,256.036,1.7376412106666406,14974.4,5.295577760120396,3.6,89.8,False,4.8,2897.498181818182,1.3883918860910338,211.656,3.099472461311392,1.6263636363636365,117.10038636363637,-0.9987380521220042,-0.6209653641724028,-0.31223514013171083,2.1369995906835997,0.051265258564370475
2019-09,2019-09-01,75.8319589507416,104.61492,11.646611,2.6,2.44,4146108.73,4.743199437485668,2.04,3.605,0.051500000000000004,False,256.43,1.6844977040391562,15047.2,5.639607130069724,3.5,93.2,False,4.8,2982.156,2.779784906212779,211.835,3.1625442556527883,1.6995,117.32392,-0.9920386968606216,-0.6147852853581944,-0.2960705930545979,1.9628872608871777,0.014998171403440952
2019-10,2019-10-01,76.73049295553965,105.78193,11.727653,2.61,2.34,4163507.6,4.711709221715155,1.83,3.6879999999999997,0.15545454545454546,False,257.155,1.7339736996186295,15185.6,6.508809336774779,3.6,95.5,False,2.8,2977.675217391304,6.900479804400761,211.928,3.2093426448100315,1.7068181818181818,116.74625909090909,-0.8465822666175424,-0.5132420263550462,-0.26872641184120966,1.6457975906696574,0.004311721463964802
2019-11,2019-11-01,76.73049295553965,105.78193,11.727653,2.61,2.34,4164527.56,4.340152046384715,1.55,3.6950000000000003,0.19947368421052633,False,257.879,2.092290394862917,15301.3,7.088967274152447,3.6,96.8,False,2.8,3104.9044999999996,14.015527257377514,212.067,3.4089800854317565,1.8121052631578947,116.55946842105263,-0.8405943360361584,-0.5043578355186623,-0.25057362871075595,1.2522016417157484,-0.08583103963745708
2019-12,2019-12-01,76.73049295553965,105.78193,11.727653,2.61,2.34,4192191.39,4.620601488836429,1.55,3.72,0.24952380952380954,False,258.63,2.3195274699624457,15351.5,6.666898276820454,3.6,99.3,False,2.8,3176.749523809524,23.73857384140532,212.199,3.6806308815338307,1.8628571428571428,115.90961,-0.8357867812969713,-0.4963725273611565,-0.2313570211258293,1.2306190856212318,-0.08322431104068134
2020-01,2020-01-01,77.45634149736085,106.77007,11.591159,2.69,2.35,4171617.45,3.58794913457654,1.55,3.624,0.23857142857142857,False,259.127,2.599767976845202,15425.0,6.672106886488427,3.6,99.8,False,-5.2,3278.202857142857,25.727369405530286,212.36,4.012891407524233,1.7576190476190479,115.27938571428571,-0.7026029266358534,-0.6695520912102055,-0.10994804490839459,1.2095426289462174,-0.06814010845205903
2020-02,2020-02-01,77.45634149736085,106.77007,11.591159,2.69,2.35,4185098.21,3.598325541808145,1.58,3.4650000000000003,0.1731578947368421,False,259.25,2.3413166797595197,15492.8,6.798284918588782,3.5,101.0,False,-5.2,3277.314210526316,18.964637095495405,213.179,4.2996022329750305,1.5042105263157897,116.71054210526317,-0.6913990121512175,-0.6667571445894607,-0.08234294853088864,1.2272671617455506,-0.05330798588150404
2020-03,2020-03-01,77.45634149736085,106.77007,11.591159,2.69,2.35,4169625.96,2.9211100558104386,0.65,3.45,0.42181818181818187,False,258.076,1.4940399642909163,16034.4,10.130155568529142,4.4,89.1,True,-5.2,2652.3936363636367,-5.406242812290596,215.154,4.577202933842717,0.87,121.02274090909091,-0.6804532481928478,-0.6662370155590122,-0.05100052088834627,0.01119305177748346,-0.3466244332156807
2020-04,2020-04-01,77.48874809797769,132.66287,9.739844,2.45,2.54,4105366.12,0.9145523766015629,0.05,3.306,0.43285714285714283,False,256.032,0.3130472940411133,17064.0,16.924763601480052,14.8,71.8,True,-28.0,2761.975238095238,-4.884109164018247,217.197,4.597640260052982,0.6576190476190477,123.28034545454544,-0.6636012003972628,-3.354933147695725,-0.39405276156992824,-0.7687543359785866,-1.2953353614103758
2020-05,2020-05-01,77.48874809797769,132.66287,9.739844,2.45,2.54,4089170.25,0.15354940104377324,0.05,3.2325,0.5035000000000001,False,255.802,0.1982013035848551,17931.9,21.95916535176017,13.2,72.3,False,-28.0,2919.6150000000002,2.2737575419725653,218.443,4.361888654789725,0.674,122.61501000000001,-0.6527586988877099,-3.2811888507861435,-0.3827941357391286,-0.7662832467537983,-1.270756233041695
2020-06,2020-06-01,77.48874809797769,132.66287,9.739844,2.45,2.54,4101550.07,0.1881680104704353,0.08,3.1625,0.5436363636363637,False,257.042,0.7166562831830481,18180.0,22.84779847014624,11.0,78.1,False,-28.0,3104.6609090909087,7.4215428833813935,219.769,4.379523909037375,0.7286363636363636,119.67660454545454,-0.6422004406962385,-3.2175573574117298,-0.37234057461755016,-0.7256389235290341,-1.2394343240636383
2020-07,2020-07-01,78.69784131432228,124.14692,10.05851,1.99,2.83,4117867.62,-0.0020000242936357715,0.09,3.016,0.4754545454545455,False,258.352,0.9968647625897997,18331.4,23.172542616595116,10.2,72.5,False,34.9,3207.6190909090906,7.059326855244286,221.526,4.8405569385417735,0.6236363636363637,118.69004999999999,-0.3989086859930234,-2.7162349620503785,-1.2111807604453941,-0.7112044149957067,-1.2593822058711257
2020-08,2020-08-01,78.69784131432228,124.14692,10.05851,1.99,2.83,4113232.46,-0.4987613836089033,0.1,2.935,0.5104761904761905,False,259.316,1.2810698495523853,18413.3,22.965193930975538,8.4,74.1,False,34.9,3391.71,17.056501408111323,224.005,5.834467248743236,0.65,116.94534761904762,-0.38484552517395293,-2.6895073099755082,-1.2345301195058644,-0.6967982727958058,-1.251420306862783
2020-09,2020-09-01,78.69784131432228,124.14692,10.05851,1.99,2.83,4128741.9,-0.41887058760274876,0.09,2.89,0.5447619047619048,False,259.997,1.3910228912373812,18605.0,23.644266042851815,7.8,80.4,False,34.9,3365.516666666667,12.855151328993752,226.754,7.042745533079975,0.6795238095238095,116.34313333333334,-0.3705309288455761,-2.6688113625651897,-1.267392201135218,-0.7082041878301196,-1.253734670094026
2020-10,2020-10-01,79.9596870683535,125.62864,10.389381,2.1,2.75,4134691.98,-0.6920996133164325,0.09,2.834,0.6376190476190476,False,260.319,1.2303863428671624,18759.9,23.537430197028762,6.9,81.8,False,4.6,3418.701363636363,14.811089660457831,229.761,8.414650258578394,0.7871428571428571,115.77981428571428,-0.09079589845954153,-2.1526232585596907,-1.0437936743317187,-0.706627665700332,-0.9984601242628207
2020-11,2020-11-01,79.9596870683535,125.62864,10.389381,2.1,2.75,4135727.09,-0.69156632019024,0.09,2.765,0.7042105263157895,False,260.911,1.1757452138405844,19002.4,24.18814087691896,6.7,76.9,False,4.6,3548.9925000000003,14.30279095540623,232.261,9.522462240706941,0.8700000000000001,114.09840000000001,-0.0691854304874085,-2.1380484857869644,-1.0556283633024113,-0.705054524091243,-0.9919792009170068
2020-12,2020-12-01,79.9596870683535,125.62864,10.389381,2.1,2.75,4149026.48,-1.029650270809801,0.09,2.684,0.7977272727272727,False,262.045,1.3204191315779434,19119.4,24.544181350356652,6.7,80.7,False,4.6,3695.3100000000004,16.323618601463565,234.31,10.419936003468443,0.9336363636363636,111.89921428571428,-0.046124973191919535,-2.1271301842484305,-1.0733302383871335,-0.7036371100706363,-0.9875556264745299
2021-01,2021-01-01,72.74260136181726,124.03752,9.051457,1.88,2.68,4157571.02,-0.3367142401803913,0.09,2.735,0.9500000000000001,False,262.687,1.3738437137002402,19375.3,25.60972447325769,6.4,79.0,False,5.7,3793.748421052632,15.72646923867007,236.385,11.313335844791862,1.0810526315789473,111.48727222222222,-1.6720757350455973,-3.973760652476287,-1.6174742937223028,-0.7023755325760758,-1.9914215534550657
2021-02,2021-02-01,72.74260136181726,124.03752,9.051457,1.88,2.68,4176857.93,-0.19689573784219538,0.08,2.81,1.1426315789473684,False,263.579,1.6698167791706853,19641.4,26.777599917381,6.2,76.8,False,5.7,3883.432105263158,18.494347987448645,239.167,12.190694205339181,1.2578947368421052,112.01705263157895,-1.65740867397094,-3.768546334122661,-1.6333083287598595,-0.714043824266051,-1.9433267902798779
2021-03,2021-03-01,72.74260136181726,124.03752,9.051457,1.88,2.68,4188484.51,0.4522839741720963,0.07,3.0825,1.463913043478261,False,264.961,2.6678187820641908,19874.5,23.94913436112358,6.1,84.9,False,5.7,3910.508260869565,47.43317912007854,244.166,13.48429497011443,1.6108695652173912,113.33664347826087,-1.6445246497585373,-3.5924088289205804,-1.655744804284398,-0.7258486189304942,-1.9046317254735026
2021-04,2021-04-01,75.76191590114496,121.78582,9.841025,1.59,2.47,4205750.36,2.4451958014404918,0.07,3.06,1.471818181818182,False,266.614,4.133077115360573,20174.1,18.2260900140647,6.1,88.3,False,7.0,4141.176190476191,49.93531199548702,249.776,14.999746773666311,1.635,112.63228636363637,-0.925238376053205,-2.4386542637082638,-2.4330573564621942,-0.725358432958517,-1.630577107295545
2021-05,2021-05-01,75.76191590114496,121.78582,9.841025,1.59,2.47,4237470.5,3.6266587335169076,0.06,2.9625,1.466,False,268.383,4.918257089467626,20457.2,14.08272408389517,5.8,82.9,False,7.0,4167.8495,42.75339385501171,255.399,16.9179145131682,1.621,111.21226999999999,-0.9173554984986783,-2.383099076250335,-2.4345843039586037,-0.7377884093401268,-1.6182068220119357
2021-06,2021-06-01,75.76191590114496,121.78582,9.841025,1.59,2.47,4388618.86,6.999031709979842,0.08,2.975,1.3163636363636364,False,270.654,5.295632620349999,20472.1,12.607810781078111,5.9,85.5,False,7.0,4238.489545454546,36.52020847248143,261.114,18.81293540035218,1.5190909090909093,111.57769545454545,-0.910376970288786,-2.331631479301772,-2.4431712415156843,-0.7117804461406981,-1.599240034311735
2021-07,2021-07-01,77.22057772916654,118.54086,10.009588,1.53,2.3,4405901.33,6.994729714016401,0.1,2.868,1.099047619047619,False,271.903,5.245169381309234,20629.1,12.534230882529407,5.4,81.2,False,3.3,4363.7128571428575,36.04211514734785,265.44,19.823406733295414,1.3185714285714287,113.06331904761906,-0.5320233086587914,-2.063508416438727,-2.5883777270908386,-0.6864174948988944,-1.467581736771813
2021-08,2021-08-01,77.22057772916654,118.54086,10.009588,1.53,2.3,4423403.41,7.54080769847858,0.09,2.8425000000000002,1.0659090909090911,False,272.676,5.152015301793966,20843.2,13.196439530122262,5.1,70.3,False,3.3,4454.206363636364,31.326273874722887,268.707,19.955804557933977,1.2831818181818182,113.40253636363636,-0.5208229844235477,-2.025929140060349,-2.5669876454594287,-0.6991820315007451,-1.4532304503610178
2021-09,2021-09-01,77.22057772916654,118.54086,10.009588,1.53,2.3,4447135.68,7.711641650450463,0.08,2.9,1.1338095238095238,False,273.91,5.351215590949132,20984.5,12.789572695511954,4.7,72.8,False,3.3,4445.543333333333,32.09096176416695,271.357,19.670215299399363,1.3747619047619049,113.44374761904761,-0.5098492827555202,-1.990694551925476,-2.5511390882484153,-0.7121059137835685,-1.440947209178245
2021-10,2021-10-01,78.83963979912036,119.3588,10.228796,1.57,2.29,4464959.71,7.987722703348754,0.08,3.0675,1.19,False,276.55,6.235042390298062,21163.3,12.811368930538002,4.5,71.7,False,7.0,4460.7071428571435,30.47957889227364,273.566,19.06546367747355,1.5825,114.06348499999999,-0.03994089872943762,-1.66847489340327,-2.398428842484623,-0.7122692041855251,-1.204778459700714
2021-11,2021-11-01,78.83963979912036,119.3588,10.228796,1.57,2.29,4490204.4,8.571100130303822,0.08,3.0675,1.0515,False,278.919,6.901970403700863,21340.1,12.302130257230658,4.1,67.4,False,7.0,4667.386666666666,31.513004512313447,275.934,18.80341512350332,1.5595,114.989795,-0.014812514036788352,-1.6421015038321627,-2.367708233661951,-0.7122692041855251,-1.1842228639291068
2021-12,2021-12-01,78.83963979912036,119.3588,10.228796,1.57,2.29,4512720.41,8.765765457346507,0.08,3.098,0.785,False,280.845,7.174340285065539,21502.0,12.46168812828854,3.9,70.6,False,7.0,4674.772727272727,26.505563194230696,278.507,18.862617899364096,1.4649999999999999,115.8045380952381,0.012542897325709824,-1.616976707277142,-2.340885524204903,-0.7124325327572962,-1.164437966728408
2022-01,2022-01-01,72.92352598005726,120.39819,10.472393,1.69,2.09,4526943.79,8.88434059750589,0.08,3.4450000000000003,0.7835,False,282.543,7.558805726967832,21646.4,11.721624955484566,4.0,67.2,False,-1.0,4573.8155,20.561908497109215,281.882,19.24699113733952,1.764,115.03728000000001,-1.8112385305464704,-1.2664660463121766,-1.9534319526032577,-0.7124325327572963,-1.4358922655548003
2022-02,2022-02-01,72.92352598005726,120.39819,10.472393,1.69,2.09,4558299.13,9.132252195132718,0.08,3.7625,0.49894736842105264,False,284.5,7.937278766517819,21724.7,10.606677731729919,3.9,62.8,False,-1.0,4435.98052631579,14.228352809458688,287.098,20.040808305493663,1.9342105263157894,114.99774210526316,-1.7902735005078168,-1.2449593911650438,-1.9271086484183737,-0.7121089123081675,-1.4186126130998504
2022-03,2022-03-01,72.92352598005726,120.39819,10.472393,1.69,2.09,4598631.98,9.792264219212798,0.2,4.172,0.21826086956521737,False,287.674,8.572204966013853,21787.2,9.623889909180106,3.7,59.4,False,-1.0,4391.265217391305,12.293976241718397,294.891,20.77480075030922,2.1278260869565218,116.29083913043478,-1.771141982494751,-1.2239950587528796,-1.9028899919197377,-0.5580312833255684,-1.364014579123234
2022-04,2022-04-01,74.3296692330721,118.20207,10.684739,1.83,1.95,4631140.48,10.114488107658403,0.33,4.9825,0.20950000000000002,False,288.561,8.231750770777225,21767.6,7.898741455628744,3.7,65.2,False,0.6,4391.296,6.039825354425421,301.508,20.71135737620906,2.7475,117.16879523809523,-1.311928275521016,-0.9234228896943829,-1.4588686312248467,-0.39240675780200707,-1.0216566385605632
2022-05,2022-05-01,74.3296692330721,118.20207,10.684739,1.83,1.95,4660972.28,9.99421187710925,0.77,5.2299999999999995,0.2814285714285714,False,291.298,8.538171195642065,21717.4,6.160178323524246,3.6,58.4,False,0.6,4040.3599999999997,-3.0588796452463263,306.269,19.91785402448718,2.8980952380952383,119.69619047619047,-1.302019910072363,-0.9081877599918189,-1.439842856573957,0.1707824675509379,-0.8698170147718002
2022-06,2022-06-01,74.3296692330721,118.20207,10.684739,1.83,1.95,4698764.18,7.0670370313269615,1.21,5.522,0.14523809523809525,False,294.957,8.979361103105798,21646.7,5.737564783290439,3.6,50.0,False,0.6,3898.9466666666667,-8.01094057556454,308.065,17.98103510344142,3.1433333333333335,120.02570952380954,-1.2933808287608224,-0.8931624913368352,-1.4217623373197399,0.7293372208795519,-0.7197421091344613
2022-07,2022-07-01,75.56457209091677,117.43832,10.567838,2.05,1.84,4722381.39,7.183094588275751,1.68,5.4125,-0.13999999999999999,True,294.913,8.462576727730099,21649.2,4.94495639654664,3.5,51.5,False,2.9,3911.7295,-10.357770365275453,306.9,15.619349005424944,2.896,122.7512,-0.8729070076117941,-1.0326671081564662,-0.7301196340206647,1.3142973701065064,-0.33034909492060466
2022-08,2022-08-01,75.56457209091677,117.43832,10.567838,2.05,1.84,4752120.15,7.431308192620856,2.33,5.2225,-0.3521739130434782,True,295.097,8.222579178218826,21641.9,3.8319451907576685,3.6,58.2,False,2.9,4158.563043478261,-6.637396115539273,303.477,12.939744777769091,2.8978260869565218,122.31775217391305,-0.8657368727187723,-1.0155918215978181,-0.7170870240052435,2.09224075577645,-0.12654374063634588
2022-09,2022-09-01,75.56457209091677,117.43832,10.567838,2.05,1.84,4778706.17,7.4558213164299,2.56,6.112,-0.3376190476190476,True,296.349,8.192106896425821,21541.3,2.6533870237556156,3.5,58.6,False,2.9,3850.520476190476,-13.384704917423452,300.305,10.667865579292224,3.5190476190476194,125.59460000000001,-0.859543539236924,-0.9988100184161173,-0.7041603804366591,2.308672492174833,-0.06346036147871681
2022-10,2022-10-01,76.36867578086019,117.36678,10.736945,2.26,1.79,4812477.06,7.783213569020075,3.08,6.9,-0.3915,True,298.007,7.758813957693,21464.1,1.4213284317663,3.6,59.9,False,2.8,3726.050952380953,-16.469500618362343,298.513,9.1191887880804,3.9835000000000003,127.480605,-0.5595651552181475,-0.7598467594260587,-0.02561474318137132,2.8278545469183887,0.37070697227320276
2022-11,2022-11-01,76.36867578086019,117.36678,10.736945,2.26,1.79,4843070.13,7.858567195738342,3.78,6.805,-0.6125,True,298.786,7.122856456533988,21409.4,0.3247407462945384,3.6,56.7,False,2.8,3917.488571428571,-16.06676602548668,296.693,7.523175831901807,3.8909999999999996,124.85272,-0.5493401100947908,-0.7478656198941354,-0.013724788117195411,3.449993878116334,0.5347658400025531
2022-12,2022-12-01,76.36867578086019,117.36678,10.736945,2.26,1.79,4858438.6,7.660970735831585,4.1,6.364,-0.6723809523809524,True,298.832,6.404600402357152,21293.1,-0.9715375313924302,3.5,59.8,False,2.8,3912.3809523809523,-16.308638288316445,294.187,5.6300200713087944,3.616190476190476,122.23432857142858,-0.5395286900548135,-0.7360003316432003,-0.0016290466144762404,3.573897791006306,0.574184930673454
2023-01,2023-01-01,71.66575337540226,115.58614,10.564109,2.47,1.74,4873575.56,7.65708137940011,4.33,6.2725,-0.6759999999999999,True,300.42,6.327178517960097,21274.0,-1.7203784463005412,3.5,64.9,False,2.9,3960.6565,-13.405853384335241,292.683,3.831745198345393,3.5315,119.81006500000001,-2.3452940619161273,-0.9512917868660002,0.6902832999683062,3.58018202718058,0.2434698695916897
2023-02,2023-02-01,71.66575337540226,115.58614,10.564109,2.47,1.74,4885540.12,7.179015256947396,4.57,6.2575,-0.7868421052631579,True,301.45,5.957820738137087,21240.2,-2.2301803937453735,3.6,66.9,False,2.9,4079.684736842105,-8.031951162995721,293.481,2.223282642164004,3.7468421052631578,120.30837368421054,-2.2881690392855822,-0.9355382695790546,0.6980954855882903,3.582642169545226,0.26425758656721987
2023-03,2023-03-01,71.66575337540226,115.58614,10.564109,2.47,1.74,4909166.04,6.752748672878139,4.65,6.544,-0.6395652173913043,True,301.821,4.917719362889961,20942.3,-3.877965043695386,3.5,62.0,False,2.9,3968.5591304347827,-9.626065974845332,297.403,0.8518401714531887,3.6630434782608696,120.74501304347825,-2.234882423509093,-0.9200140961155953,0.7060098692930579,3.4436788359996604,0.24869804641700755
2023-04,2023-04-01,72.26968340434712,117.44355,10.577002,2.75,1.72,4920123.88,6.240005053787523,4.83,6.342499999999999,-0.5559999999999999,True,302.845,4.950079879124369,20758.3,-4.636707767507664,3.4,63.7,False,2.5,4121.467368421053,-6.144624083162409,301.513,0.001658330790554885,3.46,119.24514500000001,-1.9651877671523095,-0.8881724476630297,1.6123839386048608,3.4001789707793555,0.5398006736422193
2023-05,2023-05-01,72.26968340434712,117.44355,10.577002,2.75,1.72,4925700.57,5.6796795624796115,5.06,6.425,-0.5581818181818181,True,303.334,4.131851231385042,20829.6,-4.087966331144621,3.6,59.0,False,2.5,4146.173181818182,2.6189047960622824,305.374,-0.29222676797193703,3.5736363636363637,119.62925454545456,-1.9302099854172923,-0.8737976614888793,1.5943546873173606,3.393894834402566,0.5460604687034387
2023-06,2023-06-01,72.26968340434712,117.44355,10.577002,2.75,1.72,4948993.26,5.325423247778316,5.08,6.714,-0.8914285714285713,True,304.014,3.070617072997095,20798.9,-3.9165323120845197,3.6,64.2,False,2.5,4345.372857142857,11.449917853271252,308.326,0.08472238001722143,3.7480952380952384,119.29695238095238,-1.8972549173747957,-0.8596090279333601,1.5767359525225575,3.230628187864386,0.512625048769697
2023-07,2023-07-01,72.91361487154595,118.13897,10.747842,2.94,1.72,4959786.57,5.027234363211841,5.12,6.84,-0.9289999999999999,True,304.609,3.287749268428297,20792.2,-3.958575836520517,3.5,71.5,False,4.7,4508.0755,15.245072543998761,310.243,1.0892798957315097,3.8994999999999997,118.04916499999999,-1.6297915907043907,-0.6200221571825263,2.1373128460231747,3.1018133236740177,0.7473281054525689
2023-08,2023-08-01,72.91361487154595,118.13897,10.747842,2.94,1.72,4946748.73,4.095615722174029,5.33,7.072,-0.7339130434782608,True,306.082,3.722504803505289,20782.0,-3.9733110309168818,3.7,69.4,False,4.7,4457.358695652174,7.185069675509781,311.603,2.6776329013401545,4.167826086956522,119.85634782608695,-1.6103374753963557,-0.6087314840222061,2.087221438489191,3.1017206824685997,0.7424682903848072
2023-09,2023-09-01,72.91361487154595,118.13897,10.747842,2.94,1.72,4955832.26,3.706570014954491,5.33,7.2,-0.643,True,307.276,3.687206638119256,20753.6,-3.656696671045856,3.7,67.8,False,4.7,4409.094999999999,14.50646808044378,312.457,4.046552671450687,4.379,121.64553000000001,-1.5922394833246332,-0.5974995228498612,2.0397690262184454,2.9604975173063446,0.702631884337574
2023-10,2023-10-01,73.50767488269241,119.61944,11.096141,3.1,1.7,4969075.88,3.254016965641404,5.33,7.62,-0.26952380952380955,True,307.696,3.2512659098611785,20737.5,-3.385187359358177,3.9,63.8,False,3.4,4269.4009090909085,14.582461798133872,312.805,4.787731187586486,4.798095238095239,123.49714761904761,-1.3544385515033268,-0.12084860215133819,2.4480859288616013,2.834806106983719,0.9519012205476638
2023-11,2023-11-01,73.50767488269241,119.61944,11.096141,3.1,1.7,4993202.32,3.0999383855711438,5.33,7.442,-0.3795238095238095,True,308.148,3.1333462745911866,20749.7,-3.0813567872056247,3.7,61.3,False,3.4,4460.0633333333335,13.850066235340774,312.044,5.1740351137370855,4.502857142857143,121.22211999999999,-1.35092718418845,-0.11140436794390692,2.3723997112578457,2.72203519783429,0.9080258392399446
2023-12,2023-12-01,73.50767488269241,119.61944,11.096141,3.1,1.7,4988225.92,2.671379236942517,5.33,6.815,-0.437,True,308.741,3.3159099427102934,20779.9,-2.410170430796821,3.8,69.7,False,3.4,4685.0515,19.749368914313536,310.865,5.6691832065998815,4.0200000000000005,119.83314,-1.3495981630593683,-0.10187995965228883,2.302147938645281,2.6199417608691227,0.8676528942006866
2024-01,2024-01-01,70.02180522407227,120.47631,11.058904,3.17,1.71,5002466.54,2.644690297979091,5.33,6.6425,-0.2647619047619048,True,309.698,3.0883429864855705,20835.5,-2.0612014665789213,3.7,79.0,False,0.8,4804.4914285714285,21.30543076814231,310.737,6.168448457887887,4.058095238095238,120.22735714285714,-2.706262708580415,-0.14378045545687893,2.419213001017349,2.527038104737946,0.5240519854295003
2024-02,2024-02-01,70.02180522407227,120.47631,11.058904,3.17,1.71,5015270.95,2.6554040456840955,5.33,6.776000000000001,-0.3365,True,310.967,3.157074141648697,20921.7,-1.4995150704795623,3.9,76.9,False,0.8,5011.961499999999,22.851686424170282,312.657,6.533983460598813,4.2075000000000005,121.06594,-2.6143465719881265,-0.1349292597178528,2.3430833623575777,2.4418857768494093,0.508923326875252
2024-03,2024-03-01,70.02180522407227,120.47631,11.058904,3.17,1.71,5014899.7,2.153800852089338,5.33,6.82,-0.3795,True,312.345,3.4868349120836584,20965.9,0.11269058317378011,3.9,79.4,False,0.8,5170.5725,30.288407708152974,316.84,6.535576305551705,4.2085,120.65883333333333,-2.5301679057167537,-0.12601960712730328,2.272462517819318,2.36337599226223,0.4949127493093728
2024-04,2024-04-01,70.56498176924894,119.50314,11.01936,3.22,1.73,5016163.86,1.9519829651118537,5.33,6.9925,-0.33409090909090905,True,313.023,3.3607951262196734,20955.5,0.9499814532018647,3.9,77.2,False,3.6,5112.492727272727,24.045449599940394,320.777,6.389110917273877,4.539090909090909,122.14281363636364,-2.2580933850606897,-0.17389094663451848,2.3286787726661102,2.290648564132891,0.5468357512759483
2024-05,2024-05-01,70.56498176924894,119.50314,11.01936,3.22,1.73,5024841.22,2.0127218167465655,5.33,7.06,-0.3740909090909091,True,313.175,3.244278584003113,21021.7,0.92224526635174,3.9,69.1,False,3.6,5235.225454545455,26.26644438063974,323.721,6.008042596946694,4.482272727272727,121.8583409090909,-2.2025110599843236,-0.16725491383431573,2.257789409718174,2.2230314424593236,0.5277637195897146
2024-06,2024-06-01,70.56498176924894,119.50314,11.01936,3.22,1.73,5026364.84,1.5633801853268237,5.33,6.9175,-0.431578947368421,True,313.044,2.9702579486470926,21070.7,1.3067998788397484,4.1,68.2,False,3.6,5415.140526315789,24.61854723040542,325.278,5.4980767110136775,4.3052631578947365,123.70947894736841,-2.1504380747270595,-0.16060438224553777,2.1917789629914943,2.1598856472056696,0.5101555383061417
2024-07,2024-07-01,71.15225002367907,120.17172,11.138759,3.2,1.74,5046177.03,1.7418180960153684,5.33,6.8475,-0.24727272727272728,True,313.569,2.9414757935583014,21098.8,1.4745914333259558,4.2,66.4,False,3.3,5538.004545454546,22.846313143037335,325.586,4.945478221909938,4.248636363636364,123.38243636363636,-1.8895267959806108,0.010670631828703557,2.0830721486763233,2.100781752174247,0.5762494341746658
2024-08,2024-08-01,71.15225002367907,120.17172,11.138759,3.2,1.74,5055767.38,2.203844503741337,5.33,6.5,-0.09454545454545454,True,314.062,2.607144490692037,21191.9,1.9723799441824674,4.2,67.9,False,3.3,5478.214545454545,22.902708072342072,325.026,4.307724893534393,3.8709090909090906,122.61374090909091,-1.8530958587506197,0.016585205326230156,2.0275874136237184,2.045250035172806,0.5590816988430336
2024-09,2024-09-01,71.15225002367907,120.17172,11.138759,3.2,1.74,5058345.12,2.0685296560057465,5.13,6.18,0.101,False,314.732,2.4264830315416708,21275.5,2.514744429882043,4.1,70.1,False,3.3,5621.2605,27.49238789366075,324.646,3.901016779908928,3.7235,121.88485499999999,-1.8184980549235168,0.022526505576386375,1.9752863552069002,1.8882664698797618,0.5168953189348828
2024-10,2024-10-01,70.98704093535315,121.43633,11.122486,3.08,1.78,5071852.9,2.0683326735594143,4.83,6.428,0.12318181818181818,False,315.631,2.578844053871343,21336.7,2.8894514767932478,4.1,70.5,False,1.9,5792.319565217392,35.670546958560536,323.966,3.568037595306972,4.095454545454545,123.5952909090909,-1.847682703898205,0.005770293644349227,1.6561761711044698,1.687685009033005,0.37548719247090473
2024-11,2024-11-01,70.98704093535315,121.43633,11.122486,3.08,1.78,5066243.61,1.4628145490407363,4.64,6.805,0.09842105263157895,False,316.528,2.719472461284833,21454.8,3.3981214186229236,4.2,71.8,False,1.9,5929.916,32.955869834434345,323.685,3.7305636384612484,4.35578947368421,126.31133684210526,-1.816796051863118,0.011728349579362,1.6215549742784359,1.5534332024050197,0.3424801185999249
2024-12,2024-12-01,70.98704093535315,121.43633,11.122486,3.08,1.78,4948059.37,-0.805227161804245,4.48,6.715,0.1657142857142857,False,317.604,2.870690967509981,21487.6,3.4056949263470804,4.1,74.0,False,1.9,6010.908571428571,28.299733128410054,323.305,4.001737088446755,4.3914285714285715,127.57578095238097,-1.7875904822203645,0.017713264198139705,1.5882876654458713,1.4399170586872525,0.31458187652772474
2025-01,2025-01-01,67.95052793590538,120.54515,11.105381,3.06,1.77,4956486.55,-0.9191463777386999,4.33,6.958,0.35714285714285715,False,318.961,2.9909783078999608,21539.2,3.377408749490063,4.0,71.7,False,-0.6,5979.5154999999995,24.45678359297132,323.659,4.158500596967851,4.629047619047618,128.83695238095237,-2.800918995008711,-0.001016263150066221,1.512131652369434,1.3354190770295904,0.011403867810061752
2025-02,2025-02-01,67.95052793590538,120.54515,11.105381,3.06,1.77,4958507.58,-1.131810635275854,4.33,6.842499999999999,0.24105263157894738,False,319.679,2.8015834477613355,21607.2,3.2765023874733012,4.2,64.7,False,-0.6,6038.69,20.48556238909658,325.127,3.9883962297341924,4.451052631578947,127.87583157894737,-2.6908392696247003,0.004277250766294176,1.482787212153261,1.3116797155713378,0.026976227216548132
2025-03,2025-03-01,67.95052793590538,120.54515,11.105381,3.06,1.77,5022633.7,0.15422043236477112,4.33,6.65,0.31047619047619046,False,319.785,2.381981462805549,21684.1,3.4255624609484725,4.2,57.0,False,-0.6,5683.983333333333,9.929477506278705,327.737,3.439275344022241,4.2804761904761905,126.24304285714285,-2.5910675772348366,0.009589133276105718,1.4544286991600262,1.288587635800241,0.04038447275038409
2025-04,2025-04-01,68.54846214249969,118.78171,11.124241,3.04,1.78,5038646.32,0.44820027071443835,4.33,6.725,0.5014285714285714,False,320.302,2.32538823025783,21770.9,3.8911025745031136,4.2,52.2,False,3.8,5369.495714285715,5.026960442251549,329.893,2.8418496338577848,4.279047619047619,124.14020000000001,-2.313411806470991,0.040486078251403004,1.3836854889607908,1.266097036327192,0.09421419926709867
2025-05,2025-05-01,,118.78171,11.124241,3.04,1.78,5048450.21,0.46984549294872835,4.33,6.816,0.5038095238095238,False,320.62,2.3772651073680873,21836.2,3.8745677086058583,4.3,52.2,False,3.8,5810.9195238095235,10.996547794598332,331.412,2.3758112695809075,4.423809523809524,122.3421619047619,,0.044790939033942614,1.358436544028003,1.2441837247439365,0.8824704026019607
2025-06,2025-06-01,,118.78171,11.124241,3.04,1.78,5044179.05,0.3544153790475679,4.33,6.8175,0.49450000000000005,False,321.435,2.680453865910226,21942.7,4.138448176852227,4.1,60.7,False,3.8,6029.9515,11.35355528995845,331.6,1.9435682708329516,4.3835,120.59387,,0.049107783888988746,1.3339180494232317,1.2228073582034393,0.8686110638385532
2025-07,2025-07-01,,121.02875,11.229451,2.98,1.78,5056652.31,0.2075884365079217,4.33,6.720000000000001,0.5095454545454546,False,322.169,2.742618052167134,22025.5,4.392192920924409,4.3,61.7,False,4.4,6296.498181818181,13.69615409554308,330.945,1.645955292918,4.391818181818182,120.11269090909092,,0.20296026138624954,1.181868300691826,1.201947817020187,0.8622587930327542
2025-08,2025-08-01,,121.02875,11.229451,2.98,1.78,5059151.34,0.06693266809281173,4.33,6.5875,0.5609523809523809,False,323.291,2.9385917430316155,22092.5,4.24973692778845,4.3,58.2,False,4.4,6408.949523809524,16.989750412882977,329.86,1.487265634133883,4.2647619047619045,120.57584285714286,,0.20786086772014567,1.1620249794734563,1.1815692777947508,0.8504850416627843
2025-09,2025-09-01,,121.02875,11.229451,2.98,1.78,5072661.64,0.28302774248032403,4.22,6.3525,0.5519047619047619,False,324.245,3.0225715847133294,22176.1,4.233038001457068,4.4,55.1,False,4.4,6584.018095238095,17.127076662575845,328.886,1.3060379613486717,4.12047619047619,120.0290619047619,,0.21278768761741457,1.1426194540175845,1.1054828096775977,0.8202966504375322
2025-10,2025-10-01,,122.56815,11.322759,2.94,1.79,5080761.86,0.1756549366800364,4.09,6.254,0.5404545454545455,False,,2.729136238202212,22249.8,4.279480894421339,,53.6,False,0.5,6735.691739130435,16.28660441281502,328.25,1.322360988498783,4.0618181818181816,120.7618,,0.3518343043953314,1.038761049290725,1.0206362461897982,0.8037438666252849
2025-11,2025-11-01,,122.56815,11.322759,2.94,1.79,5084254.9,0.35551567169902487,3.88,6.2375,0.543888888888889,False,325.063,2.6964439164939513,22279.8,3.8452933609262274,4.5,51.0,False,0.5,6740.885789473684,13.675906867376941,327.865,1.291378964116352,4.0938888888888885,121.41771666666666,,0.35796180794303,1.021978943817128,0.8960712831838447,0.7586706783146676
2025-12,2025-12-01,,122.56815,11.322759,2.94,1.79,5099408.78,3.0587630156102996,3.72,6.1899999999999995,0.6422727272727273,False,326.031,2.653304114557753,22355.3,4.038142928945065,4.4,52.9,False,0.5,6853.0254545454545,14.009810216040997,327.025,1.1506162911182782,4.1431818181818185,120.18832272727272,,0.3641426667328591,1.0054911716218067,0.7987633150869125,0.7227990511471928
2026-01,2026-01-01,,122.59387,11.164138,2.92,1.89,5103863.05,2.973406636198783,3.64,6.1025,0.6765,False,326.588,2.391201432150014,22420.1,4.089752637052424,4.3,56.4,False,2.1,6929.122,15.880994037058693,326.728,0.9482201947111024,4.2135,119.22981,,0.14364663852146814,0.9469704113912517,0.7438265341772968,0.6114811946966722
2026-02,2026-02-01,,,,,,5111112.08,3.07762966049554,3.64,6.0475,0.6542105263157895,False,327.46,2.4340041103732224,22620.3,4.6887148728201655,4.4,56.6,False,,6893.806315789474,14.160626158810508,327.759,0.8095298145032626,4.12578947368421,117.90602105263157,,,,0.730830701678052,0.730830701678052
2026-03,2026-03-01,,,,,,5133898.43,2.215266663782378,3.64,6.1775,0.5313636363636364,False,330.293,3.2859577528651984,22676.1,4.574780599609851,4.3,53.3,False,,6654.419090909091,17.07316331989759,330.228,0.7600606583937575,4.245909090909091,119.91985454545456,,,,0.7179164749565232,0.7179164749565232
2026-04,2026-04-01,,,,,,5154721.31,2.3036939413520807,3.64,6.332,0.52,False,332.407,3.7792458367415627,22799.9,4.726492703563023,4.3,49.8,False,,6957.007619047619,29.565381727343198,332.984,0.9369704722440364,4.319090909090909,119.03631818181817,,,,0.7051132505666141,0.7051132505666141
2026-05,2026-05-01,,,,,,5154538.86,2.1014102464526507,3.63,6.4425,0.489,False,333.979,4.166614684049641,23055.6,5.584304961485964,4.3,44.8,False,,7412.5515,27.562453233571517,335.104,1.1140212183022857,4.484,118.77918500000001,,,,0.6871937056064921,0.6871937056064921
2026-06,2026-06-01,,,,,,,2.1878646437025306,3.63,6.49,0.3576190476190476,False,332.568,3.463530729385411,23155.2,5.525755718302672,4.2,,False,,7450.032857142857,23.550460681862152,,1.0566948130277254,4.47047619047619,120.08344761904762,,,,0.6746318968252932,0.6746318968252932
2026-07,2026-07-01,,,,,,,1.9357975197626498,,6.5125,0.3642105263157895,False,,3.227809007073934,,5.129054959024759,,,False,,7491.892631578947,18.98506781456073,,1.256704286210697,4.582222222222223,120.6805,,,,,
