year_month,state,unemployment_rate
1990-01,AL,6.7
1990-02,AL,6.7
1990-03,AL,6.7
1990-04,AL,6.7
1990-05,AL,6.7
1990-06,AL,6.7
1990-07,AL,6.8
1990-08,AL,6.9
1990-09,AL,6.9
1990-10,AL,7.0
1990-11,AL,7.0
1990-12,AL,7.1
1991-01,AL,7.1
1991-02,AL,7.1
1991-03,AL,7.2
1991-04,AL,7.2
1991-05,AL,7.3
1991-06,AL,7.3
1991-07,AL,7.3
1991-08,AL,7.3
1991-09,AL,7.3
1991-10,AL,7.3
1991-11,AL,7.4
1991-12,AL,7.4
1992-01,AL,7.5
1992-02,AL,7.5
1992-03,AL,7.6
1992-04,AL,7.6
1992-05,AL,7.6
1992-06,AL,7.6
1992-07,AL,7.5
1992-08,AL,7.5
1992-09,AL,7.5
1992-10,AL,7.5
1992-11,AL,7.5
1992-12,AL,7.5
1993-01,AL,7.5
1993-02,AL,7.5
1993-03,AL,7.5
1993-04,AL,7.5
1993-05,AL,7.4
1993-06,AL,7.3
1993-07,AL,7.3
1993-08,AL,7.2
1993-09,AL,7.1
1993-10,AL,7.0
1993-11,AL,6.9
1993-12,AL,6.8
1994-01,AL,6.7
1994-02,AL,6.5
1994-03,AL,6.4
1994-04,AL,6.3
1994-05,AL,6.2
1994-06,AL,6.1
1994-07,AL,6.0
1994-08,AL,6.0
1994-09,AL,6.0
1994-10,AL,6.0
1994-11,AL,5.9
1994-12,AL,5.9
1995-01,AL,5.9
1995-02,AL,5.9
1995-03,AL,6.0
1995-04,AL,6.0
1995-05,AL,6.0
1995-06,AL,6.0
1995-07,AL,5.9
1995-08,AL,5.9
1995-09,AL,5.8
1995-10,AL,5.7
1995-11,AL,5.6
1995-12,AL,5.5
1996-01,AL,5.4
1996-02,AL,5.4
1996-03,AL,5.3
1996-04,AL,5.3
1996-05,AL,5.2
1996-06,AL,5.2
1996-07,AL,5.1
1996-08,AL,5.1
1996-09,AL,5.0
1996-10,AL,5.1
1996-11,AL,5.1
1996-12,AL,5.1
1997-01,AL,5.1
1997-02,AL,5.1
1997-03,AL,5.1
1997-04,AL,5.1
1997-05,AL,5.1
1997-06,AL,5.0
1997-07,AL,5.0
1997-08,AL,4.9
1997-09,AL,4.9
1997-10,AL,4.8
1997-11,AL,4.7
1997-12,AL,4.6
1998-01,AL,4.5
1998-02,AL,4.4
1998-03,AL,4.4
1998-04,AL,4.4
1998-05,AL,4.4
1998-06,AL,4.4
1998-07,AL,4.5
1998-08,AL,4.5
1998-09,AL,4.5
1998-10,AL,4.5
1998-11,AL,4.5
1998-12,AL,4.5
1999-01,AL,4.6
1999-02,AL,4.6
1999-03,AL,4.7
1999-04,AL,4.7
1999-05,AL,4.8
1999-06,AL,4.8
1999-07,AL,4.8
1999-08,AL,4.8
1999-09,AL,4.8
1999-10,AL,4.8
1999-11,AL,4.7
1999-12,AL,4.7
2000-01,AL,4.7
2000-02,AL,4.7
2000-03,AL,4.7
2000-04,AL,4.7
2000-05,AL,4.6
2000-06,AL,4.6
2000-07,AL,4.6
2000-08,AL,4.6
2000-09,AL,4.6
2000-10,AL,4.6
2000-11,AL,4.6
2000-12,AL,4.7
2001-01,AL,4.7
2001-02,AL,4.8
2001-03,AL,4.8
2001-04,AL,4.8
2001-05,AL,4.9
2001-06,AL,5.0
2001-07,AL,5.1
2001-08,AL,5.2
2001-09,AL,5.4
2001-10,AL,5.6
2001-11,AL,5.7
2001-12,AL,5.8
2002-01,AL,5.8
2002-02,AL,5.9
2002-03,AL,5.9
2002-04,AL,5.9
2002-05,AL,5.9
2002-06,AL,5.9
2002-07,AL,5.9
2002-08,AL,5.9
2002-09,AL,5.9
2002-10,AL,5.9
2002-11,AL,5.9
2002-12,AL,5.9
2003-01,AL,5.9
2003-02,AL,5.9
2003-03,AL,5.9
2003-04,AL,5.9
2003-05,AL,6.0
2003-06,AL,6.0
2003-07,AL,6.0
2003-08,AL,6.0
2003-09,AL,6.0
2003-10,AL,6.0
2003-11,AL,5.9
2003-12,AL,5.9
2004-01,AL,5.9
2004-02,AL,5.9
2004-03,AL,5.8
2004-04,AL,5.8
2004-05,AL,5.7
2004-06,AL,5.7
2004-07,AL,5.6
2004-08,AL,5.5
2004-09,AL,5.4
2004-10,AL,5.3
2004-11,AL,5.2
2004-12,AL,5.1
2005-01,AL,5.0
2005-02,AL,4.9
2005-03,AL,4.8
2005-04,AL,4.6
2005-05,AL,4.5
2005-06,AL,4.4
2005-07,AL,4.3
2005-08,AL,4.2
2005-09,AL,4.2
2005-10,AL,4.2
2005-11,AL,4.2
2005-12,AL,4.2
2006-01,AL,4.2
2006-02,AL,4.1
2006-03,AL,4.1
2006-04,AL,4.1
2006-05,AL,4.1
2006-06,AL,4.1
2006-07,AL,4.0
2006-08,AL,4.0
2006-09,AL,3.9
2006-10,AL,3.9
2006-11,AL,3.8
2006-12,AL,3.8
2007-01,AL,3.8
2007-02,AL,3.9
2007-03,AL,3.9
2007-04,AL,3.9
2007-05,AL,4.0
2007-06,AL,4.0
2007-07,AL,4.0
2007-08,AL,4.1
2007-09,AL,4.2
2007-10,AL,4.2
2007-11,AL,4.3
2007-12,AL,4.5
2008-01,AL,4.6
2008-02,AL,4.7
2008-03,AL,4.9
2008-04,AL,5.2
2008-05,AL,5.4
2008-06,AL,5.7
2008-07,AL,6.0
2008-08,AL,6.3
2008-09,AL,6.5
2008-10,AL,6.9
2008-11,AL,7.2
2008-12,AL,7.6
2009-01,AL,8.0
2009-02,AL,8.4
2009-03,AL,8.8
2009-04,AL,9.1
2009-05,AL,9.4
2009-06,AL,9.7
2009-07,AL,10.0
2009-08,AL,10.3
2009-09,AL,10.5
2009-10,AL,10.7
2009-11,AL,10.9
2009-12,AL,11.0
2010-01,AL,11.0
2010-02,AL,11.0
2010-03,AL,10.9
2010-04,AL,10.5
2010-05,AL,10.3
2010-06,AL,10.2
2010-07,AL,10.1
2010-08,AL,10.1
2010-09,AL,10.1
2010-10,AL,10.1
2010-11,AL,10.1
2010-12,AL,10.1
2011-01,AL,10.1
2011-02,AL,10.0
2011-03,AL,9.9
2011-04,AL,9.9
2011-05,AL,9.8
2011-06,AL,9.8
2011-07,AL,9.7
2011-08,AL,9.5
2011-09,AL,9.3
2011-10,AL,9.1
2011-11,AL,8.9
2011-12,AL,8.7
2012-01,AL,8.6
2012-02,AL,8.5
2012-03,AL,8.4
2012-04,AL,8.4
2012-05,AL,8.4
2012-06,AL,8.3
2012-07,AL,8.2
2012-08,AL,8.1
2012-09,AL,7.9
2012-10,AL,7.8
2012-11,AL,7.8
2012-12,AL,7.7
2013-01,AL,7.7
2013-02,AL,7.6
2013-03,AL,7.5
2013-04,AL,7.4
2013-05,AL,7.3
2013-06,AL,7.3
2013-07,AL,7.3
2013-08,AL,7.3
2013-09,AL,7.3
2013-10,AL,7.2
2013-11,AL,7.2
2013-12,AL,7.2
2014-01,AL,7.2
2014-02,AL,7.1
2014-03,AL,7.1
2014-04,AL,7.0
2014-05,AL,6.9
2014-06,AL,6.9
2014-07,AL,6.8
2014-08,AL,6.7
2014-09,AL,6.6
2014-10,AL,6.4
2014-11,AL,6.3
2014-12,AL,6.2
2015-01,AL,6.2
2015-02,AL,6.1
2015-03,AL,6.1
2015-04,AL,6.1
2015-05,AL,6.1
2015-06,AL,6.1
2015-07,AL,6.1
2015-08,AL,6.1
2015-09,AL,6.1
2015-10,AL,6.0
2015-11,AL,6.0
2015-12,AL,6.0
2016-01,AL,5.9
2016-02,AL,5.9
2016-03,AL,5.9
2016-04,AL,5.8
2016-05,AL,5.8
2016-06,AL,5.8
2016-07,AL,5.8
2016-08,AL,5.8
2016-09,AL,5.8
2016-10,AL,5.8
2016-11,AL,5.7
2016-12,AL,5.6
2017-01,AL,5.4
2017-02,AL,5.2
2017-03,AL,5.0
2017-04,AL,4.8
2017-05,AL,4.6
2017-06,AL,4.5
2017-07,AL,4.3
2017-08,AL,4.2
2017-09,AL,4.1
2017-10,AL,4.0
2017-11,AL,4.0
2017-12,AL,4.0
2018-01,AL,4.0
2018-02,AL,4.0
2018-03,AL,4.0
2018-04,AL,4.0
2018-05,AL,4.0
2018-06,AL,4.0
2018-07,AL,3.9
2018-08,AL,3.9
2018-09,AL,3.9
2018-10,AL,3.8
2018-11,AL,3.8
2018-12,AL,3.8
2019-01,AL,3.7
2019-02,AL,3.6
2019-03,AL,3.4
2019-04,AL,3.3
2019-05,AL,3.2
2019-06,AL,3.0
2019-07,AL,3.0
2019-08,AL,3.0
2019-09,AL,3.0
2019-10,AL,3.0
2019-11,AL,3.0
2019-12,AL,3.1
2020-01,AL,3.2
2020-02,AL,3.3
2020-03,AL,3.4
2020-04,AL,13.8
2020-05,AL,10.4
2020-06,AL,8.6
2020-07,AL,7.5
2020-08,AL,6.3
2020-09,AL,5.9
2020-10,AL,5.2
2020-11,AL,4.8
2020-12,AL,4.5
2021-01,AL,4.2
2021-02,AL,3.9
2021-03,AL,3.8
2021-04,AL,3.7
2021-05,AL,3.6
2021-06,AL,3.5
2021-07,AL,3.4
2021-08,AL,3.2
2021-09,AL,3.0
2021-10,AL,2.9
2021-11,AL,2.8
2021-12,AL,2.7
2022-01,AL,2.6
2022-02,AL,2.6
2022-03,AL,2.6
2022-04,AL,2.6
2022-05,AL,2.6
2022-06,AL,2.6
2022-07,AL,2.6
2022-08,AL,2.6
2022-09,AL,2.5
2022-10,AL,2.5
2022-11,AL,2.4
2022-12,AL,2.3
2023-01,AL,2.3
2023-02,AL,2.3
2023-03,AL,2.3
2023-04,AL,2.3
2023-05,AL,2.3
2023-06,AL,2.4
2023-07,AL,2.4
2023-08,AL,2.5
2023-09,AL,2.6
2023-10,AL,2.7
2023-11,AL,2.8
2023-12,AL,2.8
2024-01,AL,2.9
2024-02,AL,2.9
2024-03,AL,2.9
2024-04,AL,2.9
2024-05,AL,2.9
2024-06,AL,2.9
2024-07,AL,3.0
2024-08,AL,3.0
2024-09,AL,3.1
2024-10,AL,3.1
2024-11,AL,3.1
2024-12,AL,3.1
2025-01,AL,3.1
2025-02,AL,3.0
2025-03,AL,3.0
2025-04,AL,2.9
2025-05,AL,2.9
2025-06,AL,2.9
2025-07,AL,2.8
2025-08,AL,2.8
2025-09,AL,2.8
2025-11,AL,2.7
2025-12,AL,2.7
2026-01,AL,2.7
2026-02,AL,2.7
2026-03,AL,2.7
2026-04,AL,2.8
2026-05,AL,3.0
2026-06,AL,3.2
1990-01,AK,7.2
1990-02,AK,7.2
1990-03,AK,7.2
1990-04,AK,7.2
1990-05,AK,7.2
1990-06,AK,7.2
1990-07,AK,7.2
1990-08,AK,7.2
1990-09,AK,7.2
1990-10,AK,7.3
1990-11,AK,7.4
1990-12,AK,7.5
1991-01,AK,7.6
1991-02,AK,7.7
1991-03,AK,7.9
1991-04,AK,8.0
1991-05,AK,8.1
1991-06,AK,8.3
1991-07,AK,8.3
1991-08,AK,8.5
1991-09,AK,8.6
1991-10,AK,8.8
1991-11,AK,8.9
1991-12,AK,9.0
1992-01,AK,9.1
1992-02,AK,9.2
1992-03,AK,9.1
1992-04,AK,9.1
1992-05,AK,9.1
1992-06,AK,9.0
1992-07,AK,8.9
1992-08,AK,8.8
1992-09,AK,8.7
1992-10,AK,8.6
1992-11,AK,8.4
1992-12,AK,8.2
1993-01,AK,8.1
1993-02,AK,8.0
1993-03,AK,7.9
1993-04,AK,7.9
1993-05,AK,7.8
1993-06,AK,7.8
1993-07,AK,7.8
1993-08,AK,7.7
1993-09,AK,7.7
1993-10,AK,7.7
1993-11,AK,7.7
1993-12,AK,7.7
1994-01,AK,7.8
1994-02,AK,7.8
1994-03,AK,7.8
1994-04,AK,7.8
1994-05,AK,7.7
1994-06,AK,7.6
1994-07,AK,7.6
1994-08,AK,7.5
1994-09,AK,7.4
1994-10,AK,7.3
1994-11,AK,7.2
1994-12,AK,7.1
1995-01,AK,7.1
1995-02,AK,7.1
1995-03,AK,7.1
1995-04,AK,7.1
1995-05,AK,7.2
1995-06,AK,7.3
1995-07,AK,7.3
1995-08,AK,7.4
1995-09,AK,7.5
1995-10,AK,7.5
1995-11,AK,7.6
1995-12,AK,7.6
1996-01,AK,7.7
1996-02,AK,7.7
1996-03,AK,7.6
1996-04,AK,7.6
1996-05,AK,7.5
1996-06,AK,7.4
1996-07,AK,7.3
1996-08,AK,7.3
1996-09,AK,7.3
1996-10,AK,7.3
1996-11,AK,7.4
1996-12,AK,7.4
1997-01,AK,7.5
1997-02,AK,7.4
1997-03,AK,7.3
1997-04,AK,7.2
1997-05,AK,7.1
1997-06,AK,7.0
1997-07,AK,7.0
1997-08,AK,6.9
1997-09,AK,6.8
1997-10,AK,6.7
1997-11,AK,6.5
1997-12,AK,6.4
1998-01,AK,6.3
1998-02,AK,6.2
1998-03,AK,6.2
1998-04,AK,6.2
1998-05,AK,6.2
1998-06,AK,6.3
1998-07,AK,6.4
1998-08,AK,6.4
1998-09,AK,6.4
1998-10,AK,6.4
1998-11,AK,6.4
1998-12,AK,6.4
1999-01,AK,6.4
1999-02,AK,6.4
1999-03,AK,6.5
1999-04,AK,6.5
1999-05,AK,6.5
1999-06,AK,6.4
1999-07,AK,6.4
1999-08,AK,6.3
1999-09,AK,6.3
1999-10,AK,6.2
1999-11,AK,6.2
1999-12,AK,6.1
2000-01,AK,6.2
2000-02,AK,6.2
2000-03,AK,6.2
2000-04,AK,6.3
2000-05,AK,6.3
2000-06,AK,6.4
2000-07,AK,6.4
2000-08,AK,6.4
2000-09,AK,6.3
2000-10,AK,6.3
2000-11,AK,6.3
2000-12,AK,6.2
2001-01,AK,6.2
2001-02,AK,6.1
2001-03,AK,6.1
2001-04,AK,6.1
2001-05,AK,6.1
2001-06,AK,6.1
2001-07,AK,6.2
2001-08,AK,6.3
2001-09,AK,6.4
2001-10,AK,6.5
2001-11,AK,6.6
2001-12,AK,6.7
2002-01,AK,6.8
2002-02,AK,6.9
2002-03,AK,6.9
2002-04,AK,7.0
2002-05,AK,7.1
2002-06,AK,7.2
2002-07,AK,7.2
2002-08,AK,7.3
2002-09,AK,7.3
2002-10,AK,7.4
2002-11,AK,7.4
2002-12,AK,7.5
2003-01,AK,7.5
2003-02,AK,7.6
2003-03,AK,7.6
2003-04,AK,7.7
2003-05,AK,7.7
2003-06,AK,7.8
2003-07,AK,7.8
2003-08,AK,7.8
2003-09,AK,7.7
2003-10,AK,7.7
2003-11,AK,7.6
2003-12,AK,7.6
2004-01,AK,7.6
2004-02,AK,7.6
2004-03,AK,7.6
2004-04,AK,7.6
2004-05,AK,7.5
2004-06,AK,7.5
2004-07,AK,7.4
2004-08,AK,7.3
2004-09,AK,7.3
2004-10,AK,7.2
2004-11,AK,7.2
2004-12,AK,7.2
2005-01,AK,7.1
2005-02,AK,7.0
2005-03,AK,6.9
2005-04,AK,6.9
2005-05,AK,6.8
2005-06,AK,6.8
2005-07,AK,6.8
2005-08,AK,6.9
2005-09,AK,6.9
2005-10,AK,7.0
2005-11,AK,7.0
2005-12,AK,7.0
2006-01,AK,6.9
2006-02,AK,6.9
2006-03,AK,6.8
2006-04,AK,6.7
2006-05,AK,6.7
2006-06,AK,6.7
2006-07,AK,6.6
2006-08,AK,6.5
2006-09,AK,6.5
2006-10,AK,6.4
2006-11,AK,6.4
2006-12,AK,6.3
2007-01,AK,6.3
2007-02,AK,6.2
2007-03,AK,6.2
2007-04,AK,6.2
2007-05,AK,6.2
2007-06,AK,6.2
2007-07,AK,6.3
2007-08,AK,6.3
2007-09,AK,6.3
2007-10,AK,6.3
2007-11,AK,6.3
2007-12,AK,6.2
2008-01,AK,6.2
2008-02,AK,6.2
2008-03,AK,6.3
2008-04,AK,6.3
2008-05,AK,6.4
2008-06,AK,6.5
2008-07,AK,6.6
2008-08,AK,6.6
2008-09,AK,6.6
2008-10,AK,6.7
2008-11,AK,6.8
2008-12,AK,6.9
2009-01,AK,7.1
2009-02,AK,7.4
2009-03,AK,7.6
2009-04,AK,7.7
2009-05,AK,7.8
2009-06,AK,7.9
2009-07,AK,8.0
2009-08,AK,8.0
2009-09,AK,8.1
2009-10,AK,8.1
2009-11,AK,8.1
2009-12,AK,8.2
2010-01,AK,8.3
2010-02,AK,8.3
2010-03,AK,8.2
2010-04,AK,8.1
2010-05,AK,8.0
2010-06,AK,7.9
2010-07,AK,7.8
2010-08,AK,7.8
2010-09,AK,7.8
2010-10,AK,7.9
2010-11,AK,7.9
2010-12,AK,7.9
2011-01,AK,7.8
2011-02,AK,7.8
2011-03,AK,7.7
2011-04,AK,7.6
2011-05,AK,7.6
2011-06,AK,7.6
2011-07,AK,7.6
2011-08,AK,7.6
2011-09,AK,7.6
2011-10,AK,7.5
2011-11,AK,7.5
2011-12,AK,7.4
2012-01,AK,7.3
2012-02,AK,7.3
2012-03,AK,7.2
2012-04,AK,7.2
2012-05,AK,7.2
2012-06,AK,7.2
2012-07,AK,7.1
2012-08,AK,7.1
2012-09,AK,7.0
2012-10,AK,7.0
2012-11,AK,7.0
2012-12,AK,7.0
2013-01,AK,7.0
2013-02,AK,7.0
2013-03,AK,6.9
2013-04,AK,6.9
2013-05,AK,6.9
2013-06,AK,6.9
2013-07,AK,6.9
2013-08,AK,7.0
2013-09,AK,6.9
2013-10,AK,6.9
2013-11,AK,6.9
2013-12,AK,6.9
2014-01,AK,6.9
2014-02,AK,6.9
2014-03,AK,6.9
2014-04,AK,6.9
2014-05,AK,6.9
2014-06,AK,6.8
2014-07,AK,6.8
2014-08,AK,6.8
2014-09,AK,6.7
2014-10,AK,6.6
2014-11,AK,6.4
2014-12,AK,6.3
2015-01,AK,6.3
2015-02,AK,6.3
2015-03,AK,6.3
2015-04,AK,6.3
2015-05,AK,6.3
2015-06,AK,6.2
2015-07,AK,6.2
2015-08,AK,6.2
2015-09,AK,6.3
2015-10,AK,6.3
2015-11,AK,6.3
2015-12,AK,6.4
2016-01,AK,6.4
2016-02,AK,6.5
2016-03,AK,6.5
2016-04,AK,6.6
2016-05,AK,6.6
2016-06,AK,6.7
2016-07,AK,6.7
2016-08,AK,6.7
2016-09,AK,6.7
2016-10,AK,6.7
2016-11,AK,6.7
2016-12,AK,6.7
2017-01,AK,6.7
2017-02,AK,6.6
2017-03,AK,6.6
2017-04,AK,6.6
2017-05,AK,6.6
2017-06,AK,6.6
2017-07,AK,6.6
2017-08,AK,6.6
2017-09,AK,6.6
2017-10,AK,6.6
2017-11,AK,6.6
2017-12,AK,6.6
2018-01,AK,6.5
2018-02,AK,6.4
2018-03,AK,6.3
2018-04,AK,6.1
2018-05,AK,6.0
2018-06,AK,6.0
2018-07,AK,5.9
2018-08,AK,5.9
2018-09,AK,5.9
2018-10,AK,6.0
2018-11,AK,6.0
2018-12,AK,6.1
2019-01,AK,6.0
2019-02,AK,5.9
2019-03,AK,5.8
2019-04,AK,5.7
2019-05,AK,5.6
2019-06,AK,5.6
2019-07,AK,5.6
2019-08,AK,5.6
2019-09,AK,5.5
2019-10,AK,5.4
2019-11,AK,5.3
2019-12,AK,5.2
2020-01,AK,5.3
2020-02,AK,5.4
2020-03,AK,5.4
2020-04,AK,11.6
2020-05,AK,11.7
2020-06,AK,11.2
2020-07,AK,11.1
2020-08,AK,8.6
2020-09,AK,7.8
2020-10,AK,7.2
2020-11,AK,7.0
2020-12,AK,7.1
2021-01,AK,6.9
2021-02,AK,6.9
2021-03,AK,7.0
2021-04,AK,7.0
2021-05,AK,6.8
2021-06,AK,6.8
2021-07,AK,6.5
2021-08,AK,6.3
2021-09,AK,6.0
2021-10,AK,5.8
2021-11,AK,5.5
2021-12,AK,5.4
2022-01,AK,5.3
2022-02,AK,5.0
2022-03,AK,4.7
2022-04,AK,4.5
2022-05,AK,4.4
2022-06,AK,4.2
2022-07,AK,4.1
2022-08,AK,3.9
2022-09,AK,4.0
2022-10,AK,4.1
2022-11,AK,4.1
2022-12,AK,4.1
2023-01,AK,4.1
2023-02,AK,4.1
2023-03,AK,4.1
2023-04,AK,4.1
2023-05,AK,4.1
2023-06,AK,4.2
2023-07,AK,4.2
2023-08,AK,4.3
2023-09,AK,4.4
2023-10,AK,4.4
2023-11,AK,4.5
2023-12,AK,4.5
2024-01,AK,4.5
2024-02,AK,4.5
2024-03,AK,4.5
2024-04,AK,4.5
2024-05,AK,4.5
2024-06,AK,4.5
2024-07,AK,4.6
2024-08,AK,4.6
2024-09,AK,4.6
2024-10,AK,4.6
2024-11,AK,4.6
2024-12,AK,4.5
2025-01,AK,4.5
2025-02,AK,4.6
2025-03,AK,4.6
2025-04,AK,4.6
2025-05,AK,4.6
2025-06,AK,4.6
2025-07,AK,4.6
2025-08,AK,4.6
2025-09,AK,4.7
2025-11,AK,4.8
2025-12,AK,4.8
2026-01,AK,4.8
2026-02,AK,4.7
2026-03,AK,4.7
2026-04,AK,4.6
2026-05,AK,4.6
2026-06,AK,4.4
1990-01,AZ,5.0
1990-02,AZ,5.2
1990-03,AZ,5.3
1990-04,AZ,5.4
1990-05,AZ,5.4
1990-06,AZ,5.4
1990-07,AZ,5.3
1990-08,AZ,5.2
1990-09,AZ,5.2
1990-10,AZ,5.2
1990-11,AZ,5.1
1990-12,AZ,5.0
1991-01,AZ,4.9
1991-02,AZ,4.9
1991-03,AZ,5.0
1991-04,AZ,5.1
1991-05,AZ,5.3
1991-06,AZ,5.5
1991-07,AZ,5.8
1991-08,AZ,6.1
1991-09,AZ,6.4
1991-10,AZ,6.8
1991-11,AZ,7.1
1991-12,AZ,7.4
1992-01,AZ,7.6
1992-02,AZ,7.8
1992-03,AZ,7.9
1992-04,AZ,7.8
1992-05,AZ,7.8
1992-06,AZ,7.7
1992-07,AZ,7.6
1992-08,AZ,7.5
1992-09,AZ,7.4
1992-10,AZ,7.3
1992-11,AZ,7.3
1992-12,AZ,7.2
1993-01,AZ,7.1
1993-02,AZ,6.9
1993-03,AZ,6.8
1993-04,AZ,6.5
1993-05,AZ,6.3
1993-06,AZ,6.2
1993-07,AZ,6.1
1993-08,AZ,6.0
1993-09,AZ,6.0
1993-10,AZ,6.0
1993-11,AZ,6.0
1993-12,AZ,6.1
1994-01,AZ,6.2
1994-02,AZ,6.2
1994-03,AZ,6.3
1994-04,AZ,6.3
1994-05,AZ,6.3
1994-06,AZ,6.4
1994-07,AZ,6.4
1994-08,AZ,6.3
1994-09,AZ,6.3
1994-10,AZ,6.1
1994-11,AZ,5.9
1994-12,AZ,5.7
1995-01,AZ,5.6
1995-02,AZ,5.5
1995-03,AZ,5.4
1995-04,AZ,5.4
1995-05,AZ,5.4
1995-06,AZ,5.4
1995-07,AZ,5.4
1995-08,AZ,5.3
1995-09,AZ,5.2
1995-10,AZ,5.2
1995-11,AZ,5.1
1995-12,AZ,5.2
1996-01,AZ,5.2
1996-02,AZ,5.3
1996-03,AZ,5.3
1996-04,AZ,5.4
1996-05,AZ,5.5
1996-06,AZ,5.6
1996-07,AZ,5.6
1996-08,AZ,5.6
1996-09,AZ,5.6
1996-10,AZ,5.6
1996-11,AZ,5.6
1996-12,AZ,5.5
1997-01,AZ,5.3
1997-02,AZ,5.2
1997-03,AZ,5.0
1997-04,AZ,4.8
1997-05,AZ,4.6
1997-06,AZ,4.5
1997-07,AZ,4.4
1997-08,AZ,4.4
1997-09,AZ,4.3
1997-10,AZ,4.3
1997-11,AZ,4.3
1997-12,AZ,4.3
1998-01,AZ,4.3
1998-02,AZ,4.3
1998-03,AZ,4.3
1998-04,AZ,4.2
1998-05,AZ,4.2
1998-06,AZ,4.2
1998-07,AZ,4.2
1998-08,AZ,4.2
1998-09,AZ,4.2
1998-10,AZ,4.3
1998-11,AZ,4.3
1998-12,AZ,4.3
1999-01,AZ,4.4
1999-02,AZ,4.5
1999-03,AZ,4.6
1999-04,AZ,4.6
1999-05,AZ,4.7
1999-06,AZ,4.7
1999-07,AZ,4.6
1999-08,AZ,4.5
1999-09,AZ,4.4
1999-10,AZ,4.3
1999-11,AZ,4.2
1999-12,AZ,4.1
2000-01,AZ,4.1
2000-02,AZ,4.0
2000-03,AZ,4.0
2000-04,AZ,4.0
2000-05,AZ,4.0
2000-06,AZ,4.0
2000-07,AZ,4.0
2000-08,AZ,4.0
2000-09,AZ,3.9
2000-10,AZ,3.9
2000-11,AZ,3.9
2000-12,AZ,4.0
2001-01,AZ,4.0
2001-02,AZ,4.1
2001-03,AZ,4.2
2001-04,AZ,4.2
2001-05,AZ,4.3
2001-06,AZ,4.4
2001-07,AZ,4.6
2001-08,AZ,4.8
2001-09,AZ,5.1
2001-10,AZ,5.4
2001-11,AZ,5.7
2001-12,AZ,5.9
2002-01,AZ,6.0
2002-02,AZ,6.1
2002-03,AZ,6.2
2002-04,AZ,6.2
2002-05,AZ,6.3
2002-06,AZ,6.3
2002-07,AZ,6.2
2002-08,AZ,6.2
2002-09,AZ,6.2
2002-10,AZ,6.1
2002-11,AZ,6.1
2002-12,AZ,6.0
2003-01,AZ,6.0
2003-02,AZ,5.9
2003-03,AZ,5.9
2003-04,AZ,5.9
2003-05,AZ,5.9
2003-06,AZ,5.9
2003-07,AZ,5.9
2003-08,AZ,5.8
2003-09,AZ,5.7
2003-10,AZ,5.6
2003-11,AZ,5.5
2003-12,AZ,5.4
2004-01,AZ,5.4
2004-02,AZ,5.3
2004-03,AZ,5.3
2004-04,AZ,5.2
2004-05,AZ,5.1
2004-06,AZ,5.0
2004-07,AZ,4.9
2004-08,AZ,4.8
2004-09,AZ,4.7
2004-10,AZ,4.6
2004-11,AZ,4.6
2004-12,AZ,4.6
2005-01,AZ,4.6
2005-02,AZ,4.6
2005-03,AZ,4.6
2005-04,AZ,4.7
2005-05,AZ,4.7
2005-06,AZ,4.7
2005-07,AZ,4.7
2005-08,AZ,4.7
2005-09,AZ,4.7
2005-10,AZ,4.6
2005-11,AZ,4.6
2005-12,AZ,4.5
2006-01,AZ,4.4
2006-02,AZ,4.4
2006-03,AZ,4.3
2006-04,AZ,4.3
2006-05,AZ,4.4
2006-06,AZ,4.4
2006-07,AZ,4.3
2006-08,AZ,4.3
2006-09,AZ,4.2
2006-10,AZ,4.1
2006-11,AZ,4.1
2006-12,AZ,4.0
2007-01,AZ,3.9
2007-02,AZ,3.8
2007-03,AZ,3.7
2007-04,AZ,3.6
2007-05,AZ,3.5
2007-06,AZ,3.5
2007-07,AZ,3.4
2007-08,AZ,3.5
2007-09,AZ,3.6
2007-10,AZ,3.8
2007-11,AZ,4.0
2007-12,AZ,4.1
2008-01,AZ,4.2
2008-02,AZ,4.4
2008-03,AZ,4.5
2008-04,AZ,4.8
2008-05,AZ,5.1
2008-06,AZ,5.5
2008-07,AZ,5.9
2008-08,AZ,6.2
2008-09,AZ,6.6
2008-10,AZ,6.9
2008-11,AZ,7.3
2008-12,AZ,7.8
2009-01,AZ,8.2
2009-02,AZ,8.6
2009-03,AZ,9.0
2009-04,AZ,9.4
2009-05,AZ,9.6
2009-06,AZ,9.8
2009-07,AZ,10.0
2009-08,AZ,10.2
2009-09,AZ,10.3
2009-10,AZ,10.4
2009-11,AZ,10.5
2009-12,AZ,10.6
2010-01,AZ,10.6
2010-02,AZ,10.7
2010-03,AZ,10.6
2010-04,AZ,10.6
2010-05,AZ,10.5
2010-06,AZ,10.4
2010-07,AZ,10.3
2010-08,AZ,10.2
2010-09,AZ,10.2
2010-10,AZ,10.1
2010-11,AZ,10.1
2010-12,AZ,10.0
2011-01,AZ,9.9
2011-02,AZ,9.8
2011-03,AZ,9.7
2011-04,AZ,9.7
2011-05,AZ,9.6
2011-06,AZ,9.6
2011-07,AZ,9.6
2011-08,AZ,9.5
2011-09,AZ,9.4
2011-10,AZ,9.2
2011-11,AZ,9.1
2011-12,AZ,8.9
2012-01,AZ,8.8
2012-02,AZ,8.7
2012-03,AZ,8.6
2012-04,AZ,8.5
2012-05,AZ,8.5
2012-06,AZ,8.4
2012-07,AZ,8.4
2012-08,AZ,8.3
2012-09,AZ,8.2
2012-10,AZ,8.1
2012-11,AZ,8.1
2012-12,AZ,8.1
2013-01,AZ,8.1
2013-02,AZ,8.1
2013-03,AZ,8.1
2013-04,AZ,8.0
2013-05,AZ,8.0
2013-06,AZ,7.9
2013-07,AZ,7.9
2013-08,AZ,7.8
2013-09,AZ,7.7
2013-10,AZ,7.6
2013-11,AZ,7.5
2013-12,AZ,7.4
2014-01,AZ,7.2
2014-02,AZ,7.1
2014-03,AZ,7.0
2014-04,AZ,7.0
2014-05,AZ,6.9
2014-06,AZ,6.8
2014-07,AZ,6.8
2014-08,AZ,6.7
2014-09,AZ,6.7
2014-10,AZ,6.6
2014-11,AZ,6.5
2014-12,AZ,6.5
2015-01,AZ,6.4
2015-02,AZ,6.3
2015-03,AZ,6.3
2015-04,AZ,6.2
2015-05,AZ,6.2
2015-06,AZ,6.1
2015-07,AZ,6.1
2015-08,AZ,6.1
2015-09,AZ,6.0
2015-10,AZ,5.9
2015-11,AZ,5.9
2015-12,AZ,5.8
2016-01,AZ,5.7
2016-02,AZ,5.7
2016-03,AZ,5.6
2016-04,AZ,5.6
2016-05,AZ,5.6
2016-06,AZ,5.5
2016-07,AZ,5.5
2016-08,AZ,5.4
2016-09,AZ,5.4
2016-10,AZ,5.4
2016-11,AZ,5.3
2016-12,AZ,5.3
2017-01,AZ,5.2
2017-02,AZ,5.2
2017-03,AZ,5.1
2017-04,AZ,5.0
2017-05,AZ,5.0
2017-06,AZ,4.9
2017-07,AZ,4.9
2017-08,AZ,4.8
2017-09,AZ,4.8
2017-10,AZ,4.8
2017-11,AZ,4.9
2017-12,AZ,4.9
2018-01,AZ,4.9
2018-02,AZ,4.8
2018-03,AZ,4.8
2018-04,AZ,4.7
2018-05,AZ,4.7
2018-06,AZ,4.7
2018-07,AZ,4.7
2018-08,AZ,4.7
2018-09,AZ,4.8
2018-10,AZ,4.9
2018-11,AZ,5.0
2018-12,AZ,5.0
2019-01,AZ,5.0
2019-02,AZ,5.0
2019-03,AZ,4.9
2019-04,AZ,4.9
2019-05,AZ,4.8
2019-06,AZ,4.8
2019-07,AZ,4.8
2019-08,AZ,4.8
2019-09,AZ,4.7
2019-10,AZ,4.7
2019-11,AZ,4.7
2019-12,AZ,4.7
2020-01,AZ,4.8
2020-02,AZ,4.8
2020-03,AZ,4.9
2020-04,AZ,13.8
2020-05,AZ,11.2
2020-06,AZ,9.8
2020-07,AZ,9.0
2020-08,AZ,7.9
2020-09,AZ,7.5
2020-10,AZ,7.0
2020-11,AZ,6.7
2020-12,AZ,6.5
2021-01,AZ,6.3
2021-02,AZ,6.2
2021-03,AZ,6.0
2021-04,AZ,5.8
2021-05,AZ,5.6
2021-06,AZ,5.3
2021-07,AZ,4.9
2021-08,AZ,4.6
2021-09,AZ,4.2
2021-10,AZ,4.0
2021-11,AZ,3.8
2021-12,AZ,3.7
2022-01,AZ,3.6
2022-02,AZ,3.6
2022-03,AZ,3.7
2022-04,AZ,3.7
2022-05,AZ,3.7
2022-06,AZ,3.7
2022-07,AZ,3.8
2022-08,AZ,3.8
2022-09,AZ,3.8
2022-10,AZ,3.8
2022-11,AZ,3.8
2022-12,AZ,3.7
2023-01,AZ,3.7
2023-02,AZ,3.7
2023-03,AZ,3.6
2023-04,AZ,3.7
2023-05,AZ,3.7
2023-06,AZ,3.7
2023-07,AZ,3.7
2023-08,AZ,3.7
2023-09,AZ,3.8
2023-10,AZ,3.7
2023-11,AZ,3.7
2023-12,AZ,3.6
2024-01,AZ,3.5
2024-02,AZ,3.4
2024-03,AZ,3.4
2024-04,AZ,3.5
2024-05,AZ,3.5
2024-06,AZ,3.6
2024-07,AZ,3.7
2024-08,AZ,3.8
2024-09,AZ,3.9
2024-10,AZ,4.0
2024-11,AZ,4.0
2024-12,AZ,4.1
2025-01,AZ,4.2
2025-02,AZ,4.2
2025-03,AZ,4.2
2025-04,AZ,4.2
2025-05,AZ,4.3
2025-06,AZ,4.3
2025-07,AZ,4.3
2025-08,AZ,4.4
2025-09,AZ,4.4
2025-11,AZ,4.4
2025-12,AZ,4.4
2026-01,AZ,4.5
2026-02,AZ,4.6
2026-03,AZ,4.7
2026-04,AZ,4.7
2026-05,AZ,4.8
2026-06,AZ,4.9
1990-01,AR,6.7
1990-02,AR,6.7
1990-03,AR,6.7
1990-04,AR,6.7
1990-05,AR,6.7
1990-06,AR,6.7
1990-07,AR,6.8
1990-08,AR,6.9
1990-09,AR,7.0
1990-10,AR,7.1
1990-11,AR,7.2
1990-12,AR,7.3
1991-01,AR,7.4
1991-02,AR,7.4
1991-03,AR,7.5
1991-04,AR,7.5
1991-05,AR,7.4
1991-06,AR,7.3
1991-07,AR,7.2
1991-08,AR,7.2
1991-09,AR,7.1
1991-10,AR,7.2
1991-11,AR,7.2
1991-12,AR,7.3
1992-01,AR,7.3
1992-02,AR,7.3
1992-03,AR,7.2
1992-04,AR,7.2
1992-05,AR,7.1
1992-06,AR,7.1
1992-07,AR,7.0
1992-08,AR,7.0
1992-09,AR,6.9
1992-10,AR,6.7
1992-11,AR,6.6
1992-12,AR,6.5
1993-01,AR,6.4
1993-02,AR,6.3
1993-03,AR,6.3
1993-04,AR,6.2
1993-05,AR,6.2
1993-06,AR,6.2
1993-07,AR,6.1
1993-08,AR,6.1
1993-09,AR,6.0
1993-10,AR,5.9
1993-11,AR,5.9
1993-12,AR,5.9
1994-01,AR,5.8
1994-02,AR,5.8
1994-03,AR,5.7
1994-04,AR,5.7
1994-05,AR,5.6
1994-06,AR,5.5
1994-07,AR,5.4
1994-08,AR,5.4
1994-09,AR,5.3
1994-10,AR,5.2
1994-11,AR,5.1
1994-12,AR,5.0
1995-01,AR,4.9
1995-02,AR,4.8
1995-03,AR,4.8
1995-04,AR,4.8
1995-05,AR,4.8
1995-06,AR,4.8
1995-07,AR,4.8
1995-08,AR,4.9
1995-09,AR,4.9
1995-10,AR,4.9
1995-11,AR,5.0
1995-12,AR,5.0
1996-01,AR,5.0
1996-02,AR,5.1
1996-03,AR,5.1
1996-04,AR,5.2
1996-05,AR,5.2
1996-06,AR,5.2
1996-07,AR,5.2
1996-08,AR,5.2
1996-09,AR,5.2
1996-10,AR,5.2
1996-11,AR,5.2
1996-12,AR,5.2
1997-01,AR,5.2
1997-02,AR,5.2
1997-03,AR,5.1
1997-04,AR,5.1
1997-05,AR,5.1
1997-06,AR,5.1
1997-07,AR,5.1
1997-08,AR,5.1
1997-09,AR,5.1
1997-10,AR,5.1
1997-11,AR,5.0
1997-12,AR,5.1
1998-01,AR,5.1
1998-02,AR,5.1
1998-03,AR,5.1
1998-04,AR,5.1
1998-05,AR,5.1
1998-06,AR,5.0
1998-07,AR,5.0
1998-08,AR,5.1
1998-09,AR,5.1
1998-10,AR,5.0
1998-11,AR,5.0
1998-12,AR,4.8
1999-01,AR,4.7
1999-02,AR,4.6
1999-03,AR,4.6
1999-04,AR,4.5
1999-05,AR,4.5
1999-06,AR,4.6
1999-07,AR,4.6
1999-08,AR,4.5
1999-09,AR,4.5
1999-10,AR,4.4
1999-11,AR,4.4
1999-12,AR,4.3
2000-01,AR,4.3
2000-02,AR,4.3
2000-03,AR,4.2
2000-04,AR,4.2
2000-05,AR,4.1
2000-06,AR,4.1
2000-07,AR,4.1
2000-08,AR,4.1
2000-09,AR,4.1
2000-10,AR,4.1
2000-11,AR,4.2
2000-12,AR,4.2
2001-01,AR,4.3
2001-02,AR,4.4
2001-03,AR,4.5
2001-04,AR,4.5
2001-05,AR,4.6
2001-06,AR,4.6
2001-07,AR,4.7
2001-08,AR,4.8
2001-09,AR,4.9
2001-10,AR,5.1
2001-11,AR,5.2
2001-12,AR,5.3
2002-01,AR,5.4
2002-02,AR,5.5
2002-03,AR,5.5
2002-04,AR,5.4
2002-05,AR,5.4
2002-06,AR,5.3
2002-07,AR,5.2
2002-08,AR,5.2
2002-09,AR,5.2
2002-10,AR,5.2
2002-11,AR,5.3
2002-12,AR,5.4
2003-01,AR,5.4
2003-02,AR,5.5
2003-03,AR,5.6
2003-04,AR,5.7
2003-05,AR,5.8
2003-06,AR,5.9
2003-07,AR,6.0
2003-08,AR,6.0
2003-09,AR,5.9
2003-10,AR,5.8
2003-11,AR,5.8
2003-12,AR,5.7
2004-01,AR,5.7
2004-02,AR,5.7
2004-03,AR,5.7
2004-04,AR,5.7
2004-05,AR,5.7
2004-06,AR,5.6
2004-07,AR,5.5
2004-08,AR,5.5
2004-09,AR,5.5
2004-10,AR,5.4
2004-11,AR,5.4
2004-12,AR,5.4
2005-01,AR,5.4
2005-02,AR,5.3
2005-03,AR,5.3
2005-04,AR,5.2
2005-05,AR,5.2
2005-06,AR,5.2
2005-07,AR,5.2
2005-08,AR,5.3
2005-09,AR,5.3
2005-10,AR,5.3
2005-11,AR,5.3
2005-12,AR,5.2
2006-01,AR,5.1
2006-02,AR,5.1
2006-03,AR,5.1
2006-04,AR,5.2
2006-05,AR,5.2
2006-06,AR,5.3
2006-07,AR,5.3
2006-08,AR,5.3
2006-09,AR,5.3
2006-10,AR,5.3
2006-11,AR,5.3
2006-12,AR,5.3
2007-01,AR,5.3
2007-02,AR,5.3
2007-03,AR,5.3
2007-04,AR,5.4
2007-05,AR,5.4
2007-06,AR,5.5
2007-07,AR,5.5
2007-08,AR,5.5
2007-09,AR,5.5
2007-10,AR,5.4
2007-11,AR,5.3
2007-12,AR,5.2
2008-01,AR,5.1
2008-02,AR,5.0
2008-03,AR,4.9
2008-04,AR,4.9
2008-05,AR,5.0
2008-06,AR,5.1
2008-07,AR,5.3
2008-08,AR,5.4
2008-09,AR,5.6
2008-10,AR,5.9
2008-11,AR,6.2
2008-12,AR,6.6
2009-01,AR,7.0
2009-02,AR,7.3
2009-03,AR,7.6
2009-04,AR,7.8
2009-05,AR,7.9
2009-06,AR,7.9
2009-07,AR,7.9
2009-08,AR,7.8
2009-09,AR,7.8
2009-10,AR,7.8
2009-11,AR,7.8
2009-12,AR,7.9
2010-01,AR,7.9
2010-02,AR,7.9
2010-03,AR,7.9
2010-04,AR,7.8
2010-05,AR,7.7
2010-06,AR,7.7
2010-07,AR,7.7
2010-08,AR,7.7
2010-09,AR,7.8
2010-10,AR,7.9
2010-11,AR,8.0
2010-12,AR,8.0
2011-01,AR,8.0
2011-02,AR,8.0
2011-03,AR,8.0
2011-04,AR,7.9
2011-05,AR,8.0
2011-06,AR,8.0
2011-07,AR,8.0
2011-08,AR,7.9
2011-09,AR,7.9
2011-10,AR,7.8
2011-11,AR,7.6
2011-12,AR,7.5
2012-01,AR,7.4
2012-02,AR,7.3
2012-03,AR,7.3
2012-04,AR,7.3
2012-05,AR,7.3
2012-06,AR,7.3
2012-07,AR,7.2
2012-08,AR,7.2
2012-09,AR,7.2
2012-10,AR,7.2
2012-11,AR,7.2
2012-12,AR,7.2
2013-01,AR,7.2
2013-02,AR,7.2
2013-03,AR,7.2
2013-04,AR,7.2
2013-05,AR,7.2
2013-06,AR,7.1
2013-07,AR,7.1
2013-08,AR,7.1
2013-09,AR,7.0
2013-10,AR,6.9
2013-11,AR,6.7
2013-12,AR,6.6
2014-01,AR,6.4
2014-02,AR,6.3
2014-03,AR,6.1
2014-04,AR,6.0
2014-05,AR,6.0
2014-06,AR,5.9
2014-07,AR,5.8
2014-08,AR,5.7
2014-09,AR,5.7
2014-10,AR,5.6
2014-11,AR,5.5
2014-12,AR,5.5
2015-01,AR,5.5
2015-02,AR,5.4
2015-03,AR,5.4
2015-04,AR,5.3
2015-05,AR,5.2
2015-06,AR,5.1
2015-07,AR,4.9
2015-08,AR,4.8
2015-09,AR,4.6
2015-10,AR,4.5
2015-11,AR,4.4
2015-12,AR,4.3
2016-01,AR,4.2
2016-02,AR,4.1
2016-03,AR,4.0
2016-04,AR,4.0
2016-05,AR,4.0
2016-06,AR,4.0
2016-07,AR,4.0
2016-08,AR,3.9
2016-09,AR,3.9
2016-10,AR,3.9
2016-11,AR,3.9
2016-12,AR,3.8
2017-01,AR,3.8
2017-02,AR,3.7
2017-03,AR,3.7
2017-04,AR,3.7
2017-05,AR,3.7
2017-06,AR,3.7
2017-07,AR,3.7
2017-08,AR,3.7
2017-09,AR,3.8
2017-10,AR,3.8
2017-11,AR,3.8
2017-12,AR,3.8
2018-01,AR,3.8
2018-02,AR,3.8
2018-03,AR,3.7
2018-04,AR,3.7
2018-05,AR,3.6
2018-06,AR,3.6
2018-07,AR,3.5
2018-08,AR,3.5
2018-09,AR,3.6
2018-10,AR,3.6
2018-11,AR,3.7
2018-12,AR,3.7
2019-01,AR,3.7
2019-02,AR,3.6
2019-03,AR,3.5
2019-04,AR,3.4
2019-05,AR,3.4
2019-06,AR,3.4
2019-07,AR,3.4
2019-08,AR,3.5
2019-09,AR,3.5
2019-10,AR,3.5
2019-11,AR,3.5
2019-12,AR,3.5
2020-01,AR,3.5
2020-02,AR,3.6
2020-03,AR,4.8
2020-04,AR,10.1
2020-05,AR,8.9
2020-06,AR,7.9
2020-07,AR,7.3
2020-08,AR,6.4
2020-09,AR,5.9
2020-10,AR,5.4
2020-11,AR,5.1
2020-12,AR,5.0
2021-01,AR,4.9
2021-02,AR,4.8
2021-03,AR,4.7
2021-04,AR,4.6
2021-05,AR,4.4
2021-06,AR,4.2
2021-07,AR,4.0
2021-08,AR,3.7
2021-09,AR,3.5
2021-10,AR,3.3
2021-11,AR,3.2
2021-12,AR,3.2
2022-01,AR,3.2
2022-02,AR,3.2
2022-03,AR,3.2
2022-04,AR,3.2
2022-05,AR,3.2
2022-06,AR,3.2
2022-07,AR,3.2
2022-08,AR,3.2
2022-09,AR,3.2
2022-10,AR,3.2
2022-11,AR,3.1
2022-12,AR,3.0
2023-01,AR,2.9
2023-02,AR,2.9
2023-03,AR,2.9
2023-04,AR,2.9
2023-05,AR,3.0
2023-06,AR,3.0
2023-07,AR,3.2
2023-08,AR,3.3
2023-09,AR,3.4
2023-10,AR,3.4
2023-11,AR,3.5
2023-12,AR,3.5
2024-01,AR,3.4
2024-02,AR,3.4
2024-03,AR,3.4
2024-04,AR,3.4
2024-05,AR,3.4
2024-06,AR,3.4
2024-07,AR,3.5
2024-08,AR,3.5
2024-09,AR,3.5
2024-10,AR,3.6
2024-11,AR,3.7
2024-12,AR,3.7
2025-01,AR,3.8
2025-02,AR,3.8
2025-03,AR,3.9
2025-04,AR,3.9
2025-05,AR,4.0
2025-06,AR,4.0
2025-07,AR,4.1
2025-08,AR,4.2
2025-09,AR,4.2
2025-11,AR,4.3
2025-12,AR,4.3
2026-01,AR,4.4
2026-02,AR,4.4
2026-03,AR,4.3
2026-04,AR,4.3
2026-05,AR,4.2
2026-06,AR,4.1
1990-01,CA,5.2
1990-02,CA,5.2
1990-03,CA,5.2
1990-04,CA,5.3
1990-05,CA,5.4
1990-06,CA,5.5
1990-07,CA,5.7
1990-08,CA,5.9
1990-09,CA,6.1
1990-10,CA,6.4
1990-11,CA,6.6
1990-12,CA,6.9
1991-01,CA,7.2
1991-02,CA,7.4
1991-03,CA,7.6
1991-04,CA,7.7
1991-05,CA,7.8
1991-06,CA,7.8
1991-07,CA,7.8
1991-08,CA,7.9
1991-09,CA,7.9
1991-10,CA,8.1
1991-11,CA,8.2
1991-12,CA,8.4
1992-01,CA,8.6
1992-02,CA,8.8
1992-03,CA,8.9
1992-04,CA,9.1
1992-05,CA,9.2
1992-06,CA,9.4
1992-07,CA,9.5
1992-08,CA,9.7
1992-09,CA,9.8
1992-10,CA,9.8
1992-11,CA,9.8
1992-12,CA,9.8
1993-01,CA,9.8
1993-02,CA,9.8
1993-03,CA,9.7
1993-04,CA,9.7
1993-05,CA,9.6
1993-06,CA,9.6
1993-07,CA,9.5
1993-08,CA,9.5
1993-09,CA,9.4
1993-10,CA,9.4
1993-11,CA,9.3
1993-12,CA,9.3
1994-01,CA,9.3
1994-02,CA,9.2
1994-03,CA,9.1
1994-04,CA,9.0
1994-05,CA,8.9
1994-06,CA,8.8
1994-07,CA,8.6
1994-08,CA,8.5
1994-09,CA,8.4
1994-10,CA,8.2
1994-11,CA,8.0
1994-12,CA,7.9
1995-01,CA,7.8
1995-02,CA,7.8
1995-03,CA,7.8
1995-04,CA,7.9
1995-05,CA,8.0
1995-06,CA,8.0
1995-07,CA,8.0
1995-08,CA,8.0
1995-09,CA,7.9
1995-10,CA,7.9
1995-11,CA,7.9
1995-12,CA,7.8
1996-01,CA,7.8
1996-02,CA,7.8
1996-03,CA,7.7
1996-04,CA,7.6
1996-05,CA,7.5
1996-06,CA,7.3
1996-07,CA,7.2
1996-08,CA,7.1
1996-09,CA,7.1
1996-10,CA,7.0
1996-11,CA,7.0
1996-12,CA,7.0
1997-01,CA,6.9
1997-02,CA,6.8
1997-03,CA,6.7
1997-04,CA,6.6
1997-05,CA,6.5
1997-06,CA,6.4
1997-07,CA,6.3
1997-08,CA,6.2
1997-09,CA,6.2
1997-10,CA,6.1
1997-11,CA,6.1
1997-12,CA,6.0
1998-01,CA,6.0
1998-02,CA,6.0
1998-03,CA,6.0
1998-04,CA,6.0
1998-05,CA,6.0
1998-06,CA,6.0
1998-07,CA,6.0
1998-08,CA,6.0
1998-09,CA,6.0
1998-10,CA,5.9
1998-11,CA,5.9
1998-12,CA,5.8
1999-01,CA,5.7
1999-02,CA,5.6
1999-03,CA,5.5
1999-04,CA,5.4
1999-05,CA,5.3
1999-06,CA,5.3
1999-07,CA,5.2
1999-08,CA,5.2
1999-09,CA,5.1
1999-10,CA,5.1
1999-11,CA,5.0
1999-12,CA,5.0
2000-01,CA,5.0
2000-02,CA,5.0
2000-03,CA,5.0
2000-04,CA,5.0
2000-05,CA,5.1
2000-06,CA,5.0
2000-07,CA,5.0
2000-08,CA,4.9
2000-09,CA,4.9
2000-10,CA,4.8
2000-11,CA,4.7
2000-12,CA,4.7
2001-01,CA,4.7
2001-02,CA,4.8
2001-03,CA,4.9
2001-04,CA,5.0
2001-05,CA,5.1
2001-06,CA,5.2
2001-07,CA,5.4
2001-08,CA,5.6
2001-09,CA,5.9
2001-10,CA,6.1
2001-11,CA,6.3
2001-12,CA,6.5
2002-01,CA,6.6
2002-02,CA,6.7
2002-03,CA,6.7
2002-04,CA,6.7
2002-05,CA,6.7
2002-06,CA,6.7
2002-07,CA,6.7
2002-08,CA,6.7
2002-09,CA,6.8
2002-10,CA,6.8
2002-11,CA,6.8
2002-12,CA,6.9
2003-01,CA,6.9
2003-02,CA,6.9
2003-03,CA,7.0
2003-04,CA,7.0
2003-05,CA,7.0
2003-06,CA,7.0
2003-07,CA,7.0
2003-08,CA,7.0
2003-09,CA,6.9
2003-10,CA,6.8
2003-11,CA,6.7
2003-12,CA,6.6
2004-01,CA,6.6
2004-02,CA,6.5
2004-03,CA,6.5
2004-04,CA,6.5
2004-05,CA,6.4
2004-06,CA,6.3
2004-07,CA,6.2
2004-08,CA,6.1
2004-09,CA,6.0
2004-10,CA,5.9
2004-11,CA,5.9
2004-12,CA,5.8
2005-01,CA,5.8
2005-02,CA,5.7
2005-03,CA,5.6
2005-04,CA,5.5
2005-05,CA,5.4
2005-06,CA,5.3
2005-07,CA,5.3
2005-08,CA,5.3
2005-09,CA,5.3
2005-10,CA,5.2
2005-11,CA,5.2
2005-12,CA,5.1
2006-01,CA,5.0
2006-02,CA,5.0
2006-03,CA,4.9
2006-04,CA,4.9
2006-05,CA,4.9
2006-06,CA,4.9
2006-07,CA,4.9
2006-08,CA,4.9
2006-09,CA,4.8
2006-10,CA,4.8
2006-11,CA,4.8
2006-12,CA,4.9
2007-01,CA,4.9
2007-02,CA,5.0
2007-03,CA,5.0
2007-04,CA,5.1
2007-05,CA,5.1
2007-06,CA,5.2
2007-07,CA,5.3
2007-08,CA,5.4
2007-09,CA,5.6
2007-10,CA,5.7
2007-11,CA,5.7
2007-12,CA,5.8
2008-01,CA,5.9
2008-02,CA,6.0
2008-03,CA,6.2
2008-04,CA,6.4
2008-05,CA,6.7
2008-06,CA,7.0
2008-07,CA,7.3
2008-08,CA,7.6
2008-09,CA,7.9
2008-10,CA,8.3
2008-11,CA,8.8
2008-12,CA,9.3
2009-01,CA,9.9
2009-02,CA,10.4
2009-03,CA,10.8
2009-04,CA,11.1
2009-05,CA,11.4
2009-06,CA,11.6
2009-07,CA,11.7
2009-08,CA,11.9
2009-09,CA,12.0
2009-10,CA,12.1
2009-11,CA,12.2
2009-12,CA,12.3
2010-01,CA,12.4
2010-02,CA,12.4
2010-03,CA,12.4
2010-04,CA,12.4
2010-05,CA,12.3
2010-06,CA,12.3
2010-07,CA,12.2
2010-08,CA,12.3
2010-09,CA,12.3
2010-10,CA,12.3
2010-11,CA,12.3
2010-12,CA,12.2
2011-01,CA,12.1
2011-02,CA,12.0
2011-03,CA,11.9
2011-04,CA,11.9
2011-05,CA,11.9
2011-06,CA,11.9
2011-07,CA,11.8
2011-08,CA,11.8
2011-09,CA,11.6
2011-10,CA,11.5
2011-11,CA,11.3
2011-12,CA,11.1
2012-01,CA,11.0
2012-02,CA,10.9
2012-03,CA,10.8
2012-04,CA,10.7
2012-05,CA,10.7
2012-06,CA,10.5
2012-07,CA,10.4
2012-08,CA,10.2
2012-09,CA,10.1
2012-10,CA,9.9
2012-11,CA,9.8
2012-12,CA,9.7
2013-01,CA,9.6
2013-02,CA,9.5
2013-03,CA,9.4
2013-04,CA,9.3
2013-05,CA,9.2
2013-06,CA,9.1
2013-07,CA,9.0
2013-08,CA,8.9
2013-09,CA,8.8
2013-10,CA,8.6
2013-11,CA,8.5
2013-12,CA,8.4
2014-01,CA,8.2
2014-02,CA,8.1
2014-03,CA,8.0
2014-04,CA,7.8
2014-05,CA,7.7
2014-06,CA,7.6
2014-07,CA,7.5
2014-08,CA,7.4
2014-09,CA,7.3
2014-10,CA,7.2
2014-11,CA,7.1
2014-12,CA,6.9
2015-01,CA,6.8
2015-02,CA,6.7
2015-03,CA,6.6
2015-04,CA,6.5
2015-05,CA,6.4
2015-06,CA,6.3
2015-07,CA,6.1
2015-08,CA,6.0
2015-09,CA,5.9
2015-10,CA,5.8
2015-11,CA,5.8
2015-12,CA,5.7
2016-01,CA,5.7
2016-02,CA,5.6
2016-03,CA,5.6
2016-04,CA,5.5
2016-05,CA,5.5
2016-06,CA,5.5
2016-07,CA,5.5
2016-08,CA,5.5
2016-09,CA,5.5
2016-10,CA,5.5
2016-11,CA,5.4
2016-12,CA,5.4
2017-01,CA,5.3
2017-02,CA,5.1
2017-03,CA,5.0
2017-04,CA,5.0
2017-05,CA,4.9
2017-06,CA,4.8
2017-07,CA,4.8
2017-08,CA,4.8
2017-09,CA,4.7
2017-10,CA,4.6
2017-11,CA,4.5
2017-12,CA,4.5
2018-01,CA,4.4
2018-02,CA,4.3
2018-03,CA,4.3
2018-04,CA,4.2
2018-05,CA,4.2
2018-06,CA,4.2
2018-07,CA,4.2
2018-08,CA,4.2
2018-09,CA,4.2
2018-10,CA,4.3
2018-11,CA,4.3
2018-12,CA,4.3
2019-01,CA,4.3
2019-02,CA,4.3
2019-03,CA,4.2
2019-04,CA,4.1
2019-05,CA,4.0
2019-06,CA,4.0
2019-07,CA,4.0
2019-08,CA,4.0
2019-09,CA,4.0
2019-10,CA,4.0
2019-11,CA,4.1
2019-12,CA,4.1
2020-01,CA,4.3
2020-02,CA,4.4
2020-03,CA,5.5
2020-04,CA,16.1
2020-05,CA,15.8
2020-06,CA,13.8
2020-07,CA,13.1
2020-08,CA,11.8
2020-09,CA,9.9
2020-10,CA,9.3
2020-11,CA,9.0
2020-12,CA,9.0
2021-01,CA,8.7
2021-02,CA,8.6
2021-03,CA,8.5
2021-04,CA,8.4
2021-05,CA,8.0
2021-06,CA,7.9
2021-07,CA,7.4
2021-08,CA,7.0
2021-09,CA,6.5
2021-10,CA,6.1
2021-11,CA,5.7
2021-12,CA,5.4
2022-01,CA,5.2
2022-02,CA,4.8
2022-03,CA,4.5
2022-04,CA,4.3
2022-05,CA,4.1
2022-06,CA,4.0
2022-07,CA,3.9
2022-08,CA,3.8
2022-09,CA,4.0
2022-10,CA,4.1
2022-11,CA,4.3
2022-12,CA,4.4
2023-01,CA,4.4
2023-02,CA,4.5
2023-03,CA,4.5
2023-04,CA,4.5
2023-05,CA,4.6
2023-06,CA,4.6
2023-07,CA,4.7
2023-08,CA,4.8
2023-09,CA,4.9
2023-10,CA,5.0
2023-11,CA,5.0
2023-12,CA,5.1
2024-01,CA,5.1
2024-02,CA,5.1
2024-03,CA,5.2
2024-04,CA,5.2
2024-05,CA,5.2
2024-06,CA,5.3
2024-07,CA,5.4
2024-08,CA,5.4
2024-09,CA,5.4
2024-10,CA,5.4
2024-11,CA,5.4
2024-12,CA,5.4
2025-01,CA,5.4
2025-02,CA,5.4
2025-03,CA,5.4
2025-04,CA,5.4
2025-05,CA,5.5
2025-06,CA,5.5
2025-07,CA,5.5
2025-08,CA,5.5
2025-09,CA,5.5
2025-11,CA,5.5
2025-12,CA,5.5
2026-01,CA,5.4
2026-02,CA,5.4
2026-03,CA,5.3
2026-04,CA,5.3
2026-05,CA,5.3
2026-06,CA,5.2
1990-01,CO,5.2
1990-02,CO,5.1
1990-03,CO,5.1
1990-04,CO,5.1
1990-05,CO,5.1
1990-06,CO,5.2
1990-07,CO,5.2
1990-08,CO,5.1
1990-09,CO,5.1
1990-10,CO,5.1
1990-11,CO,5.1
1990-12,CO,5.1
1991-01,CO,5.1
1991-02,CO,5.1
1991-03,CO,5.1
1991-04,CO,5.2
1991-05,CO,5.2
1991-06,CO,5.2
1991-07,CO,5.2
1991-08,CO,5.2
1991-09,CO,5.3
1991-10,CO,5.4
1991-11,CO,5.6
1991-12,CO,5.7
1992-01,CO,5.9
1992-02,CO,6.0
1992-03,CO,6.1
1992-04,CO,6.2
1992-05,CO,6.2
1992-06,CO,6.2
1992-07,CO,6.2
1992-08,CO,6.2
1992-09,CO,6.2
1992-10,CO,6.1
1992-11,CO,6.1
1992-12,CO,6.1
1993-01,CO,6.0
1993-02,CO,6.0
1993-03,CO,5.8
1993-04,CO,5.7
1993-05,CO,5.5
1993-06,CO,5.4
1993-07,CO,5.3
1993-08,CO,5.1
1993-09,CO,5.0
1993-10,CO,5.0
1993-11,CO,4.9
1993-12,CO,4.9
1994-01,CO,4.8
1994-02,CO,4.7
1994-03,CO,4.6
1994-04,CO,4.5
1994-05,CO,4.3
1994-06,CO,4.2
1994-07,CO,4.0
1994-08,CO,3.9
1994-09,CO,3.8
1994-10,CO,3.7
1994-11,CO,3.6
1994-12,CO,3.6
1995-01,CO,3.6
1995-02,CO,3.6
1995-03,CO,3.7
1995-04,CO,3.9
1995-05,CO,4.0
1995-06,CO,4.1
1995-07,CO,4.2
1995-08,CO,4.2
1995-09,CO,4.2
1995-10,CO,4.2
1995-11,CO,4.2
1995-12,CO,4.2
1996-01,CO,4.2
1996-02,CO,4.2
1996-03,CO,4.3
1996-04,CO,4.3
1996-05,CO,4.3
1996-06,CO,4.3
1996-07,CO,4.3
1996-08,CO,4.2
1996-09,CO,4.1
1996-10,CO,4.0
1996-11,CO,3.9
1996-12,CO,3.9
1997-01,CO,3.8
1997-02,CO,3.6
1997-03,CO,3.5
1997-04,CO,3.4
1997-05,CO,3.3
1997-06,CO,3.2
1997-07,CO,3.2
1997-08,CO,3.2
1997-09,CO,3.2
1997-10,CO,3.2
1997-11,CO,3.3
1997-12,CO,3.4
1998-01,CO,3.5
1998-02,CO,3.6
1998-03,CO,3.7
1998-04,CO,3.7
1998-05,CO,3.7
1998-06,CO,3.8
1998-07,CO,3.8
1998-08,CO,3.8
1998-09,CO,3.7
1998-10,CO,3.6
1998-11,CO,3.4
1998-12,CO,3.3
1999-01,CO,3.1
1999-02,CO,3.0
1999-03,CO,3.0
1999-04,CO,3.0
1999-05,CO,3.0
1999-06,CO,3.1
1999-07,CO,3.1
1999-08,CO,3.1
1999-09,CO,3.0
1999-10,CO,3.0
1999-11,CO,2.9
1999-12,CO,2.8
2000-01,CO,2.8
2000-02,CO,2.7
2000-03,CO,2.7
2000-04,CO,2.7
2000-05,CO,2.7
2000-06,CO,2.7
2000-07,CO,2.8
2000-08,CO,2.8
2000-09,CO,2.8
2000-10,CO,2.7
2000-11,CO,2.7
2000-12,CO,2.6
2001-01,CO,2.7
2001-02,CO,2.8
2001-03,CO,2.9
2001-04,CO,3.1
2001-05,CO,3.2
2001-06,CO,3.4
2001-07,CO,3.7
2001-08,CO,4.0
2001-09,CO,4.4
2001-10,CO,4.8
2001-11,CO,5.2
2001-12,CO,5.6
2002-01,CO,5.8
2002-02,CO,5.9
2002-03,CO,5.9
2002-04,CO,5.8
2002-05,CO,5.7
2002-06,CO,5.6
2002-07,CO,5.6
2002-08,CO,5.6
2002-09,CO,5.6
2002-10,CO,5.6
2002-11,CO,5.7
2002-12,CO,5.8
2003-01,CO,5.9
2003-02,CO,6.0
2003-03,CO,6.1
2003-04,CO,6.2
2003-05,CO,6.3
2003-06,CO,6.3
2003-07,CO,6.3
2003-08,CO,6.2
2003-09,CO,6.1
2003-10,CO,6.1
2003-11,CO,6.0
2003-12,CO,5.9
2004-01,CO,5.8
2004-02,CO,5.8
2004-03,CO,5.7
2004-04,CO,5.6
2004-05,CO,5.6
2004-06,CO,5.5
2004-07,CO,5.5
2004-08,CO,5.5
2004-09,CO,5.5
2004-10,CO,5.5
2004-11,CO,5.4
2004-12,CO,5.4
2005-01,CO,5.4
2005-02,CO,5.4
2005-03,CO,5.3
2005-04,CO,5.3
2005-05,CO,5.2
2005-06,CO,5.1
2005-07,CO,5.0
2005-08,CO,5.0
2005-09,CO,4.9
2005-10,CO,4.9
2005-11,CO,4.8
2005-12,CO,4.7
2006-01,CO,4.5
2006-02,CO,4.4
2006-03,CO,4.4
2006-04,CO,4.3
2006-05,CO,4.4
2006-06,CO,4.4
2006-07,CO,4.3
2006-08,CO,4.3
2006-09,CO,4.2
2006-10,CO,4.1
2006-11,CO,3.9
2006-12,CO,3.8
2007-01,CO,3.6
2007-02,CO,3.5
2007-03,CO,3.4
2007-04,CO,3.4
2007-05,CO,3.4
2007-06,CO,3.5
2007-07,CO,3.6
2007-08,CO,3.7
2007-09,CO,3.9
2007-10,CO,4.0
2007-11,CO,4.1
2007-12,CO,4.1
2008-01,CO,4.1
2008-02,CO,4.2
2008-03,CO,4.2
2008-04,CO,4.3
2008-05,CO,4.5
2008-06,CO,4.6
2008-07,CO,4.8
2008-08,CO,5.0
2008-09,CO,5.2
2008-10,CO,5.4
2008-11,CO,5.7
2008-12,CO,6.1
2009-01,CO,6.6
2009-02,CO,7.1
2009-03,CO,7.6
2009-04,CO,7.9
2009-05,CO,8.1
2009-06,CO,8.2
2009-07,CO,8.2
2009-08,CO,8.2
2009-09,CO,8.2
2009-10,CO,8.3
2009-11,CO,8.4
2009-12,CO,8.6
2010-01,CO,8.8
2010-02,CO,9.0
2010-03,CO,9.1
2010-04,CO,9.1
2010-05,CO,9.0
2010-06,CO,9.0
2010-07,CO,9.1
2010-08,CO,9.2
2010-09,CO,9.3
2010-10,CO,9.4
2010-11,CO,9.4
2010-12,CO,9.3
2011-01,CO,9.1
2011-02,CO,8.9
2011-03,CO,8.8
2011-04,CO,8.7
2011-05,CO,8.6
2011-06,CO,8.6
2011-07,CO,8.7
2011-08,CO,8.7
2011-09,CO,8.6
2011-10,CO,8.6
2011-11,CO,8.5
2011-12,CO,8.5
2012-01,CO,8.4
2012-02,CO,8.3
2012-03,CO,8.3
2012-04,CO,8.2
2012-05,CO,8.2
2012-06,CO,8.2
2012-07,CO,8.1
2012-08,CO,7.9
2012-09,CO,7.8
2012-10,CO,7.6
2012-11,CO,7.5
2012-12,CO,7.4
2013-01,CO,7.3
2013-02,CO,7.1
2013-03,CO,7.0
2013-04,CO,6.9
2013-05,CO,6.9
2013-06,CO,6.8
2013-07,CO,6.8
2013-08,CO,6.7
2013-09,CO,6.5
2013-10,CO,6.4
2013-11,CO,6.2
2013-12,CO,6.1
2014-01,CO,5.9
2014-02,CO,5.8
2014-03,CO,5.6
2014-04,CO,5.4
2014-05,CO,5.2
2014-06,CO,5.0
2014-07,CO,4.8
2014-08,CO,4.6
2014-09,CO,4.4
2014-10,CO,4.3
2014-11,CO,4.2
2014-12,CO,4.2
2015-01,CO,4.1
2015-02,CO,4.1
2015-03,CO,4.0
2015-04,CO,4.0
2015-05,CO,3.9
2015-06,CO,3.8
2015-07,CO,3.6
2015-08,CO,3.5
2015-09,CO,3.4
2015-10,CO,3.4
2015-11,CO,3.3
2015-12,CO,3.3
2016-01,CO,3.3
2016-02,CO,3.3
2016-03,CO,3.3
2016-04,CO,3.3
2016-05,CO,3.3
2016-06,CO,3.2
2016-07,CO,3.2
2016-08,CO,3.1
2016-09,CO,3.0
2016-10,CO,2.9
2016-11,CO,2.8
2016-12,CO,2.7
2017-01,CO,2.6
2017-02,CO,2.5
2017-03,CO,2.4
2017-04,CO,2.4
2017-05,CO,2.4
2017-06,CO,2.5
2017-07,CO,2.6
2017-08,CO,2.7
2017-09,CO,2.8
2017-10,CO,2.8
2017-11,CO,2.8
2017-12,CO,2.9
2018-01,CO,2.9
2018-02,CO,2.9
2018-03,CO,2.9
2018-04,CO,3.0
2018-05,CO,3.0
2018-06,CO,3.1
2018-07,CO,3.1
2018-08,CO,3.1
2018-09,CO,3.1
2018-10,CO,3.1
2018-11,CO,3.1
2018-12,CO,3.0
2019-01,CO,3.0
2019-02,CO,2.9
2019-03,CO,2.8
2019-04,CO,2.6
2019-05,CO,2.6
2019-06,CO,2.5
2019-07,CO,2.5
2019-08,CO,2.5
2019-09,CO,2.5
2019-10,CO,2.6
2019-11,CO,2.7
2019-12,CO,2.8
2020-01,CO,3.0
2020-02,CO,3.2
2020-03,CO,3.4
2020-04,CO,11.2
2020-05,CO,11.7
2020-06,CO,11.2
2020-07,CO,6.5
2020-08,CO,6.2
2020-09,CO,6.3
2020-10,CO,6.2
2020-11,CO,6.2
2020-12,CO,6.4
2021-01,CO,6.3
2021-02,CO,6.3
2021-03,CO,6.2
2021-04,CO,6.2
2021-05,CO,6.0
2021-06,CO,5.9
2021-07,CO,5.7
2021-08,CO,5.4
2021-09,CO,4.9
2021-10,CO,4.6
2021-11,CO,4.4
2021-12,CO,4.2
2022-01,CO,4.0
2022-02,CO,3.6
2022-03,CO,3.3
2022-04,CO,3.1
2022-05,CO,3.0
2022-06,CO,2.9
2022-07,CO,2.7
2022-08,CO,2.6
2022-09,CO,2.8
2022-10,CO,2.9
2022-11,CO,2.9
2022-12,CO,3.0
2023-01,CO,3.0
2023-02,CO,3.0
2023-03,CO,3.1
2023-04,CO,3.1
2023-05,CO,3.2
2023-06,CO,3.2
2023-07,CO,3.3
2023-08,CO,3.3
2023-09,CO,3.4
2023-10,CO,3.5
2023-11,CO,3.6
2023-12,CO,3.7
2024-01,CO,3.8
2024-02,CO,3.9
2024-03,CO,3.9
2024-04,CO,4.0
2024-05,CO,4.1
2024-06,CO,4.1
2024-07,CO,4.2
2024-08,CO,4.3
2024-09,CO,4.3
2024-10,CO,4.3
2024-11,CO,4.3
2024-12,CO,4.3
2025-01,CO,4.3
2025-02,CO,4.3
2025-03,CO,4.2
2025-04,CO,4.2
2025-05,CO,4.1
2025-06,CO,4.0
2025-07,CO,3.9
2025-08,CO,3.9
2025-09,CO,3.8
2025-11,CO,3.8
2025-12,CO,3.8
2026-01,CO,3.9
2026-02,CO,3.9
2026-03,CO,3.9
2026-04,CO,3.9
2026-05,CO,3.9
2026-06,CO,3.9
1990-01,CT,4.4
1990-02,CT,4.5
1990-03,CT,4.6
1990-04,CT,4.7
1990-05,CT,4.7
1990-06,CT,4.8
1990-07,CT,4.9
1990-08,CT,5.0
1990-09,CT,5.1
1990-10,CT,5.3
1990-11,CT,5.4
1990-12,CT,5.6
1991-01,CT,5.7
1991-02,CT,5.9
1991-03,CT,6.1
1991-04,CT,6.2
1991-05,CT,6.4
1991-06,CT,6.5
1991-07,CT,6.6
1991-08,CT,6.7
1991-09,CT,6.8
1991-10,CT,6.9
1991-11,CT,7.0
1991-12,CT,7.1
1992-01,CT,7.2
1992-02,CT,7.2
1992-03,CT,7.3
1992-04,CT,7.3
1992-05,CT,7.3
1992-06,CT,7.4
1992-07,CT,7.4
1992-08,CT,7.4
1992-09,CT,7.3
1992-10,CT,7.3
1992-11,CT,7.3
1992-12,CT,7.2
1993-01,CT,7.1
1993-02,CT,7.1
1993-03,CT,6.9
1993-04,CT,6.8
1993-05,CT,6.7
1993-06,CT,6.6
1993-07,CT,6.4
1993-08,CT,6.3
1993-09,CT,6.1
1993-10,CT,6.0
1993-11,CT,5.9
1993-12,CT,5.9
1994-01,CT,5.8
1994-02,CT,5.7
1994-03,CT,5.7
1994-04,CT,5.6
1994-05,CT,5.6
1994-06,CT,5.6
1994-07,CT,5.5
1994-08,CT,5.5
1994-09,CT,5.5
1994-10,CT,5.5
1994-11,CT,5.4
1994-12,CT,5.4
1995-01,CT,5.3
1995-02,CT,5.3
1995-03,CT,5.3
1995-04,CT,5.3
1995-05,CT,5.4
1995-06,CT,5.4
1995-07,CT,5.4
1995-08,CT,5.3
1995-09,CT,5.3
1995-10,CT,5.2
1995-11,CT,5.2
1995-12,CT,5.2
1996-01,CT,5.2
1996-02,CT,5.2
1996-03,CT,5.2
1996-04,CT,5.2
1996-05,CT,5.2
1996-06,CT,5.2
1996-07,CT,5.2
1996-08,CT,5.2
1996-09,CT,5.2
1996-10,CT,5.3
1996-11,CT,5.3
1996-12,CT,5.3
1997-01,CT,5.3
1997-02,CT,5.2
1997-03,CT,5.1
1997-04,CT,5.0
1997-05,CT,4.9
1997-06,CT,4.8
1997-07,CT,4.7
1997-08,CT,4.5
1997-09,CT,4.4
1997-10,CT,4.2
1997-11,CT,4.1
1997-12,CT,4.0
1998-01,CT,3.8
1998-02,CT,3.7
1998-03,CT,3.6
1998-04,CT,3.4
1998-05,CT,3.3
1998-06,CT,3.2
1998-07,CT,3.2
1998-08,CT,3.1
1998-09,CT,3.0
1998-10,CT,2.9
1998-11,CT,2.8
1998-12,CT,2.7
1999-01,CT,2.7
1999-02,CT,2.6
1999-03,CT,2.6
1999-04,CT,2.6
1999-05,CT,2.5
1999-06,CT,2.5
1999-07,CT,2.5
1999-08,CT,2.4
1999-09,CT,2.4
1999-10,CT,2.4
1999-11,CT,2.4
1999-12,CT,2.4
2000-01,CT,2.3
2000-02,CT,2.3
2000-03,CT,2.2
2000-04,CT,2.2
2000-05,CT,2.1
2000-06,CT,2.1
2000-07,CT,2.1
2000-08,CT,2.1
2000-09,CT,2.1
2000-10,CT,2.1
2000-11,CT,2.1
2000-12,CT,2.2
2001-01,CT,2.3
2001-02,CT,2.4
2001-03,CT,2.6
2001-04,CT,2.7
2001-05,CT,2.8
2001-06,CT,2.9
2001-07,CT,3.0
2001-08,CT,3.1
2001-09,CT,3.2
2001-10,CT,3.3
2001-11,CT,3.4
2001-12,CT,3.5
2002-01,CT,3.6
2002-02,CT,3.7
2002-03,CT,3.8
2002-04,CT,4.0
2002-05,CT,4.1
2002-06,CT,4.3
2002-07,CT,4.4
2002-08,CT,4.6
2002-09,CT,4.7
2002-10,CT,4.9
2002-11,CT,5.0
2002-12,CT,5.1
2003-01,CT,5.3
2003-02,CT,5.3
2003-03,CT,5.4
2003-04,CT,5.5
2003-05,CT,5.5
2003-06,CT,5.6
2003-07,CT,5.6
2003-08,CT,5.6
2003-09,CT,5.5
2003-10,CT,5.5
2003-11,CT,5.4
2003-12,CT,5.3
2004-01,CT,5.3
2004-02,CT,5.2
2004-03,CT,5.2
2004-04,CT,5.1
2004-05,CT,5.1
2004-06,CT,5.1
2004-07,CT,5.0
2004-08,CT,5.0
2004-09,CT,4.9
2004-10,CT,4.9
2004-11,CT,4.9
2004-12,CT,4.9
2005-01,CT,4.9
2005-02,CT,5.0
2005-03,CT,5.0
2005-04,CT,5.0
2005-05,CT,4.9
2005-06,CT,4.9
2005-07,CT,4.8
2005-08,CT,4.8
2005-09,CT,4.8
2005-10,CT,4.8
2005-11,CT,4.7
2005-12,CT,4.7
2006-01,CT,4.6
2006-02,CT,4.5
2006-03,CT,4.4
2006-04,CT,4.4
2006-05,CT,4.4
2006-06,CT,4.4
2006-07,CT,4.4
2006-08,CT,4.4
2006-09,CT,4.4
2006-10,CT,4.4
2006-11,CT,4.4
2006-12,CT,4.4
2007-01,CT,4.4
2007-02,CT,4.4
2007-03,CT,4.4
2007-04,CT,4.4
2007-05,CT,4.4
2007-06,CT,4.4
2007-07,CT,4.5
2007-08,CT,4.6
2007-09,CT,4.6
2007-10,CT,4.7
2007-11,CT,4.8
2007-12,CT,4.8
2008-01,CT,4.9
2008-02,CT,4.9
2008-03,CT,5.0
2008-04,CT,5.1
2008-05,CT,5.3
2008-06,CT,5.5
2008-07,CT,5.7
2008-08,CT,5.8
2008-09,CT,6.0
2008-10,CT,6.2
2008-11,CT,6.5
2008-12,CT,6.8
2009-01,CT,7.1
2009-02,CT,7.4
2009-03,CT,7.7
2009-04,CT,7.9
2009-05,CT,8.1
2009-06,CT,8.2
2009-07,CT,8.4
2009-08,CT,8.5
2009-09,CT,8.7
2009-10,CT,8.9
2009-11,CT,9.0
2009-12,CT,9.2
2010-01,CT,9.4
2010-02,CT,9.5
2010-03,CT,9.5
2010-04,CT,9.5
2010-05,CT,9.5
2010-06,CT,9.5
2010-07,CT,9.4
2010-08,CT,9.5
2010-09,CT,9.5
2010-10,CT,9.5
2010-11,CT,9.6
2010-12,CT,9.5
2011-01,CT,9.5
2011-02,CT,9.4
2011-03,CT,9.3
2011-04,CT,9.2
2011-05,CT,9.2
2011-06,CT,9.1
2011-07,CT,9.0
2011-08,CT,8.9
2011-09,CT,8.8
2011-10,CT,8.7
2011-11,CT,8.6
2011-12,CT,8.4
2012-01,CT,8.3
2012-02,CT,8.3
2012-03,CT,8.3
2012-04,CT,8.4
2012-05,CT,8.4
2012-06,CT,8.5
2012-07,CT,8.5
2012-08,CT,8.5
2012-09,CT,8.4
2012-10,CT,8.4
2012-11,CT,8.3
2012-12,CT,8.3
2013-01,CT,8.3
2013-02,CT,8.3
2013-03,CT,8.2
2013-04,CT,8.2
2013-05,CT,8.1
2013-06,CT,8.1
2013-07,CT,8.0
2013-08,CT,7.9
2013-09,CT,7.8
2013-10,CT,7.6
2013-11,CT,7.5
2013-12,CT,7.4
2014-01,CT,7.2
2014-02,CT,7.1
2014-03,CT,6.9
2014-04,CT,6.8
2014-05,CT,6.7
2014-06,CT,6.6
2014-07,CT,6.6
2014-08,CT,6.5
2014-09,CT,6.4
2014-10,CT,6.3
2014-11,CT,6.2
2014-12,CT,6.1
2015-01,CT,6.0
2015-02,CT,5.9
2015-03,CT,5.8
2015-04,CT,5.7
2015-05,CT,5.7
2015-06,CT,5.6
2015-07,CT,5.5
2015-08,CT,5.5
2015-09,CT,5.5
2015-10,CT,5.4
2015-11,CT,5.4
2015-12,CT,5.3
2016-01,CT,5.3
2016-02,CT,5.2
2016-03,CT,5.1
2016-04,CT,5.0
2016-05,CT,5.0
2016-06,CT,4.9
2016-07,CT,4.8
2016-08,CT,4.7
2016-09,CT,4.7
2016-10,CT,4.6
2016-11,CT,4.6
2016-12,CT,4.6
2017-01,CT,4.6
2017-02,CT,4.5
2017-03,CT,4.5
2017-04,CT,4.5
2017-05,CT,4.4
2017-06,CT,4.4
2017-07,CT,4.4
2017-08,CT,4.4
2017-09,CT,4.3
2017-10,CT,4.3
2017-11,CT,4.3
2017-12,CT,4.3
2018-01,CT,4.2
2018-02,CT,4.2
2018-03,CT,4.1
2018-04,CT,4.0
2018-05,CT,3.9
2018-06,CT,3.9
2018-07,CT,3.8
2018-08,CT,3.8
2018-09,CT,3.8
2018-10,CT,3.7
2018-11,CT,3.7
2018-12,CT,3.7
2019-01,CT,3.7
2019-02,CT,3.6
2019-03,CT,3.5
2019-04,CT,3.5
2019-05,CT,3.5
2019-06,CT,3.5
2019-07,CT,3.5
2019-08,CT,3.6
2019-09,CT,3.6
2019-10,CT,3.6
2019-11,CT,3.7
2019-12,CT,3.7
2020-01,CT,3.8
2020-02,CT,3.8
2020-03,CT,3.9
2020-04,CT,8.3
2020-05,CT,11.9
2020-06,CT,11.5
2020-07,CT,11.7
2020-08,CT,9.6
2020-09,CT,8.8
2020-10,CT,7.9
2020-11,CT,7.5
2020-12,CT,7.4
2021-01,CT,7.2
2021-02,CT,7.2
2021-03,CT,7.1
2021-04,CT,7.2
2021-05,CT,7.0
2021-06,CT,6.9
2021-07,CT,6.6
2021-08,CT,6.3
2021-09,CT,5.9
2021-10,CT,5.6
2021-11,CT,5.3
2021-12,CT,5.0
2022-01,CT,4.8
2022-02,CT,4.5
2022-03,CT,4.3
2022-04,CT,4.2
2022-05,CT,4.1
2022-06,CT,4.0
2022-07,CT,3.9
2022-08,CT,3.7
2022-09,CT,3.7
2022-10,CT,3.7
2022-11,CT,3.6
2022-12,CT,3.5
2023-01,CT,3.4
2023-02,CT,3.3
2023-03,CT,3.2
2023-04,CT,3.1
2023-05,CT,3.1
2023-06,CT,3.1
2023-07,CT,3.1
2023-08,CT,3.1
2023-09,CT,3.2
2023-10,CT,3.2
2023-11,CT,3.3
2023-12,CT,3.3
2024-01,CT,3.3
2024-02,CT,3.2
2024-03,CT,3.2
2024-04,CT,3.2
2024-05,CT,3.2
2024-06,CT,3.2
2024-07,CT,3.3
2024-08,CT,3.3
2024-09,CT,3.4
2024-10,CT,3.4
2024-11,CT,3.5
2024-12,CT,3.5
2025-01,CT,3.6
2025-02,CT,3.7
2025-03,CT,3.7
2025-04,CT,3.8
2025-05,CT,3.8
2025-06,CT,3.9
2025-07,CT,3.9
2025-08,CT,4.1
2025-09,CT,4.2
2025-11,CT,4.3
2025-12,CT,4.3
2026-01,CT,4.5
2026-02,CT,4.7
2026-03,CT,4.8
2026-04,CT,5.0
2026-05,CT,5.1
2026-06,CT,5.2
1990-01,DE,3.5
1990-02,DE,3.5
1990-03,DE,3.4
1990-04,DE,3.4
1990-05,DE,3.5
1990-06,DE,3.6
1990-07,DE,3.7
1990-08,DE,4.0
1990-09,DE,5.3
1990-10,DE,5.8
1990-11,DE,6.2
1990-12,DE,6.4
1991-01,DE,6.4
1991-02,DE,6.5
1991-03,DE,6.4
1991-04,DE,6.3
1991-05,DE,6.2
1991-06,DE,6.0
1991-07,DE,5.8
1991-08,DE,5.7
1991-09,DE,5.6
1991-10,DE,5.6
1991-11,DE,5.6
1991-12,DE,5.6
1992-01,DE,5.6
1992-02,DE,5.7
1992-03,DE,5.6
1992-04,DE,5.6
1992-05,DE,5.6
1992-06,DE,5.6
1992-07,DE,5.6
1992-08,DE,5.5
1992-09,DE,5.4
1992-10,DE,5.2
1992-11,DE,5.1
1992-12,DE,5.0
1993-01,DE,4.9
1993-02,DE,4.9
1993-03,DE,4.8
1993-04,DE,4.8
1993-05,DE,4.9
1993-06,DE,4.9
1993-07,DE,5.0
1993-08,DE,5.0
1993-09,DE,5.1
1993-10,DE,5.1
1993-11,DE,5.2
1993-12,DE,5.2
1994-01,DE,5.3
1994-02,DE,5.3
1994-03,DE,5.3
1994-04,DE,5.2
1994-05,DE,5.0
1994-06,DE,4.9
1994-07,DE,4.7
1994-08,DE,4.6
1994-09,DE,4.4
1994-10,DE,4.3
1994-11,DE,4.1
1994-12,DE,4.0
1995-01,DE,4.0
1995-02,DE,3.9
1995-03,DE,4.0
1995-04,DE,4.2
1995-05,DE,4.3
1995-06,DE,4.3
1995-07,DE,4.4
1995-08,DE,4.5
1995-09,DE,4.6
1995-10,DE,4.7
1995-11,DE,4.8
1995-12,DE,5.0
1996-01,DE,5.1
1996-02,DE,5.2
1996-03,DE,5.2
1996-04,DE,5.2
1996-05,DE,5.2
1996-06,DE,5.1
1996-07,DE,5.2
1996-08,DE,5.2
1996-09,DE,5.3
1996-10,DE,5.4
1996-11,DE,5.3
1996-12,DE,5.2
1997-01,DE,5.1
1997-02,DE,4.9
1997-03,DE,4.8
1997-04,DE,4.5
1997-05,DE,4.3
1997-06,DE,4.1
1997-07,DE,3.9
1997-08,DE,3.7
1997-09,DE,3.5
1997-10,DE,3.4
1997-11,DE,3.2
1997-12,DE,3.3
1998-01,DE,3.4
1998-02,DE,3.5
1998-03,DE,3.5
1998-04,DE,3.6
1998-05,DE,3.6
1998-06,DE,3.6
1998-07,DE,3.6
1998-08,DE,3.6
1998-09,DE,3.5
1998-10,DE,3.4
1998-11,DE,3.3
1998-12,DE,3.2
1999-01,DE,3.1
1999-02,DE,3.1
1999-03,DE,3.2
1999-04,DE,3.2
1999-05,DE,3.2
1999-06,DE,3.3
1999-07,DE,3.3
1999-08,DE,3.3
1999-09,DE,3.3
1999-10,DE,3.3
1999-11,DE,3.3
1999-12,DE,3.3
2000-01,DE,3.3
2000-02,DE,3.3
2000-03,DE,3.3
2000-04,DE,3.4
2000-05,DE,3.4
2000-06,DE,3.5
2000-07,DE,3.5
2000-08,DE,3.5
2000-09,DE,3.5
2000-10,DE,3.6
2000-11,DE,3.6
2000-12,DE,3.6
2001-01,DE,3.6
2001-02,DE,3.5
2001-03,DE,3.4
2001-04,DE,3.3
2001-05,DE,3.3
2001-06,DE,3.2
2001-07,DE,3.3
2001-08,DE,3.4
2001-09,DE,3.5
2001-10,DE,3.6
2001-11,DE,3.8
2001-12,DE,3.9
2002-01,DE,4.0
2002-02,DE,4.1
2002-03,DE,4.2
2002-04,DE,4.2
2002-05,DE,4.2
2002-06,DE,4.1
2002-07,DE,4.1
2002-08,DE,4.0
2002-09,DE,4.0
2002-10,DE,4.0
2002-11,DE,4.0
2002-12,DE,4.1
2003-01,DE,4.2
2003-02,DE,4.3
2003-03,DE,4.4
2003-04,DE,4.4
2003-05,DE,4.4
2003-06,DE,4.4
2003-07,DE,4.4
2003-08,DE,4.3
2003-09,DE,4.2
2003-10,DE,4.1
2003-11,DE,4.0
2003-12,DE,3.9
2004-01,DE,3.9
2004-02,DE,3.9
2004-03,DE,3.9
2004-04,DE,3.9
2004-05,DE,4.0
2004-06,DE,4.0
2004-07,DE,4.0
2004-08,DE,4.1
2004-09,DE,4.1
2004-10,DE,4.1
2004-11,DE,4.1
2004-12,DE,4.1
2005-01,DE,4.1
2005-02,DE,4.1
2005-03,DE,4.1
2005-04,DE,4.1
2005-05,DE,4.1
2005-06,DE,4.1
2005-07,DE,4.2
2005-08,DE,4.2
2005-09,DE,4.2
2005-10,DE,4.2
2005-11,DE,4.1
2005-12,DE,4.0
2006-01,DE,3.9
2006-02,DE,3.8
2006-03,DE,3.7
2006-04,DE,3.6
2006-05,DE,3.6
2006-06,DE,3.6
2006-07,DE,3.6
2006-08,DE,3.6
2006-09,DE,3.5
2006-10,DE,3.4
2006-11,DE,3.4
2006-12,DE,3.3
2007-01,DE,3.3
2007-02,DE,3.3
2007-03,DE,3.3
2007-04,DE,3.4
2007-05,DE,3.4
2007-06,DE,3.3
2007-07,DE,3.3
2007-08,DE,3.4
2007-09,DE,3.4
2007-10,DE,3.5
2007-11,DE,3.6
2007-12,DE,3.6
2008-01,DE,3.7
2008-02,DE,3.8
2008-03,DE,3.9
2008-04,DE,4.0
2008-05,DE,4.3
2008-06,DE,4.6
2008-07,DE,4.9
2008-08,DE,5.1
2008-09,DE,5.5
2008-10,DE,5.8
2008-11,DE,6.2
2008-12,DE,6.6
2009-01,DE,7.1
2009-02,DE,7.5
2009-03,DE,7.8
2009-04,DE,8.1
2009-05,DE,8.2
2009-06,DE,8.3
2009-07,DE,8.3
2009-08,DE,8.4
2009-09,DE,8.4
2009-10,DE,8.5
2009-11,DE,8.6
2009-12,DE,8.7
2010-01,DE,8.8
2010-02,DE,8.7
2010-03,DE,8.6
2010-04,DE,8.5
2010-05,DE,8.4
2010-06,DE,8.3
2010-07,DE,8.2
2010-08,DE,8.1
2010-09,DE,8.1
2010-10,DE,8.0
2010-11,DE,8.0
2010-12,DE,7.9
2011-01,DE,7.7
2011-02,DE,7.6
2011-03,DE,7.5
2011-04,DE,7.5
2011-05,DE,7.4
2011-06,DE,7.5
2011-07,DE,7.5
2011-08,DE,7.5
2011-09,DE,7.4
2011-10,DE,7.3
2011-11,DE,7.2
2011-12,DE,7.1
2012-01,DE,7.0
2012-02,DE,6.9
2012-03,DE,6.9
2012-04,DE,7.0
2012-05,DE,7.0
2012-06,DE,7.0
2012-07,DE,7.0
2012-08,DE,7.0
2012-09,DE,7.0
2012-10,DE,6.9
2012-11,DE,6.9
2012-12,DE,6.9
2013-01,DE,6.9
2013-02,DE,6.9
2013-03,DE,6.8
2013-04,DE,6.8
2013-05,DE,6.7
2013-06,DE,6.6
2013-07,DE,6.5
2013-08,DE,6.4
2013-09,DE,6.3
2013-10,DE,6.2
2013-11,DE,6.2
2013-12,DE,6.1
2014-01,DE,6.0
2014-02,DE,6.0
2014-03,DE,5.9
2014-04,DE,5.9
2014-05,DE,5.8
2014-06,DE,5.7
2014-07,DE,5.6
2014-08,DE,5.5
2014-09,DE,5.4
2014-10,DE,5.3
2014-11,DE,5.2
2014-12,DE,5.1
2015-01,DE,5.0
2015-02,DE,5.0
2015-03,DE,5.0
2015-04,DE,4.9
2015-05,DE,4.9
2015-06,DE,4.8
2015-07,DE,4.8
2015-08,DE,4.7
2015-09,DE,4.7
2015-10,DE,4.7
2015-11,DE,4.6
2015-12,DE,4.6
2016-01,DE,4.5
2016-02,DE,4.5
2016-03,DE,4.5
2016-04,DE,4.5
2016-05,DE,4.5
2016-06,DE,4.5
2016-07,DE,4.5
2016-08,DE,4.5
2016-09,DE,4.6
2016-10,DE,4.6
2016-11,DE,4.6
2016-12,DE,4.6
2017-01,DE,4.6
2017-02,DE,4.6
2017-03,DE,4.5
2017-04,DE,4.5
2017-05,DE,4.5
2017-06,DE,4.4
2017-07,DE,4.4
2017-08,DE,4.3
2017-09,DE,4.3
2017-10,DE,4.3
2017-11,DE,4.2
2017-12,DE,4.2
2018-01,DE,4.1
2018-02,DE,4.0
2018-03,DE,3.9
2018-04,DE,3.8
2018-05,DE,3.7
2018-06,DE,3.7
2018-07,DE,3.6
2018-08,DE,3.5
2018-09,DE,3.5
2018-10,DE,3.5
2018-11,DE,3.5
2018-12,DE,3.5
2019-01,DE,3.5
2019-02,DE,3.5
2019-03,DE,3.5
2019-04,DE,3.5
2019-05,DE,3.5
2019-06,DE,3.5
2019-07,DE,3.6
2019-08,DE,3.6
2019-09,DE,3.6
2019-10,DE,3.6
2019-11,DE,3.6
2019-12,DE,3.6
2020-01,DE,3.6
2020-02,DE,3.6
2020-03,DE,5.0
2020-04,DE,13.1
2020-05,DE,13.4
2020-06,DE,12.8
2020-07,DE,7.6
2020-08,DE,7.4
2020-09,DE,7.6
2020-10,DE,5.2
2020-11,DE,5.4
2020-12,DE,5.6
2021-01,DE,5.8
2021-02,DE,5.9
2021-03,DE,6.0
2021-04,DE,6.0
2021-05,DE,5.9
2021-06,DE,5.8
2021-07,DE,5.6
2021-08,DE,5.4
2021-09,DE,5.1
2021-10,DE,4.9
2021-11,DE,4.8
2021-12,DE,4.6
2022-01,DE,4.5
2022-02,DE,4.4
2022-03,DE,4.3
2022-04,DE,4.2
2022-05,DE,4.2
2022-06,DE,4.2
2022-07,DE,4.1
2022-08,DE,4.1
2022-09,DE,4.1
2022-10,DE,4.2
2022-11,DE,4.1
2022-12,DE,4.1
2023-01,DE,4.0
2023-02,DE,3.9
2023-03,DE,3.9
2023-04,DE,3.8
2023-05,DE,3.8
2023-06,DE,3.8
2023-07,DE,3.9
2023-08,DE,3.9
2023-09,DE,3.9
2023-10,DE,4.0
2023-11,DE,3.9
2023-12,DE,3.9
2024-01,DE,3.9
2024-02,DE,3.8
2024-03,DE,3.8
2024-04,DE,3.9
2024-05,DE,3.9
2024-06,DE,4.0
2024-07,DE,4.0
2024-08,DE,3.9
2024-09,DE,3.9
2024-10,DE,3.9
2024-11,DE,4.0
2024-12,DE,4.0
2025-01,DE,4.1
2025-02,DE,4.3
2025-03,DE,4.4
2025-04,DE,4.5
2025-05,DE,4.5
2025-06,DE,4.7
2025-07,DE,4.8
2025-08,DE,5.0
2025-09,DE,5.2
2025-11,DE,5.3
2025-12,DE,5.3
2026-01,DE,5.4
2026-02,DE,5.4
2026-03,DE,5.4
2026-04,DE,5.3
2026-05,DE,5.1
2026-06,DE,4.9
1990-01,DC,5.2
1990-02,DC,5.4
1990-03,DC,5.5
1990-04,DC,5.6
1990-05,DC,5.8
1990-06,DC,5.9
1990-07,DC,6.1
1990-08,DC,6.3
1990-09,DC,6.4
1990-10,DC,6.6
1990-11,DC,6.7
1990-12,DC,6.8
1991-01,DC,6.9
1991-02,DC,7.1
1991-03,DC,7.2
1991-04,DC,7.4
1991-05,DC,7.5
1991-06,DC,7.7
1991-07,DC,7.8
1991-08,DC,7.9
1991-09,DC,8.0
1991-10,DC,8.1
1991-11,DC,8.2
1991-12,DC,8.3
1992-01,DC,8.4
1992-02,DC,8.4
1992-03,DC,8.5
1992-04,DC,8.5
1992-05,DC,8.5
1992-06,DC,8.5
1992-07,DC,8.6
1992-08,DC,8.6
1992-09,DC,8.7
1992-10,DC,8.7
1992-11,DC,8.7
1992-12,DC,8.7
1993-01,DC,8.6
1993-02,DC,8.5
1993-03,DC,8.5
1993-04,DC,8.4
1993-05,DC,8.4
1993-06,DC,8.4
1993-07,DC,8.3
1993-08,DC,8.3
1993-09,DC,8.3
1993-10,DC,8.3
1993-11,DC,8.3
1993-12,DC,8.3
1994-01,DC,8.3
1994-02,DC,8.2
1994-03,DC,8.2
1994-04,DC,8.1
1994-05,DC,7.9
1994-06,DC,7.9
1994-07,DC,7.8
1994-08,DC,7.8
1994-09,DC,7.7
1994-10,DC,7.8
1994-11,DC,7.8
1994-12,DC,7.8
1995-01,DC,7.9
1995-02,DC,8.1
1995-03,DC,8.3
1995-04,DC,8.5
1995-05,DC,8.6
1995-06,DC,8.7
1995-07,DC,8.8
1995-08,DC,8.8
1995-09,DC,8.8
1995-10,DC,8.8
1995-11,DC,8.8
1995-12,DC,8.7
1996-01,DC,8.7
1996-02,DC,8.6
1996-03,DC,8.7
1996-04,DC,8.7
1996-05,DC,8.6
1996-06,DC,8.6
1996-07,DC,8.5
1996-08,DC,8.3
1996-09,DC,8.3
1996-10,DC,8.2
1996-11,DC,8.2
1996-12,DC,8.1
1997-01,DC,8.1
1997-02,DC,8.0
1997-03,DC,8.0
1997-04,DC,8.0
1997-05,DC,8.0
1997-06,DC,8.0
1997-07,DC,8.1
1997-08,DC,8.2
1997-09,DC,8.3
1997-10,DC,8.3
1997-11,DC,8.4
1997-12,DC,8.5
1998-01,DC,8.6
1998-02,DC,8.6
1998-03,DC,8.6
1998-04,DC,8.5
1998-05,DC,8.4
1998-06,DC,8.4
1998-07,DC,8.3
1998-08,DC,8.2
1998-09,DC,8.1
1998-10,DC,8.0
1998-11,DC,7.7
1998-12,DC,7.5
1999-01,DC,7.3
1999-02,DC,7.1
1999-03,DC,7.0
1999-04,DC,6.8
1999-05,DC,6.7
1999-06,DC,6.6
1999-07,DC,6.5
1999-08,DC,6.4
1999-09,DC,6.2
1999-10,DC,6.1
1999-11,DC,6.0
1999-12,DC,5.9
2000-01,DC,5.8
2000-02,DC,5.7
2000-03,DC,5.7
2000-04,DC,5.6
2000-05,DC,5.6
2000-06,DC,5.6
2000-07,DC,5.6
2000-08,DC,5.6
2000-09,DC,5.6
2000-10,DC,5.7
2000-11,DC,5.7
2000-12,DC,5.8
2001-01,DC,5.9
2001-02,DC,5.9
2001-03,DC,6.0
2001-04,DC,6.0
2001-05,DC,6.1
2001-06,DC,6.2
2001-07,DC,6.3
2001-08,DC,6.4
2001-09,DC,6.6
2001-10,DC,6.7
2001-11,DC,6.8
2001-12,DC,6.8
2002-01,DC,6.8
2002-02,DC,6.8
2002-03,DC,6.8
2002-04,DC,6.7
2002-05,DC,6.6
2002-06,DC,6.6
2002-07,DC,6.5
2002-08,DC,6.5
2002-09,DC,6.4
2002-10,DC,6.5
2002-11,DC,6.5
2002-12,DC,6.6
2003-01,DC,6.7
2003-02,DC,6.7
2003-03,DC,6.8
2003-04,DC,6.8
2003-05,DC,6.9
2003-06,DC,6.9
2003-07,DC,6.9
2003-08,DC,6.9
2003-09,DC,6.9
2003-10,DC,6.8
2003-11,DC,6.8
2003-12,DC,6.9
2004-01,DC,7.0
2004-02,DC,7.1
2004-03,DC,7.2
2004-04,DC,7.4
2004-05,DC,7.5
2004-06,DC,7.6
2004-07,DC,7.7
2004-08,DC,7.7
2004-09,DC,7.8
2004-10,DC,7.7
2004-11,DC,7.7
2004-12,DC,7.6
2005-01,DC,7.4
2005-02,DC,7.3
2005-03,DC,7.1
2005-04,DC,6.9
2005-05,DC,6.7
2005-06,DC,6.4
2005-07,DC,6.2
2005-08,DC,6.1
2005-09,DC,6.0
2005-10,DC,5.9
2005-11,DC,5.8
2005-12,DC,5.8
2006-01,DC,5.8
2006-02,DC,5.8
2006-03,DC,5.8
2006-04,DC,5.8
2006-05,DC,5.9
2006-06,DC,5.9
2006-07,DC,5.9
2006-08,DC,5.9
2006-09,DC,5.9
2006-10,DC,5.8
2006-11,DC,5.8
2006-12,DC,5.7
2007-01,DC,5.6
2007-02,DC,5.6
2007-03,DC,5.5
2007-04,DC,5.5
2007-05,DC,5.5
2007-06,DC,5.5
2007-07,DC,5.5
2007-08,DC,5.5
2007-09,DC,5.5
2007-10,DC,5.6
2007-11,DC,5.6
2007-12,DC,5.6
2008-01,DC,5.6
2008-02,DC,5.7
2008-03,DC,5.8
2008-04,DC,5.9
2008-05,DC,6.1
2008-06,DC,6.3
2008-07,DC,6.5
2008-08,DC,6.7
2008-09,DC,6.9
2008-10,DC,7.2
2008-11,DC,7.5
2008-12,DC,7.9
2009-01,DC,8.3
2009-02,DC,8.6
2009-03,DC,9.0
2009-04,DC,9.2
2009-05,DC,9.4
2009-06,DC,9.6
2009-07,DC,9.8
2009-08,DC,9.9
2009-09,DC,10.1
2009-10,DC,10.2
2009-11,DC,10.2
2009-12,DC,10.2
2010-01,DC,10.2
2010-02,DC,10.1
2010-03,DC,10.0
2010-04,DC,9.8
2010-05,DC,9.7
2010-06,DC,9.6
2010-07,DC,9.5
2010-08,DC,9.6
2010-09,DC,9.6
2010-10,DC,9.7
2010-11,DC,9.7
2010-12,DC,9.8
2011-01,DC,9.8
2011-02,DC,9.9
2011-03,DC,10.0
2011-04,DC,10.1
2011-05,DC,10.3
2011-06,DC,10.3
2011-07,DC,10.4
2011-08,DC,10.3
2011-09,DC,10.2
2011-10,DC,10.1
2011-11,DC,9.9
2011-12,DC,9.7
2012-01,DC,9.6
2012-02,DC,9.4
2012-03,DC,9.3
2012-04,DC,9.2
2012-05,DC,9.1
2012-06,DC,9.0
2012-07,DC,8.8
2012-08,DC,8.7
2012-09,DC,8.6
2012-10,DC,8.6
2012-11,DC,8.6
2012-12,DC,8.6
2013-01,DC,8.6
2013-02,DC,8.6
2013-03,DC,8.6
2013-04,DC,8.6
2013-05,DC,8.5
2013-06,DC,8.5
2013-07,DC,8.5
2013-08,DC,8.4
2013-09,DC,8.4
2013-10,DC,8.2
2013-11,DC,8.1
2013-12,DC,8.0
2014-01,DC,8.0
2014-02,DC,7.9
2014-03,DC,7.8
2014-04,DC,7.8
2014-05,DC,7.8
2014-06,DC,7.8
2014-07,DC,7.7
2014-08,DC,7.7
2014-09,DC,7.6
2014-10,DC,7.6
2014-11,DC,7.5
2014-12,DC,7.4
2015-01,DC,7.3
2015-02,DC,7.3
2015-03,DC,7.2
2015-04,DC,7.1
2015-05,DC,7.0
2015-06,DC,6.9
2015-07,DC,6.8
2015-08,DC,6.7
2015-09,DC,6.7
2015-10,DC,6.6
2015-11,DC,6.5
2015-12,DC,6.5
2016-01,DC,6.4
2016-02,DC,6.3
2016-03,DC,6.2
2016-04,DC,6.1
2016-05,DC,6.1
2016-06,DC,6.1
2016-07,DC,6.2
2016-08,DC,6.2
2016-09,DC,6.3
2016-10,DC,6.3
2016-11,DC,6.3
2016-12,DC,6.3
2017-01,DC,6.3
2017-02,DC,6.2
2017-03,DC,6.2
2017-04,DC,6.2
2017-05,DC,6.2
2017-06,DC,6.2
2017-07,DC,6.1
2017-08,DC,6.1
2017-09,DC,6.0
2017-10,DC,6.0
2017-11,DC,5.9
2017-12,DC,5.9
2018-01,DC,5.9
2018-02,DC,5.9
2018-03,DC,5.8
2018-04,DC,5.8
2018-05,DC,5.7
2018-06,DC,5.7
2018-07,DC,5.6
2018-08,DC,5.5
2018-09,DC,5.5
2018-10,DC,5.6
2018-11,DC,5.7
2018-12,DC,5.9
2019-01,DC,5.9
2019-02,DC,5.9
2019-03,DC,5.9
2019-04,DC,5.7
2019-05,DC,5.6
2019-06,DC,5.5
2019-07,DC,5.4
2019-08,DC,5.3
2019-09,DC,5.2
2019-10,DC,5.2
2019-11,DC,5.2
2019-12,DC,5.4
2020-01,DC,5.5
2020-02,DC,5.7
2020-03,DC,5.8
2020-04,DC,11.3
2020-05,DC,8.8
2020-06,DC,8.6
2020-07,DC,8.7
2020-08,DC,8.5
2020-09,DC,8.6
2020-10,DC,8.3
2020-11,DC,8.0
2020-12,DC,7.8
2021-01,DC,7.3
2021-02,DC,7.0
2021-03,DC,7.0
2021-04,DC,7.0
2021-05,DC,7.1
2021-06,DC,7.2
2021-07,DC,7.1
2021-08,DC,7.0
2021-09,DC,6.6
2021-10,DC,6.5
2021-11,DC,6.3
2021-12,DC,6.1
2022-01,DC,5.9
2022-02,DC,5.5
2022-03,DC,5.2
2022-04,DC,4.9
2022-05,DC,4.6
2022-06,DC,4.4
2022-07,DC,4.2
2022-08,DC,4.0
2022-09,DC,4.2
2022-10,DC,4.3
2022-11,DC,4.5
2022-12,DC,4.7
2023-01,DC,4.8
2023-02,DC,4.8
2023-03,DC,4.8
2023-04,DC,4.8
2023-05,DC,4.8
2023-06,DC,4.7
2023-07,DC,4.8
2023-08,DC,4.8
2023-09,DC,4.9
2023-10,DC,5.0
2023-11,DC,5.0
2023-12,DC,5.1
2024-01,DC,5.1
2024-02,DC,5.1
2024-03,DC,5.1
2024-04,DC,5.2
2024-05,DC,5.2
2024-06,DC,5.3
2024-07,DC,5.4
2024-08,DC,5.4
2024-09,DC,5.4
2024-10,DC,5.4
2024-11,DC,5.5
2024-12,DC,5.6
2025-01,DC,5.7
2025-02,DC,5.9
2025-03,DC,6.0
2025-04,DC,6.1
2025-05,DC,6.1
2025-06,DC,6.2
2025-07,DC,6.3
2025-08,DC,6.5
2025-09,DC,6.6
2025-11,DC,6.7
2025-12,DC,6.7
2026-01,DC,6.7
2026-02,DC,6.5
2026-03,DC,6.3
2026-04,DC,6.2
2026-05,DC,6.1
2026-06,DC,6.0
1990-01,FL,5.8
1990-02,FL,5.8
1990-03,FL,5.8
1990-04,FL,5.9
1990-05,FL,5.9
1990-06,FL,6.0
1990-07,FL,6.1
1990-08,FL,6.3
1990-09,FL,6.4
1990-10,FL,6.6
1990-11,FL,6.7
1990-12,FL,6.9
1991-01,FL,7.0
1991-02,FL,7.2
1991-03,FL,7.3
1991-04,FL,7.4
1991-05,FL,7.6
1991-06,FL,7.7
1991-07,FL,7.7
1991-08,FL,7.8
1991-09,FL,7.9
1991-10,FL,8.0
1991-11,FL,8.2
1991-12,FL,8.3
1992-01,FL,8.4
1992-02,FL,8.5
1992-03,FL,8.5
1992-04,FL,8.6
1992-05,FL,8.6
1992-06,FL,8.6
1992-07,FL,8.5
1992-08,FL,8.5
1992-09,FL,8.4
1992-10,FL,8.2
1992-11,FL,8.1
1992-12,FL,8.0
1993-01,FL,7.9
1993-02,FL,7.8
1993-03,FL,7.7
1993-04,FL,7.6
1993-05,FL,7.5
1993-06,FL,7.4
1993-07,FL,7.3
1993-08,FL,7.2
1993-09,FL,7.2
1993-10,FL,7.1
1993-11,FL,7.1
1993-12,FL,7.1
1994-01,FL,7.0
1994-02,FL,7.0
1994-03,FL,6.9
1994-04,FL,6.8
1994-05,FL,6.7
1994-06,FL,6.6
1994-07,FL,6.5
1994-08,FL,6.4
1994-09,FL,6.2
1994-10,FL,6.1
1994-11,FL,5.9
1994-12,FL,5.8
1995-01,FL,5.7
1995-02,FL,5.6
1995-03,FL,5.6
1995-04,FL,5.6
1995-05,FL,5.6
1995-06,FL,5.6
1995-07,FL,5.6
1995-08,FL,5.6
1995-09,FL,5.6
1995-10,FL,5.6
1995-11,FL,5.6
1995-12,FL,5.5
1996-01,FL,5.5
1996-02,FL,5.4
1996-03,FL,5.4
1996-04,FL,5.4
1996-05,FL,5.3
1996-06,FL,5.3
1996-07,FL,5.2
1996-08,FL,5.2
1996-09,FL,5.2
1996-10,FL,5.2
1996-11,FL,5.2
1996-12,FL,5.2
1997-01,FL,5.2
1997-02,FL,5.2
1997-03,FL,5.1
1997-04,FL,5.1
1997-05,FL,5.0
1997-06,FL,5.0
1997-07,FL,4.9
1997-08,FL,4.8
1997-09,FL,4.8
1997-10,FL,4.8
1997-11,FL,4.7
1997-12,FL,4.7
1998-01,FL,4.7
1998-02,FL,4.6
1998-03,FL,4.6
1998-04,FL,4.5
1998-05,FL,4.5
1998-06,FL,4.4
1998-07,FL,4.4
1998-08,FL,4.4
1998-09,FL,4.4
1998-10,FL,4.3
1998-11,FL,4.2
1998-12,FL,4.2
1999-01,FL,4.1
1999-02,FL,4.1
1999-03,FL,4.0
1999-04,FL,4.0
1999-05,FL,4.0
1999-06,FL,4.0
1999-07,FL,3.9
1999-08,FL,3.9
1999-09,FL,3.9
1999-10,FL,3.8
1999-11,FL,3.8
1999-12,FL,3.8
2000-01,FL,3.7
2000-02,FL,3.7
2000-03,FL,3.7
2000-04,FL,3.7
2000-05,FL,3.8
2000-06,FL,3.8
2000-07,FL,3.8
2000-08,FL,3.7
2000-09,FL,3.7
2000-10,FL,3.7
2000-11,FL,3.7
2000-12,FL,3.8
2001-01,FL,3.9
2001-02,FL,4.0
2001-03,FL,4.1
2001-04,FL,4.2
2001-05,FL,4.3
2001-06,FL,4.4
2001-07,FL,4.6
2001-08,FL,4.8
2001-09,FL,5.0
2001-10,FL,5.4
2001-11,FL,5.6
2001-12,FL,5.7
2002-01,FL,5.8
2002-02,FL,5.8
2002-03,FL,5.8
2002-04,FL,5.7
2002-05,FL,5.7
2002-06,FL,5.7
2002-07,FL,5.6
2002-08,FL,5.6
2002-09,FL,5.5
2002-10,FL,5.5
2002-11,FL,5.5
2002-12,FL,5.5
2003-01,FL,5.5
2003-02,FL,5.5
2003-03,FL,5.4
2003-04,FL,5.4
2003-05,FL,5.4
2003-06,FL,5.4
2003-07,FL,5.4
2003-08,FL,5.3
2003-09,FL,5.2
2003-10,FL,5.1
2003-11,FL,5.0
2003-12,FL,4.9
2004-01,FL,4.8
2004-02,FL,4.8
2004-03,FL,4.8
2004-04,FL,4.8
2004-05,FL,4.7
2004-06,FL,4.7
2004-07,FL,4.6
2004-08,FL,4.5
2004-09,FL,4.5
2004-10,FL,4.4
2004-11,FL,4.4
2004-12,FL,4.3
2005-01,FL,4.3
2005-02,FL,4.2
2005-03,FL,4.1
2005-04,FL,4.0
2005-05,FL,3.8
2005-06,FL,3.7
2005-07,FL,3.6
2005-08,FL,3.6
2005-09,FL,3.5
2005-10,FL,3.4
2005-11,FL,3.4
2005-12,FL,3.3
2006-01,FL,3.3
2006-02,FL,3.2
2006-03,FL,3.2
2006-04,FL,3.2
2006-05,FL,3.2
2006-06,FL,3.3
2006-07,FL,3.3
2006-08,FL,3.3
2006-09,FL,3.3
2006-10,FL,3.3
2006-11,FL,3.4
2006-12,FL,3.4
2007-01,FL,3.5
2007-02,FL,3.5
2007-03,FL,3.6
2007-04,FL,3.7
2007-05,FL,3.8
2007-06,FL,3.9
2007-07,FL,4.0
2007-08,FL,4.1
2007-09,FL,4.3
2007-10,FL,4.4
2007-11,FL,4.6
2007-12,FL,4.7
2008-01,FL,4.8
2008-02,FL,5.0
2008-03,FL,5.2
2008-04,FL,5.5
2008-05,FL,5.8
2008-06,FL,6.1
2008-07,FL,6.4
2008-08,FL,6.7
2008-09,FL,7.0
2008-10,FL,7.3
2008-11,FL,7.7
2008-12,FL,8.1
2009-01,FL,8.5
2009-02,FL,8.9
2009-03,FL,9.3
2009-04,FL,9.5
2009-05,FL,10.1
2009-06,FL,10.4
2009-07,FL,10.6
2009-08,FL,10.8
2009-09,FL,10.9
2009-10,FL,11.1
2009-11,FL,11.2
2009-12,FL,11.3
2010-01,FL,11.4
2010-02,FL,11.4
2010-03,FL,11.4
2010-04,FL,11.3
2010-05,FL,11.2
2010-06,FL,11.2
2010-07,FL,11.2
2010-08,FL,11.2
2010-09,FL,11.2
2010-10,FL,11.2
2010-11,FL,11.2
2010-12,FL,11.1
2011-01,FL,10.9
2011-02,FL,10.8
2011-03,FL,10.6
2011-04,FL,10.5
2011-05,FL,10.4
2011-06,FL,10.3
2011-07,FL,10.2
2011-08,FL,10.1
2011-09,FL,9.8
2011-10,FL,9.7
2011-11,FL,9.5
2011-12,FL,9.4
2012-01,FL,9.2
2012-02,FL,9.1
2012-03,FL,9.0
2012-04,FL,8.9
2012-05,FL,8.9
2012-06,FL,8.8
2012-07,FL,8.7
2012-08,FL,8.5
2012-09,FL,8.4
2012-10,FL,8.3
2012-11,FL,8.2
2012-12,FL,8.1
2013-01,FL,8.0
2013-02,FL,7.9
2013-03,FL,7.9
2013-04,FL,7.7
2013-05,FL,7.6
2013-06,FL,7.6
2013-07,FL,7.5
2013-08,FL,7.4
2013-09,FL,7.3
2013-10,FL,7.2
2013-11,FL,7.1
2013-12,FL,7.0
2014-01,FL,6.9
2014-02,FL,6.8
2014-03,FL,6.8
2014-04,FL,6.7
2014-05,FL,6.6
2014-06,FL,6.5
2014-07,FL,6.4
2014-08,FL,6.3
2014-09,FL,6.2
2014-10,FL,6.1
2014-11,FL,6.0
2014-12,FL,6.0
2015-01,FL,5.9
2015-02,FL,5.8
2015-03,FL,5.8
2015-04,FL,5.7
2015-05,FL,5.6
2015-06,FL,5.5
2015-07,FL,5.5
2015-08,FL,5.4
2015-09,FL,5.3
2015-10,FL,5.2
2015-11,FL,5.2
2015-12,FL,5.1
2016-01,FL,5.1
2016-02,FL,5.0
2016-03,FL,4.9
2016-04,FL,4.9
2016-05,FL,4.9
2016-06,FL,4.9
2016-07,FL,4.9
2016-08,FL,4.9
2016-09,FL,4.9
2016-10,FL,4.9
2016-11,FL,4.8
2016-12,FL,4.8
2017-01,FL,4.7
2017-02,FL,4.6
2017-03,FL,4.5
2017-04,FL,4.4
2017-05,FL,4.3
2017-06,FL,4.2
2017-07,FL,4.2
2017-08,FL,4.2
2017-09,FL,4.1
2017-10,FL,4.1
2017-11,FL,4.1
2017-12,FL,4.0
2018-01,FL,3.9
2018-02,FL,3.9
2018-03,FL,3.8
2018-04,FL,3.7
2018-05,FL,3.7
2018-06,FL,3.6
2018-07,FL,3.6
2018-08,FL,3.5
2018-09,FL,3.5
2018-10,FL,3.5
2018-11,FL,3.5
2018-12,FL,3.5
2019-01,FL,3.5
2019-02,FL,3.4
2019-03,FL,3.4
2019-04,FL,3.3
2019-05,FL,3.3
2019-06,FL,3.2
2019-07,FL,3.2
2019-08,FL,3.2
2019-09,FL,3.2
2019-10,FL,3.1
2019-11,FL,3.1
2019-12,FL,3.0
2020-01,FL,3.0
2020-02,FL,3.0
2020-03,FL,4.0
2020-04,FL,13.3
2020-05,FL,14.1
2020-06,FL,11.6
2020-07,FL,11.6
2020-08,FL,8.6
2020-09,FL,8.0
2020-10,FL,6.9
2020-11,FL,6.5
2020-12,FL,6.2
2021-01,FL,5.8
2021-02,FL,5.5
2021-03,FL,5.4
2021-04,FL,5.2
2021-05,FL,5.0
2021-06,FL,5.0
2021-07,FL,4.7
2021-08,FL,4.5
2021-09,FL,4.2
2021-10,FL,4.0
2021-11,FL,3.8
2021-12,FL,3.6
2022-01,FL,3.5
2022-02,FL,3.3
2022-03,FL,3.2
2022-04,FL,3.1
2022-05,FL,3.0
2022-06,FL,2.9
2022-07,FL,2.9
2022-08,FL,2.8
2022-09,FL,2.8
2022-10,FL,2.9
2022-11,FL,2.9
2022-12,FL,2.8
2023-01,FL,2.8
2023-02,FL,2.8
2023-03,FL,2.8
2023-04,FL,2.8
2023-05,FL,2.8
2023-06,FL,2.9
2023-07,FL,2.9
2023-08,FL,3.0
2023-09,FL,3.0
2023-10,FL,3.1
2023-11,FL,3.1
2023-12,FL,3.1
2024-01,FL,3.1
2024-02,FL,3.2
2024-03,FL,3.2
2024-04,FL,3.3
2024-05,FL,3.3
2024-06,FL,3.4
2024-07,FL,3.4
2024-08,FL,3.4
2024-09,FL,3.5
2024-10,FL,3.5
2024-11,FL,3.5
2024-12,FL,3.5
2025-01,FL,3.5
2025-02,FL,3.6
2025-03,FL,3.6
2025-04,FL,3.7
2025-05,FL,3.7
2025-06,FL,3.8
2025-07,FL,3.9
2025-08,FL,4.0
2025-09,FL,4.2
2025-11,FL,4.3
2025-12,FL,4.3
2026-01,FL,4.5
2026-02,FL,4.6
2026-03,FL,4.7
2026-04,FL,4.8
2026-05,FL,4.8
2026-06,FL,4.7
1990-01,GA,5.2
1990-02,GA,5.1
1990-03,GA,5.1
1990-04,GA,5.1
1990-05,GA,5.2
1990-06,GA,5.3
1990-07,GA,5.4
1990-08,GA,5.5
1990-09,GA,5.5
1990-10,GA,5.6
1990-11,GA,5.7
1990-12,GA,5.7
1991-01,GA,5.7
1991-02,GA,5.7
1991-03,GA,5.6
1991-04,GA,5.5
1991-05,GA,5.4
1991-06,GA,5.2
1991-07,GA,5.1
1991-08,GA,5.0
1991-09,GA,5.0
1991-10,GA,5.0
1991-11,GA,5.1
1991-12,GA,5.2
1992-01,GA,5.3
1992-02,GA,7.6
1992-03,GA,7.4
1992-04,GA,7.2
1992-05,GA,7.1
1992-06,GA,6.9
1992-07,GA,6.7
1992-08,GA,6.6
1992-09,GA,6.2
1992-10,GA,6.2
1992-11,GA,6.2
1992-12,GA,6.2
1993-01,GA,6.1
1993-02,GA,6.0
1993-03,GA,5.9
1993-04,GA,5.8
1993-05,GA,5.7
1993-06,GA,5.7
1993-07,GA,5.6
1993-08,GA,5.6
1993-09,GA,5.6
1993-10,GA,5.6
1993-11,GA,5.6
1993-12,GA,5.6
1994-01,GA,5.6
1994-02,GA,5.5
1994-03,GA,5.4
1994-04,GA,5.3
1994-05,GA,5.2
1994-06,GA,5.1
1994-07,GA,5.0
1994-08,GA,4.9
1994-09,GA,4.8
1994-10,GA,4.7
1994-11,GA,4.6
1994-12,GA,4.5
1995-01,GA,4.5
1995-02,GA,4.5
1995-03,GA,4.6
1995-04,GA,4.7
1995-05,GA,4.8
1995-06,GA,4.9
1995-07,GA,5.0
1995-08,GA,4.9
1995-09,GA,4.9
1995-10,GA,4.8
1995-11,GA,4.7
1995-12,GA,4.7
1996-01,GA,4.6
1996-02,GA,4.6
1996-03,GA,4.6
1996-04,GA,4.6
1996-05,GA,4.6
1996-06,GA,4.5
1996-07,GA,4.5
1996-08,GA,4.6
1996-09,GA,4.6
1996-10,GA,4.7
1996-11,GA,4.8
1996-12,GA,4.8
1997-01,GA,4.8
1997-02,GA,4.8
1997-03,GA,4.7
1997-04,GA,4.6
1997-05,GA,4.5
1997-06,GA,4.5
1997-07,GA,4.4
1997-08,GA,4.3
1997-09,GA,4.3
1997-10,GA,4.3
1997-11,GA,4.2
1997-12,GA,4.2
1998-01,GA,4.2
1998-02,GA,4.2
1998-03,GA,4.2
1998-04,GA,4.2
1998-05,GA,4.2
1998-06,GA,4.2
1998-07,GA,4.2
1998-08,GA,4.2
1998-09,GA,4.2
1998-10,GA,4.1
1998-11,GA,4.1
1998-12,GA,4.1
1999-01,GA,4.0
1999-02,GA,4.0
1999-03,GA,3.9
1999-04,GA,3.9
1999-05,GA,3.9
1999-06,GA,3.8
1999-07,GA,3.8
1999-08,GA,3.8
1999-09,GA,3.8
1999-10,GA,3.8
1999-11,GA,3.7
1999-12,GA,3.6
2000-01,GA,3.6
2000-02,GA,3.6
2000-03,GA,3.6
2000-04,GA,3.6
2000-05,GA,3.6
2000-06,GA,3.6
2000-07,GA,3.6
2000-08,GA,3.5
2000-09,GA,3.5
2000-10,GA,3.4
2000-11,GA,3.4
2000-12,GA,3.4
2001-01,GA,3.4
2001-02,GA,3.5
2001-03,GA,3.6
2001-04,GA,3.6
2001-05,GA,3.7
2001-06,GA,3.7
2001-07,GA,3.9
2001-08,GA,4.1
2001-09,GA,4.3
2001-10,GA,4.5
2001-11,GA,4.7
2001-12,GA,4.8
2002-01,GA,4.9
2002-02,GA,5.0
2002-03,GA,5.0
2002-04,GA,5.0
2002-05,GA,5.0
2002-06,GA,5.0
2002-07,GA,5.0
2002-08,GA,5.0
2002-09,GA,4.9
2002-10,GA,5.0
2002-11,GA,5.0
2002-12,GA,5.0
2003-01,GA,5.0
2003-02,GA,5.0
2003-03,GA,5.0
2003-04,GA,5.0
2003-05,GA,5.0
2003-06,GA,5.0
2003-07,GA,4.9
2003-08,GA,4.8
2003-09,GA,4.7
2003-10,GA,4.6
2003-11,GA,4.5
2003-12,GA,4.4
2004-01,GA,4.4
2004-02,GA,4.4
2004-03,GA,4.4
2004-04,GA,4.5
2004-05,GA,4.6
2004-06,GA,4.7
2004-07,GA,4.8
2004-08,GA,4.9
2004-09,GA,5.0
2004-10,GA,5.1
2004-11,GA,5.2
2004-12,GA,5.2
2005-01,GA,5.3
2005-02,GA,5.4
2005-03,GA,5.4
2005-04,GA,5.4
2005-05,GA,5.4
2005-06,GA,5.3
2005-07,GA,5.3
2005-08,GA,5.3
2005-09,GA,5.3
2005-10,GA,5.2
2005-11,GA,5.1
2005-12,GA,5.0
2006-01,GA,4.9
2006-02,GA,4.8
2006-03,GA,4.8
2006-04,GA,4.7
2006-05,GA,4.7
2006-06,GA,4.7
2006-07,GA,4.7
2006-08,GA,4.6
2006-09,GA,4.6
2006-10,GA,4.5
2006-11,GA,4.5
2006-12,GA,4.4
2007-01,GA,4.4
2007-02,GA,4.4
2007-03,GA,4.3
2007-04,GA,4.4
2007-05,GA,4.4
2007-06,GA,4.5
2007-07,GA,4.5
2007-08,GA,4.6
2007-09,GA,4.7
2007-10,GA,4.8
2007-11,GA,4.9
2007-12,GA,5.0
2008-01,GA,5.1
2008-02,GA,5.3
2008-03,GA,5.4
2008-04,GA,5.6
2008-05,GA,5.8
2008-06,GA,6.1
2008-07,GA,6.3
2008-08,GA,6.5
2008-09,GA,7.1
2008-10,GA,7.5
2008-11,GA,7.9
2008-12,GA,8.3
2009-01,GA,8.7
2009-02,GA,9.1
2009-03,GA,9.5
2009-04,GA,9.7
2009-05,GA,9.9
2009-06,GA,10.0
2009-07,GA,10.1
2009-08,GA,10.2
2009-09,GA,10.3
2009-10,GA,10.4
2009-11,GA,10.5
2009-12,GA,10.5
2010-01,GA,10.6
2010-02,GA,10.5
2010-03,GA,10.5
2010-04,GA,10.4
2010-05,GA,10.3
2010-06,GA,10.2
2010-07,GA,10.2
2010-08,GA,10.3
2010-09,GA,10.4
2010-10,GA,10.4
2010-11,GA,10.4
2010-12,GA,10.4
2011-01,GA,10.3
2011-02,GA,10.2
2011-03,GA,10.2
2011-04,GA,10.1
2011-05,GA,10.1
2011-06,GA,10.1
2011-07,GA,10.1
2011-08,GA,10.1
2011-09,GA,10.0
2011-10,GA,9.9
2011-11,GA,9.7
2011-12,GA,9.6
2012-01,GA,9.5
2012-02,GA,9.4
2012-03,GA,9.3
2012-04,GA,9.3
2012-05,GA,9.2
2012-06,GA,9.1
2012-07,GA,9.0
2012-08,GA,8.9
2012-09,GA,8.8
2012-10,GA,8.7
2012-11,GA,8.7
2012-12,GA,8.6
2013-01,GA,8.6
2013-02,GA,8.5
2013-03,GA,8.5
2013-04,GA,8.4
2013-05,GA,8.3
2013-06,GA,8.2
2013-07,GA,8.1
2013-08,GA,8.0
2013-09,GA,7.9
2013-10,GA,7.8
2013-11,GA,7.7
2013-12,GA,7.6
2014-01,GA,7.5
2014-02,GA,7.4
2014-03,GA,7.4
2014-04,GA,7.4
2014-05,GA,7.4
2014-06,GA,7.3
2014-07,GA,7.2
2014-08,GA,7.1
2014-09,GA,7.0
2014-10,GA,6.8
2014-11,GA,6.7
2014-12,GA,6.6
2015-01,GA,6.5
2015-02,GA,6.4
2015-03,GA,6.3
2015-04,GA,6.2
2015-05,GA,6.2
2015-06,GA,6.1
2015-07,GA,6.0
2015-08,GA,5.9
2015-09,GA,5.8
2015-10,GA,5.8
2015-11,GA,5.7
2015-12,GA,5.7
2016-01,GA,5.7
2016-02,GA,5.6
2016-03,GA,5.5
2016-04,GA,5.5
2016-05,GA,5.4
2016-06,GA,5.4
2016-07,GA,5.4
2016-08,GA,5.4
2016-09,GA,5.4
2016-10,GA,5.4
2016-11,GA,5.4
2016-12,GA,5.3
2017-01,GA,5.2
2017-02,GA,5.1
2017-03,GA,5.0
2017-04,GA,4.9
2017-05,GA,4.9
2017-06,GA,4.8
2017-07,GA,4.7
2017-08,GA,4.6
2017-09,GA,4.6
2017-10,GA,4.5
2017-11,GA,4.4
2017-12,GA,4.4
2018-01,GA,4.3
2018-02,GA,4.2
2018-03,GA,4.2
2018-04,GA,4.1
2018-05,GA,4.0
2018-06,GA,4.0
2018-07,GA,3.9
2018-08,GA,3.9
2018-09,GA,3.9
2018-10,GA,3.9
2018-11,GA,3.9
2018-12,GA,3.9
2019-01,GA,3.9
2019-02,GA,3.8
2019-03,GA,3.7
2019-04,GA,3.7
2019-05,GA,3.6
2019-06,GA,3.6
2019-07,GA,3.6
2019-08,GA,3.5
2019-09,GA,3.5
2019-10,GA,3.4
2019-11,GA,3.4
2019-12,GA,3.5
2020-01,GA,3.6
2020-02,GA,3.6
2020-03,GA,3.7
2020-04,GA,12.5
2020-05,GA,9.8
2020-06,GA,8.4
2020-07,GA,7.7
2020-08,GA,6.8
2020-09,GA,6.5
2020-10,GA,5.6
2020-11,GA,5.3
2020-12,GA,5.1
2021-01,GA,4.9
2021-02,GA,4.6
2021-03,GA,4.5
2021-04,GA,4.3
2021-05,GA,4.1
2021-06,GA,4.0
2021-07,GA,3.8
2021-08,GA,3.6
2021-09,GA,3.5
2021-10,GA,3.3
2021-11,GA,3.2
2021-12,GA,3.2
2022-01,GA,3.1
2022-02,GA,3.1
2022-03,GA,3.0
2022-04,GA,3.0
2022-05,GA,3.0
2022-06,GA,3.1
2022-07,GA,3.1
2022-08,GA,3.2
2022-09,GA,3.2
2022-10,GA,3.2
2022-11,GA,3.2
2022-12,GA,3.2
2023-01,GA,3.2
2023-02,GA,3.2
2023-03,GA,3.2
2023-04,GA,3.2
2023-05,GA,3.2
2023-06,GA,3.2
2023-07,GA,3.2
2023-08,GA,3.3
2023-09,GA,3.3
2023-10,GA,3.3
2023-11,GA,3.2
2023-12,GA,3.2
2024-01,GA,3.2
2024-02,GA,3.2
2024-03,GA,3.3
2024-04,GA,3.4
2024-05,GA,3.4
2024-06,GA,3.5
2024-07,GA,3.5
2024-08,GA,3.5
2024-09,GA,3.5
2024-10,GA,3.5
2024-11,GA,3.4
2024-12,GA,3.4
2025-01,GA,3.4
2025-02,GA,3.4
2025-03,GA,3.4
2025-04,GA,3.3
2025-05,GA,3.3
2025-06,GA,3.3
2025-07,GA,3.3
2025-08,GA,3.4
2025-09,GA,3.4
2025-11,GA,3.5
2025-12,GA,3.5
2026-01,GA,3.5
2026-02,GA,3.6
2026-03,GA,3.5
2026-04,GA,3.5
2026-05,GA,3.4
2026-06,GA,3.4
1990-01,HI,2.6
1990-02,HI,2.7
1990-03,HI,2.7
1990-04,HI,2.7
1990-05,HI,2.7
1990-06,HI,2.7
1990-07,HI,2.6
1990-08,HI,2.6
1990-09,HI,2.5
1990-10,HI,2.5
1990-11,HI,2.5
1990-12,HI,2.5
1991-01,HI,2.5
1991-02,HI,2.5
1991-03,HI,2.6
1991-04,HI,2.6
1991-05,HI,2.6
1991-06,HI,2.7
1991-07,HI,2.7
1991-08,HI,2.8
1991-09,HI,2.9
1991-10,HI,3.0
1991-11,HI,3.1
1991-12,HI,3.2
1992-01,HI,3.4
1992-02,HI,3.5
1992-03,HI,3.7
1992-04,HI,3.9
1992-05,HI,4.0
1992-06,HI,4.2
1992-07,HI,4.3
1992-08,HI,4.4
1992-09,HI,4.4
1992-10,HI,4.5
1992-11,HI,4.5
1992-12,HI,4.5
1993-01,HI,4.5
1993-02,HI,4.4
1993-03,HI,4.4
1993-04,HI,4.3
1993-05,HI,4.3
1993-06,HI,4.3
1993-07,HI,4.3
1993-08,HI,4.3
1993-09,HI,4.3
1993-10,HI,4.4
1993-11,HI,4.5
1993-12,HI,4.6
1994-01,HI,4.8
1994-02,HI,4.9
1994-03,HI,5.0
1994-04,HI,5.1
1994-05,HI,5.2
1994-06,HI,5.2
1994-07,HI,5.3
1994-08,HI,5.3
1994-09,HI,5.3
1994-10,HI,5.3
1994-11,HI,5.2
1994-12,HI,5.1
1995-01,HI,5.1
1995-02,HI,5.1
1995-03,HI,5.2
1995-04,HI,5.3
1995-05,HI,5.4
1995-06,HI,5.5
1995-07,HI,5.6
1995-08,HI,5.7
1995-09,HI,5.7
1995-10,HI,5.8
1995-11,HI,5.8
1995-12,HI,5.8
1996-01,HI,5.9
1996-02,HI,5.9
1996-03,HI,5.9
1996-04,HI,5.9
1996-05,HI,5.9
1996-06,HI,5.9
1996-07,HI,5.8
1996-08,HI,5.8
1996-09,HI,5.8
1996-10,HI,5.9
1996-11,HI,6.0
1996-12,HI,6.0
1997-01,HI,6.1
1997-02,HI,6.1
1997-03,HI,6.1
1997-04,HI,6.1
1997-05,HI,6.0
1997-06,HI,6.0
1997-07,HI,6.0
1997-08,HI,5.9
1997-09,HI,5.8
1997-10,HI,5.8
1997-11,HI,5.7
1997-12,HI,5.7
1998-01,HI,5.7
1998-02,HI,5.7
1998-03,HI,5.7
1998-04,HI,5.7
1998-05,HI,5.8
1998-06,HI,5.8
1998-07,HI,5.9
1998-08,HI,5.9
1998-09,HI,5.9
1998-10,HI,5.9
1998-11,HI,5.8
1998-12,HI,5.7
1999-01,HI,5.6
1999-02,HI,5.5
1999-03,HI,5.4
1999-04,HI,5.4
1999-05,HI,5.3
1999-06,HI,5.2
1999-07,HI,5.2
1999-08,HI,5.1
1999-09,HI,5.0
1999-10,HI,4.9
1999-11,HI,4.8
1999-12,HI,4.6
2000-01,HI,4.5
2000-02,HI,4.5
2000-03,HI,4.4
2000-04,HI,4.4
2000-05,HI,4.3
2000-06,HI,4.3
2000-07,HI,4.2
2000-08,HI,4.1
2000-09,HI,4.1
2000-10,HI,4.0
2000-11,HI,4.0
2000-12,HI,4.0
2001-01,HI,4.1
2001-02,HI,4.1
2001-03,HI,4.2
2001-04,HI,4.2
2001-05,HI,4.2
2001-06,HI,4.2
2001-07,HI,4.2
2001-08,HI,4.3
2001-09,HI,4.4
2001-10,HI,4.4
2001-11,HI,4.5
2001-12,HI,4.5
2002-01,HI,4.4
2002-02,HI,4.4
2002-03,HI,4.3
2002-04,HI,4.2
2002-05,HI,4.1
2002-06,HI,4.0
2002-07,HI,4.0
2002-08,HI,3.9
2002-09,HI,3.9
2002-10,HI,3.8
2002-11,HI,3.8
2002-12,HI,3.7
2003-01,HI,3.7
2003-02,HI,3.7
2003-03,HI,3.8
2003-04,HI,3.9
2003-05,HI,4.0
2003-06,HI,4.0
2003-07,HI,4.1
2003-08,HI,4.1
2003-09,HI,4.0
2003-10,HI,3.9
2003-11,HI,3.9
2003-12,HI,3.8
2004-01,HI,3.7
2004-02,HI,3.6
2004-03,HI,3.5
2004-04,HI,3.4
2004-05,HI,3.3
2004-06,HI,3.2
2004-07,HI,3.2
2004-08,HI,3.2
2004-09,HI,3.2
2004-10,HI,3.2
2004-11,HI,3.1
2004-12,HI,3.1
2005-01,HI,3.1
2005-02,HI,3.0
2005-03,HI,2.9
2005-04,HI,2.8
2005-05,HI,2.8
2005-06,HI,2.8
2005-07,HI,2.8
2005-08,HI,2.8
2005-09,HI,2.8
2005-10,HI,2.8
2005-11,HI,2.8
2005-12,HI,2.7
2006-01,HI,2.7
2006-02,HI,2.7
2006-03,HI,2.7
2006-04,HI,2.8
2006-05,HI,2.8
2006-06,HI,2.7
2006-07,HI,2.6
2006-08,HI,2.5
2006-09,HI,2.4
2006-10,HI,2.3
2006-11,HI,2.3
2006-12,HI,2.3
2007-01,HI,2.4
2007-02,HI,2.5
2007-03,HI,2.5
2007-04,HI,2.6
2007-05,HI,2.6
2007-06,HI,2.7
2007-07,HI,2.7
2007-08,HI,2.8
2007-09,HI,2.9
2007-10,HI,3.0
2007-11,HI,3.1
2007-12,HI,3.1
2008-01,HI,3.1
2008-02,HI,3.2
2008-03,HI,3.3
2008-04,HI,3.4
2008-05,HI,3.6
2008-06,HI,3.9
2008-07,HI,4.1
2008-08,HI,4.3
2008-09,HI,4.6
2008-10,HI,4.9
2008-11,HI,5.2
2008-12,HI,5.5
2009-01,HI,5.8
2009-02,HI,6.1
2009-03,HI,6.3
2009-04,HI,6.4
2009-05,HI,6.5
2009-06,HI,6.6
2009-07,HI,6.6
2009-08,HI,6.7
2009-09,HI,6.7
2009-10,HI,6.7
2009-11,HI,6.8
2009-12,HI,6.8
2010-01,HI,6.8
2010-02,HI,6.8
2010-03,HI,6.8
2010-04,HI,6.7
2010-05,HI,6.7
2010-06,HI,6.6
2010-07,HI,6.6
2010-08,HI,6.6
2010-09,HI,6.7
2010-10,HI,6.7
2010-11,HI,6.7
2010-12,HI,6.7
2011-01,HI,6.6
2011-02,HI,6.6
2011-03,HI,6.6
2011-04,HI,6.6
2011-05,HI,6.7
2011-06,HI,6.8
2011-07,HI,6.8
2011-08,HI,6.9
2011-09,HI,6.9
2011-10,HI,6.8
2011-11,HI,6.7
2011-12,HI,6.5
2012-01,HI,6.4
2012-02,HI,6.3
2012-03,HI,6.3
2012-04,HI,6.2
2012-05,HI,6.1
2012-06,HI,6.0
2012-07,HI,5.8
2012-08,HI,5.6
2012-09,HI,5.4
2012-10,HI,5.3
2012-11,HI,5.2
2012-12,HI,5.1
2013-01,HI,5.0
2013-02,HI,4.9
2013-03,HI,4.8
2013-04,HI,4.7
2013-05,HI,4.7
2013-06,HI,4.6
2013-07,HI,4.6
2013-08,HI,4.6
2013-09,HI,4.7
2013-10,HI,4.7
2013-11,HI,4.7
2013-12,HI,4.6
2014-01,HI,4.6
2014-02,HI,4.5
2014-03,HI,4.4
2014-04,HI,4.4
2014-05,HI,4.3
2014-06,HI,4.3
2014-07,HI,4.2
2014-08,HI,4.1
2014-09,HI,4.1
2014-10,HI,4.0
2014-11,HI,3.9
2014-12,HI,3.9
2015-01,HI,3.8
2015-02,HI,3.7
2015-03,HI,3.7
2015-04,HI,3.6
2015-05,HI,3.5
2015-06,HI,3.4
2015-07,HI,3.3
2015-08,HI,3.3
2015-09,HI,3.2
2015-10,HI,3.2
2015-11,HI,3.2
2015-12,HI,3.1
2016-01,HI,3.1
2016-02,HI,3.1
2016-03,HI,3.0
2016-04,HI,3.0
2016-05,HI,3.0
2016-06,HI,3.0
2016-07,HI,2.9
2016-08,HI,2.9
2016-09,HI,2.8
2016-10,HI,2.8
2016-11,HI,2.7
2016-12,HI,2.6
2017-01,HI,2.6
2017-02,HI,2.5
2017-03,HI,2.5
2017-04,HI,2.4
2017-05,HI,2.3
2017-06,HI,2.2
2017-07,HI,2.2
2017-08,HI,2.1
2017-09,HI,2.0
2017-10,HI,2.0
2017-11,HI,2.0
2017-12,HI,2.0
2018-01,HI,2.1
2018-02,HI,2.1
2018-03,HI,2.2
2018-04,HI,2.2
2018-05,HI,2.3
2018-06,HI,2.4
2018-07,HI,2.4
2018-08,HI,2.5
2018-09,HI,2.6
2018-10,HI,2.6
2018-11,HI,2.7
2018-12,HI,2.7
2019-01,HI,2.8
2019-02,HI,2.7
2019-03,HI,2.7
2019-04,HI,2.6
2019-05,HI,2.6
2019-06,HI,2.5
2019-07,HI,2.5
2019-08,HI,2.4
2019-09,HI,2.4
2019-10,HI,2.4
2019-11,HI,2.3
2019-12,HI,2.2
2020-01,HI,2.2
2020-02,HI,2.2
2020-03,HI,2.1
2020-04,HI,22.5
2020-05,HI,20.7
2020-06,HI,17.3
2020-07,HI,15.6
2020-08,HI,13.0
2020-09,HI,13.3
2020-10,HI,11.3
2020-11,HI,10.5
2020-12,HI,10.2
2021-01,HI,9.5
2021-02,HI,9.1
2021-03,HI,8.4
2021-04,HI,7.8
2021-05,HI,6.9
2021-06,HI,6.3
2021-07,HI,5.4
2021-08,HI,4.7
2021-09,HI,3.9
2021-10,HI,3.3
2021-11,HI,3.2
2021-12,HI,3.1
2022-01,HI,3.1
2022-02,HI,3.2
2022-03,HI,3.2
2022-04,HI,3.3
2022-05,HI,3.3
2022-06,HI,3.3
2022-07,HI,3.3
2022-08,HI,3.3
2022-09,HI,3.3
2022-10,HI,3.3
2022-11,HI,3.2
2022-12,HI,3.1
2023-01,HI,3.1
2023-02,HI,3.0
2023-03,HI,2.9
2023-04,HI,2.8
2023-05,HI,2.8
2023-06,HI,2.8
2023-07,HI,2.8
2023-08,HI,2.8
2023-09,HI,2.8
2023-10,HI,2.8
2023-11,HI,2.9
2023-12,HI,2.9
2024-01,HI,2.8
2024-02,HI,2.8
2024-03,HI,2.8
2024-04,HI,2.8
2024-05,HI,2.8
2024-06,HI,2.8
2024-07,HI,2.8
2024-08,HI,2.8
2024-09,HI,2.8
2024-10,HI,2.7
2024-11,HI,2.7
2024-12,HI,2.6
2025-01,HI,2.6
2025-02,HI,2.6
2025-03,HI,2.5
2025-04,HI,2.5
2025-05,HI,2.4
2025-06,HI,2.3
2025-07,HI,2.2
2025-08,HI,2.1
2025-09,HI,2.1
2025-11,HI,2.2
2025-12,HI,2.2
2026-01,HI,2.2
2026-02,HI,2.3
2026-03,HI,2.4
2026-04,HI,2.4
2026-05,HI,2.5
2026-06,HI,2.6
1990-01,ID,5.3
1990-02,ID,5.3
1990-03,ID,5.3
1990-04,ID,5.4
1990-05,ID,5.4
1990-06,ID,5.5
1990-07,ID,5.6
1990-08,ID,5.6
1990-09,ID,5.7
1990-10,ID,5.8
1990-11,ID,6.0
1990-12,ID,6.1
1991-01,ID,6.3
1991-02,ID,6.4
1991-03,ID,6.5
1991-04,ID,6.4
1991-05,ID,6.4
1991-06,ID,6.3
1991-07,ID,6.2
1991-08,ID,6.2
1991-09,ID,6.2
1991-10,ID,6.3
1991-11,ID,6.4
1991-12,ID,6.5
1992-01,ID,6.5
1992-02,ID,6.6
1992-03,ID,6.6
1992-04,ID,6.6
1992-05,ID,6.6
1992-06,ID,6.6
1992-07,ID,6.6
1992-08,ID,6.7
1992-09,ID,6.6
1992-10,ID,6.5
1992-11,ID,6.4
1992-12,ID,6.4
1993-01,ID,6.3
1993-02,ID,6.3
1993-03,ID,6.4
1993-04,ID,6.4
1993-05,ID,6.3
1993-06,ID,6.3
1993-07,ID,6.1
1993-08,ID,6.0
1993-09,ID,5.9
1993-10,ID,5.8
1993-11,ID,5.7
1993-12,ID,5.6
1994-01,ID,5.6
1994-02,ID,5.5
1994-03,ID,5.4
1994-04,ID,5.4
1994-05,ID,5.4
1994-06,ID,5.4
1994-07,ID,5.5
1994-08,ID,5.5
1994-09,ID,5.6
1994-10,ID,5.6
1994-11,ID,5.6
1994-12,ID,5.5
1995-01,ID,5.5
1995-02,ID,5.4
1995-03,ID,5.4
1995-04,ID,5.4
1995-05,ID,5.5
1995-06,ID,5.5
1995-07,ID,5.5
1995-08,ID,5.5
1995-09,ID,5.5
1995-10,ID,5.5
1995-11,ID,5.5
1995-12,ID,5.5
1996-01,ID,5.5
1996-02,ID,5.5
1996-03,ID,5.5
1996-04,ID,5.5
1996-05,ID,5.4
1996-06,ID,5.4
1996-07,ID,5.3
1996-08,ID,5.3
1996-09,ID,5.3
1996-10,ID,5.3
1996-11,ID,5.4
1996-12,ID,5.4
1997-01,ID,5.4
1997-02,ID,5.4
1997-03,ID,5.3
1997-04,ID,5.3
1997-05,ID,5.2
1997-06,ID,5.2
1997-07,ID,5.2
1997-08,ID,5.2
1997-09,ID,5.2
1997-10,ID,5.2
1997-11,ID,5.2
1997-12,ID,5.2
1998-01,ID,5.3
1998-02,ID,5.3
1998-03,ID,5.3
1998-04,ID,5.3
1998-05,ID,5.2
1998-06,ID,5.2
1998-07,ID,5.2
1998-08,ID,5.2
1998-09,ID,5.2
1998-10,ID,5.2
1998-11,ID,5.2
1998-12,ID,5.1
1999-01,ID,5.1
1999-02,ID,5.1
1999-03,ID,5.1
1999-04,ID,5.1
1999-05,ID,5.1
1999-06,ID,5.1
1999-07,ID,5.1
1999-08,ID,5.0
1999-09,ID,4.9
1999-10,ID,4.8
1999-11,ID,4.7
1999-12,ID,4.7
2000-01,ID,4.6
2000-02,ID,4.5
2000-03,ID,4.5
2000-04,ID,4.6
2000-05,ID,4.6
2000-06,ID,4.6
2000-07,ID,4.7
2000-08,ID,4.7
2000-09,ID,4.7
2000-10,ID,4.7
2000-11,ID,4.7
2000-12,ID,4.6
2001-01,ID,4.7
2001-02,ID,4.7
2001-03,ID,4.8
2001-04,ID,4.8
2001-05,ID,4.9
2001-06,ID,4.9
2001-07,ID,5.0
2001-08,ID,5.1
2001-09,ID,5.3
2001-10,ID,5.4
2001-11,ID,5.6
2001-12,ID,5.7
2002-01,ID,5.8
2002-02,ID,5.9
2002-03,ID,5.9
2002-04,ID,5.8
2002-05,ID,5.7
2002-06,ID,5.6
2002-07,ID,5.5
2002-08,ID,5.5
2002-09,ID,5.5
2002-10,ID,5.5
2002-11,ID,5.5
2002-12,ID,5.5
2003-01,ID,5.6
2003-02,ID,5.6
2003-03,ID,5.6
2003-04,ID,5.7
2003-05,ID,5.7
2003-06,ID,5.7
2003-07,ID,5.7
2003-08,ID,5.7
2003-09,ID,5.6
2003-10,ID,5.5
2003-11,ID,5.4
2003-12,ID,5.3
2004-01,ID,5.2
2004-02,ID,5.1
2004-03,ID,5.1
2004-04,ID,5.0
2004-05,ID,5.0
2004-06,ID,4.9
2004-07,ID,4.9
2004-08,ID,4.9
2004-09,ID,4.8
2004-10,ID,4.8
2004-11,ID,4.6
2004-12,ID,4.5
2005-01,ID,4.4
2005-02,ID,4.3
2005-03,ID,4.2
2005-04,ID,4.1
2005-05,ID,4.1
2005-06,ID,4.1
2005-07,ID,4.0
2005-08,ID,4.0
2005-09,ID,3.9
2005-10,ID,3.8
2005-11,ID,3.7
2005-12,ID,3.7
2006-01,ID,3.7
2006-02,ID,3.6
2006-03,ID,3.6
2006-04,ID,3.6
2006-05,ID,3.5
2006-06,ID,3.4
2006-07,ID,3.4
2006-08,ID,3.3
2006-09,ID,3.3
2006-10,ID,3.2
2006-11,ID,3.1
2006-12,ID,3.0
2007-01,ID,2.9
2007-02,ID,2.8
2007-03,ID,2.8
2007-04,ID,2.7
2007-05,ID,2.7
2007-06,ID,2.8
2007-07,ID,2.9
2007-08,ID,3.1
2007-09,ID,3.2
2007-10,ID,3.2
2007-11,ID,3.2
2007-12,ID,3.1
2008-01,ID,3.1
2008-02,ID,3.0
2008-03,ID,3.1
2008-04,ID,4.0
2008-05,ID,4.6
2008-06,ID,5.0
2008-07,ID,5.4
2008-08,ID,5.7
2008-09,ID,5.9
2008-10,ID,6.3
2008-11,ID,6.8
2008-12,ID,7.3
2009-01,ID,7.7
2009-02,ID,8.1
2009-03,ID,8.4
2009-04,ID,8.5
2009-05,ID,9.2
2009-06,ID,9.4
2009-07,ID,9.5
2009-08,ID,9.5
2009-09,ID,9.5
2009-10,ID,9.5
2009-11,ID,9.5
2009-12,ID,9.5
2010-01,ID,9.5
2010-02,ID,9.5
2010-03,ID,9.4
2010-04,ID,9.3
2010-05,ID,9.1
2010-06,ID,9.0
2010-07,ID,9.0
2010-08,ID,9.0
2010-09,ID,9.0
2010-10,ID,8.9
2010-11,ID,8.9
2010-12,ID,8.9
2011-01,ID,8.8
2011-02,ID,8.7
2011-03,ID,8.6
2011-04,ID,8.6
2011-05,ID,8.5
2011-06,ID,8.5
2011-07,ID,8.5
2011-08,ID,8.5
2011-09,ID,8.4
2011-10,ID,8.2
2011-11,ID,8.0
2011-12,ID,8.0
2012-01,ID,7.8
2012-02,ID,7.8
2012-03,ID,7.7
2012-04,ID,7.6
2012-05,ID,7.7
2012-06,ID,7.7
2012-07,ID,7.6
2012-08,ID,7.5
2012-09,ID,7.3
2012-10,ID,7.3
2012-11,ID,7.1
2012-12,ID,7.2
2013-01,ID,7.2
2013-02,ID,7.1
2013-03,ID,7.0
2013-04,ID,7.0
2013-05,ID,7.0
2013-06,ID,7.1
2013-07,ID,7.1
2013-08,ID,7.0
2013-09,ID,7.0
2013-10,ID,6.9
2013-11,ID,6.4
2013-12,ID,6.0
2014-01,ID,5.6
2014-02,ID,5.3
2014-03,ID,5.0
2014-04,ID,4.6
2014-05,ID,4.5
2014-06,ID,4.0
2014-07,ID,4.0
2014-08,ID,4.1
2014-09,ID,4.0
2014-10,ID,4.0
2014-11,ID,3.9
2014-12,ID,3.9
2015-01,ID,3.9
2015-02,ID,3.9
2015-03,ID,3.9
2015-04,ID,3.9
2015-05,ID,4.0
2015-06,ID,4.0
2015-07,ID,3.9
2015-08,ID,3.9
2015-09,ID,3.9
2015-10,ID,3.9
2015-11,ID,3.9
2015-12,ID,3.8
2016-01,ID,3.8
2016-02,ID,3.8
2016-03,ID,3.8
2016-04,ID,3.8
2016-05,ID,3.7
2016-06,ID,3.7
2016-07,ID,3.7
2016-08,ID,3.7
2016-09,ID,3.7
2016-10,ID,3.7
2016-11,ID,3.6
2016-12,ID,3.5
2017-01,ID,3.5
2017-02,ID,3.4
2017-03,ID,3.3
2017-04,ID,3.2
2017-05,ID,3.1
2017-06,ID,3.1
2017-07,ID,3.1
2017-08,ID,3.1
2017-09,ID,3.1
2017-10,ID,3.1
2017-11,ID,3.1
2017-12,ID,3.1
2018-01,ID,3.0
2018-02,ID,2.9
2018-03,ID,2.9
2018-04,ID,2.8
2018-05,ID,2.8
2018-06,ID,2.8
2018-07,ID,2.8
2018-08,ID,2.8
2018-09,ID,2.8
2018-10,ID,2.9
2018-11,ID,3.0
2018-12,ID,3.0
2019-01,ID,3.0
2019-02,ID,3.0
2019-03,ID,2.9
2019-04,ID,2.9
2019-05,ID,2.8
2019-06,ID,2.8
2019-07,ID,2.9
2019-08,ID,2.9
2019-09,ID,2.9
2019-10,ID,2.9
2019-11,ID,2.8
2019-12,ID,2.8
2020-01,ID,2.8
2020-02,ID,2.8
2020-03,ID,2.8
2020-04,ID,11.8
2020-05,ID,9.1
2020-06,ID,7.5
2020-07,ID,6.6
2020-08,ID,5.4
2020-09,ID,5.0
2020-10,ID,4.4
2020-11,ID,4.2
2020-12,ID,4.2
2021-01,ID,4.1
2021-02,ID,4.1
2021-03,ID,4.0
2021-04,ID,3.9
2021-05,ID,3.7
2021-06,ID,3.6
2021-07,ID,3.5
2021-08,ID,3.4
2021-09,ID,3.3
2021-10,ID,3.1
2021-11,ID,3.0
2021-12,ID,2.9
2022-01,ID,2.8
2022-02,ID,2.7
2022-03,ID,2.7
2022-04,ID,2.7
2022-05,ID,2.8
2022-06,ID,2.8
2022-07,ID,2.9
2022-08,ID,2.9
2022-09,ID,3.0
2022-10,ID,3.0
2022-11,ID,3.0
2022-12,ID,3.0
2023-01,ID,3.0
2023-02,ID,3.0
2023-03,ID,3.0
2023-04,ID,3.0
2023-05,ID,3.1
2023-06,ID,3.1
2023-07,ID,3.2
2023-08,ID,3.3
2023-09,ID,3.3
2023-10,ID,3.4
2023-11,ID,3.4
2023-12,ID,3.4
2024-01,ID,3.4
2024-02,ID,3.5
2024-03,ID,3.5
2024-04,ID,3.5
2024-05,ID,3.6
2024-06,ID,3.6
2024-07,ID,3.6
2024-08,ID,3.6
2024-09,ID,3.6
2024-10,ID,3.6
2024-11,ID,3.6
2024-12,ID,3.7
2025-01,ID,3.7
2025-02,ID,3.7
2025-03,ID,3.6
2025-04,ID,3.6
2025-05,ID,3.6
2025-06,ID,3.6
2025-07,ID,3.6
2025-08,ID,3.6
2025-09,ID,3.6
2025-11,ID,3.6
2025-12,ID,3.6
2026-01,ID,3.7
2026-02,ID,3.7
2026-03,ID,3.6
2026-04,ID,3.6
2026-05,ID,3.7
2026-06,ID,3.7
1990-01,IL,6.3
1990-02,IL,6.2
1990-03,IL,6.2
1990-04,IL,6.1
1990-05,IL,6.2
1990-06,IL,6.2
1990-07,IL,6.3
1990-08,IL,6.4
1990-09,IL,6.4
1990-10,IL,6.5
1990-11,IL,6.5
1990-12,IL,6.5
1991-01,IL,6.5
1991-02,IL,6.6
1991-03,IL,6.7
1991-04,IL,6.8
1991-05,IL,6.9
1991-06,IL,7.0
1991-07,IL,7.2
1991-08,IL,7.4
1991-09,IL,7.7
1991-10,IL,7.9
1991-11,IL,8.2
1991-12,IL,8.3
1992-01,IL,8.4
1992-02,IL,8.4
1992-03,IL,8.4
1992-04,IL,8.3
1992-05,IL,8.2
1992-06,IL,8.1
1992-07,IL,7.9
1992-08,IL,7.6
1992-09,IL,7.4
1992-10,IL,7.3
1992-11,IL,7.3
1992-12,IL,7.4
1993-01,IL,7.5
1993-02,IL,7.7
1993-03,IL,7.8
1993-04,IL,7.8
1993-05,IL,7.8
1993-06,IL,7.8
1993-07,IL,7.6
1993-08,IL,7.5
1993-09,IL,7.3
1993-10,IL,7.1
1993-11,IL,7.0
1993-12,IL,6.8
1994-01,IL,6.6
1994-02,IL,6.4
1994-03,IL,6.3
1994-04,IL,6.1
1994-05,IL,5.9
1994-06,IL,5.8
1994-07,IL,5.7
1994-08,IL,5.6
1994-09,IL,5.5
1994-10,IL,5.4
1994-11,IL,5.2
1994-12,IL,5.1
1995-01,IL,5.0
1995-02,IL,5.0
1995-03,IL,5.1
1995-04,IL,5.1
1995-05,IL,5.2
1995-06,IL,5.2
1995-07,IL,5.3
1995-08,IL,5.3
1995-09,IL,5.3
1995-10,IL,5.3
1995-11,IL,5.3
1995-12,IL,5.3
1996-01,IL,5.3
1996-02,IL,5.3
1996-03,IL,5.4
1996-04,IL,5.4
1996-05,IL,5.4
1996-06,IL,5.4
1996-07,IL,5.4
1996-08,IL,5.3
1996-09,IL,5.2
1996-10,IL,5.2
1996-11,IL,5.1
1996-12,IL,5.1
1997-01,IL,5.1
1997-02,IL,5.0
1997-03,IL,4.9
1997-04,IL,4.8
1997-05,IL,4.7
1997-06,IL,4.6
1997-07,IL,4.6
1997-08,IL,4.6
1997-09,IL,4.7
1997-10,IL,4.8
1997-11,IL,4.8
1997-12,IL,4.8
1998-01,IL,4.8
1998-02,IL,4.7
1998-03,IL,4.5
1998-04,IL,4.4
1998-05,IL,4.3
1998-06,IL,4.3
1998-07,IL,4.4
1998-08,IL,4.5
1998-09,IL,4.5
1998-10,IL,4.5
1998-11,IL,4.4
1998-12,IL,4.3
1999-01,IL,4.2
1999-02,IL,4.2
1999-03,IL,4.2
1999-04,IL,4.3
1999-05,IL,4.5
1999-06,IL,4.6
1999-07,IL,4.6
1999-08,IL,4.6
1999-09,IL,4.6
1999-10,IL,4.5
1999-11,IL,4.4
1999-12,IL,4.4
2000-01,IL,4.4
2000-02,IL,4.4
2000-03,IL,4.4
2000-04,IL,4.4
2000-05,IL,4.4
2000-06,IL,4.4
2000-07,IL,4.4
2000-08,IL,4.4
2000-09,IL,4.4
2000-10,IL,4.5
2000-11,IL,4.6
2000-12,IL,4.8
2001-01,IL,5.0
2001-02,IL,5.1
2001-03,IL,5.2
2001-04,IL,5.2
2001-05,IL,5.2
2001-06,IL,5.3
2001-07,IL,5.3
2001-08,IL,5.4
2001-09,IL,5.6
2001-10,IL,5.8
2001-11,IL,6.0
2001-12,IL,6.1
2002-01,IL,6.3
2002-02,IL,6.4
2002-03,IL,6.5
2002-04,IL,6.6
2002-05,IL,6.6
2002-06,IL,6.6
2002-07,IL,6.6
2002-08,IL,6.6
2002-09,IL,6.6
2002-10,IL,6.6
2002-11,IL,6.6
2002-12,IL,6.6
2003-01,IL,6.7
2003-02,IL,6.7
2003-03,IL,6.7
2003-04,IL,6.7
2003-05,IL,6.8
2003-06,IL,6.8
2003-07,IL,6.9
2003-08,IL,6.9
2003-09,IL,6.9
2003-10,IL,6.8
2003-11,IL,6.6
2003-12,IL,6.5
2004-01,IL,6.4
2004-02,IL,6.4
2004-03,IL,6.3
2004-04,IL,6.3
2004-05,IL,6.2
2004-06,IL,6.2
2004-07,IL,6.1
2004-08,IL,6.1
2004-09,IL,6.1
2004-10,IL,6.1
2004-11,IL,6.1
2004-12,IL,6.0
2005-01,IL,6.0
2005-02,IL,6.0
2005-03,IL,6.0
2005-04,IL,5.9
2005-05,IL,5.9
2005-06,IL,5.8
2005-07,IL,5.7
2005-08,IL,5.7
2005-09,IL,5.6
2005-10,IL,5.5
2005-11,IL,5.4
2005-12,IL,5.3
2006-01,IL,5.2
2006-02,IL,5.0
2006-03,IL,4.9
2006-04,IL,4.7
2006-05,IL,4.6
2006-06,IL,4.5
2006-07,IL,4.5
2006-08,IL,4.4
2006-09,IL,4.4
2006-10,IL,4.4
2006-11,IL,4.4
2006-12,IL,4.5
2007-01,IL,4.6
2007-02,IL,4.7
2007-03,IL,4.7
2007-04,IL,4.8
2007-05,IL,4.9
2007-06,IL,5.0
2007-07,IL,5.1
2007-08,IL,5.2
2007-09,IL,5.3
2007-10,IL,5.4
2007-11,IL,5.5
2007-12,IL,5.5
2008-01,IL,5.6
2008-02,IL,5.6
2008-03,IL,5.8
2008-04,IL,5.9
2008-05,IL,6.2
2008-06,IL,6.4
2008-07,IL,6.6
2008-08,IL,6.8
2008-09,IL,6.9
2008-10,IL,7.1
2008-11,IL,7.4
2008-12,IL,7.8
2009-01,IL,8.2
2009-02,IL,8.7
2009-03,IL,9.2
2009-04,IL,9.5
2009-05,IL,9.8
2009-06,IL,10.0
2009-07,IL,10.2
2009-08,IL,10.4
2009-09,IL,10.6
2009-10,IL,10.8
2009-11,IL,11.0
2009-12,IL,11.2
2010-01,IL,11.3
2010-02,IL,11.2
2010-03,IL,11.1
2010-04,IL,10.9
2010-05,IL,10.6
2010-06,IL,10.4
2010-07,IL,10.2
2010-08,IL,10.0
2010-09,IL,9.9
2010-10,IL,9.8
2010-11,IL,9.7
2010-12,IL,9.6
2011-01,IL,9.5
2011-02,IL,9.5
2011-03,IL,9.5
2011-04,IL,9.6
2011-05,IL,9.8
2011-06,IL,9.9
2011-07,IL,10.1
2011-08,IL,10.1
2011-09,IL,10.1
2011-10,IL,9.9
2011-11,IL,9.7
2011-12,IL,9.5
2012-01,IL,9.3
2012-02,IL,9.1
2012-03,IL,9.0
2012-04,IL,9.0
2012-05,IL,9.0
2012-06,IL,9.0
2012-07,IL,9.0
2012-08,IL,9.0
2012-09,IL,8.9
2012-10,IL,9.0
2012-11,IL,9.0
2012-12,IL,9.1
2013-01,IL,9.2
2013-02,IL,9.3
2013-03,IL,9.3
2013-04,IL,9.3
2013-05,IL,9.2
2013-06,IL,9.2
2013-07,IL,9.2
2013-08,IL,9.1
2013-09,IL,9.0
2013-10,IL,8.9
2013-11,IL,8.7
2013-12,IL,8.5
2014-01,IL,8.3
2014-02,IL,8.1
2014-03,IL,7.9
2014-04,IL,7.6
2014-05,IL,7.4
2014-06,IL,7.2
2014-07,IL,7.0
2014-08,IL,6.8
2014-09,IL,6.6
2014-10,IL,6.5
2014-11,IL,6.3
2014-12,IL,6.2
2015-01,IL,6.1
2015-02,IL,6.1
2015-03,IL,6.0
2015-04,IL,6.0
2015-05,IL,6.0
2015-06,IL,6.0
2015-07,IL,5.9
2015-08,IL,5.9
2015-09,IL,5.9
2015-10,IL,5.9
2015-11,IL,6.0
2015-12,IL,6.1
2016-01,IL,6.2
2016-02,IL,6.2
2016-03,IL,6.2
2016-04,IL,6.1
2016-05,IL,6.0
2016-06,IL,5.9
2016-07,IL,5.8
2016-08,IL,5.8
2016-09,IL,5.7
2016-10,IL,5.7
2016-11,IL,5.6
2016-12,IL,5.4
2017-01,IL,5.3
2017-02,IL,5.1
2017-03,IL,5.0
2017-04,IL,5.0
2017-05,IL,4.9
2017-06,IL,4.9
2017-07,IL,5.0
2017-08,IL,5.0
2017-09,IL,4.9
2017-10,IL,4.9
2017-11,IL,4.8
2017-12,IL,4.7
2018-01,IL,4.5
2018-02,IL,4.4
2018-03,IL,4.4
2018-04,IL,4.3
2018-05,IL,4.3
2018-06,IL,4.3
2018-07,IL,4.3
2018-08,IL,4.3
2018-09,IL,4.4
2018-10,IL,4.4
2018-11,IL,4.5
2018-12,IL,4.6
2019-01,IL,4.6
2019-02,IL,4.5
2019-03,IL,4.4
2019-04,IL,4.2
2019-05,IL,4.0
2019-06,IL,3.9
2019-07,IL,3.8
2019-08,IL,3.7
2019-09,IL,3.7
2019-10,IL,3.7
2019-11,IL,3.6
2019-12,IL,3.6
2020-01,IL,3.7
2020-02,IL,3.8
2020-03,IL,5.1
2020-04,IL,18.3
2020-05,IL,14.7
2020-06,IL,12.6
2020-07,IL,11.4
2020-08,IL,9.7
2020-09,IL,9.1
2020-10,IL,8.2
2020-11,IL,7.8
2020-12,IL,7.6
2021-01,IL,7.2
2021-02,IL,7.0
2021-03,IL,6.8
2021-04,IL,6.7
2021-05,IL,6.6
2021-06,IL,6.4
2021-07,IL,6.2
2021-08,IL,5.9
2021-09,IL,5.5
2021-10,IL,5.2
2021-11,IL,4.9
2021-12,IL,4.8
2022-01,IL,4.7
2022-02,IL,4.7
2022-03,IL,4.6
2022-04,IL,4.6
2022-05,IL,4.6
2022-06,IL,4.5
2022-07,IL,4.5
2022-08,IL,4.5
2022-09,IL,4.5
2022-10,IL,4.6
2022-11,IL,4.5
2022-12,IL,4.5
2023-01,IL,4.4
2023-02,IL,4.3
2023-03,IL,4.2
2023-04,IL,4.2
2023-05,IL,4.2
2023-06,IL,4.3
2023-07,IL,4.4
2023-08,IL,4.6
2023-09,IL,4.7
2023-10,IL,4.8
2023-11,IL,4.8
2023-12,IL,4.8
2024-01,IL,4.9
2024-02,IL,4.9
2024-03,IL,5.0
2024-04,IL,5.1
2024-05,IL,5.1
2024-06,IL,5.1
2024-07,IL,5.1
2024-08,IL,5.1
2024-09,IL,5.0
2024-10,IL,4.9
2024-11,IL,4.8
2024-12,IL,4.8
2025-01,IL,4.7
2025-02,IL,4.7
2025-03,IL,4.6
2025-04,IL,4.5
2025-05,IL,4.4
2025-06,IL,4.3
2025-07,IL,4.3
2025-08,IL,4.3
2025-09,IL,4.5
2025-11,IL,4.7
2025-12,IL,4.7
2026-01,IL,4.9
2026-02,IL,5.0
2026-03,IL,5.1
2026-04,IL,5.1
2026-05,IL,5.1
2026-06,IL,5.1
1990-01,IN,5.1
1990-02,IN,5.1
1990-03,IN,5.1
1990-04,IN,5.0
1990-05,IN,5.0
1990-06,IN,5.0
1990-07,IN,5.0
1990-08,IN,5.0
1990-09,IN,5.0
1990-10,IN,5.2
1990-11,IN,5.4
1990-12,IN,5.6
1991-01,IN,5.7
1991-02,IN,5.9
1991-03,IN,6.0
1991-04,IN,5.9
1991-05,IN,5.8
1991-06,IN,5.7
1991-07,IN,5.5
1991-08,IN,5.4
1991-09,IN,5.4
1991-10,IN,5.5
1991-11,IN,5.6
1991-12,IN,5.7
1992-01,IN,5.8
1992-02,IN,5.9
1992-03,IN,6.0
1992-04,IN,6.2
1992-05,IN,6.3
1992-06,IN,6.3
1992-07,IN,6.3
1992-08,IN,6.3
1992-09,IN,6.2
1992-10,IN,6.1
1992-11,IN,5.9
1992-12,IN,5.8
1993-01,IN,5.7
1993-02,IN,5.7
1993-03,IN,5.6
1993-04,IN,5.6
1993-05,IN,5.6
1993-06,IN,5.6
1993-07,IN,4.7
1993-08,IN,4.4
1993-09,IN,4.4
1993-10,IN,4.5
1993-11,IN,4.6
1993-12,IN,4.8
1994-01,IN,4.7
1994-02,IN,4.8
1994-03,IN,4.7
1994-04,IN,4.7
1994-05,IN,4.7
1994-06,IN,4.7
1994-07,IN,4.7
1994-08,IN,4.7
1994-09,IN,4.6
1994-10,IN,4.5
1994-11,IN,4.4
1994-12,IN,4.3
1995-01,IN,4.2
1995-02,IN,4.3
1995-03,IN,4.4
1995-04,IN,4.4
1995-05,IN,4.5
1995-06,IN,4.5
1995-07,IN,4.5
1995-08,IN,4.4
1995-09,IN,4.4
1995-10,IN,4.4
1995-11,IN,4.4
1995-12,IN,4.4
1996-01,IN,4.4
1996-02,IN,4.4
1996-03,IN,4.3
1996-04,IN,4.2
1996-05,IN,4.1
1996-06,IN,4.0
1996-07,IN,3.9
1996-08,IN,3.8
1996-09,IN,3.7
1996-10,IN,3.6
1996-11,IN,3.5
1996-12,IN,3.4
1997-01,IN,3.4
1997-02,IN,3.4
1997-03,IN,3.3
1997-04,IN,3.3
1997-05,IN,3.4
1997-06,IN,3.4
1997-07,IN,3.4
1997-08,IN,3.4
1997-09,IN,3.4
1997-10,IN,3.4
1997-11,IN,3.4
1997-12,IN,3.3
1998-01,IN,3.2
1998-02,IN,3.1
1998-03,IN,2.9
1998-04,IN,2.9
1998-05,IN,2.9
1998-06,IN,2.9
1998-07,IN,3.0
1998-08,IN,3.0
1998-09,IN,3.0
1998-10,IN,3.0
1998-11,IN,3.0
1998-12,IN,2.9
1999-01,IN,2.9
1999-02,IN,2.8
1999-03,IN,2.8
1999-04,IN,2.7
1999-05,IN,2.8
1999-06,IN,2.9
1999-07,IN,2.9
1999-08,IN,3.0
1999-09,IN,3.0
1999-10,IN,3.1
1999-11,IN,3.1
1999-12,IN,3.1
2000-01,IN,3.1
2000-02,IN,3.1
2000-03,IN,3.0
2000-04,IN,3.1
2000-05,IN,3.1
2000-06,IN,3.1
2000-07,IN,3.0
2000-08,IN,2.9
2000-09,IN,2.9
2000-10,IN,2.9
2000-11,IN,3.0
2000-12,IN,3.1
2001-01,IN,3.3
2001-02,IN,3.5
2001-03,IN,3.6
2001-04,IN,3.7
2001-05,IN,3.9
2001-06,IN,4.0
2001-07,IN,4.2
2001-08,IN,4.3
2001-09,IN,4.6
2001-10,IN,4.8
2001-11,IN,5.0
2001-12,IN,5.2
2002-01,IN,5.3
2002-02,IN,5.4
2002-03,IN,5.3
2002-04,IN,5.3
2002-05,IN,5.2
2002-06,IN,5.1
2002-07,IN,5.1
2002-08,IN,5.0
2002-09,IN,5.0
2002-10,IN,4.9
2002-11,IN,4.9
2002-12,IN,4.9
2003-01,IN,4.9
2003-02,IN,5.0
2003-03,IN,5.0
2003-04,IN,5.1
2003-05,IN,5.2
2003-06,IN,5.1
2003-07,IN,5.3
2003-08,IN,5.4
2003-09,IN,5.4
2003-10,IN,5.4
2003-11,IN,5.3
2003-12,IN,5.4
2004-01,IN,5.3
2004-02,IN,5.5
2004-03,IN,5.4
2004-04,IN,5.4
2004-05,IN,5.4
2004-06,IN,5.3
2004-07,IN,5.3
2004-08,IN,5.4
2004-09,IN,5.4
2004-10,IN,5.5
2004-11,IN,5.5
2004-12,IN,5.6
2005-01,IN,5.6
2005-02,IN,5.6
2005-03,IN,5.5
2005-04,IN,5.4
2005-05,IN,5.4
2005-06,IN,5.3
2005-07,IN,5.3
2005-08,IN,5.4
2005-09,IN,5.4
2005-10,IN,5.4
2005-11,IN,5.3
2005-12,IN,5.2
2006-01,IN,5.1
2006-02,IN,5.0
2006-03,IN,5.0
2006-04,IN,5.0
2006-05,IN,5.1
2006-06,IN,5.1
2006-07,IN,5.1
2006-08,IN,5.1
2006-09,IN,5.0
2006-10,IN,5.0
2006-11,IN,4.9
2006-12,IN,4.8
2007-01,IN,4.7
2007-02,IN,4.6
2007-03,IN,4.5
2007-04,IN,4.5
2007-05,IN,4.5
2007-06,IN,4.5
2007-07,IN,4.6
2007-08,IN,4.7
2007-09,IN,4.7
2007-10,IN,4.8
2007-11,IN,4.8
2007-12,IN,4.8
2008-01,IN,4.8
2008-02,IN,4.8
2008-03,IN,4.9
2008-04,IN,5.1
2008-05,IN,5.3
2008-06,IN,5.6
2008-07,IN,5.8
2008-08,IN,6.1
2008-09,IN,6.4
2008-10,IN,6.9
2008-11,IN,7.4
2008-12,IN,8.1
2009-01,IN,8.8
2009-02,IN,9.5
2009-03,IN,10.0
2009-04,IN,10.3
2009-05,IN,10.5
2009-06,IN,10.5
2009-07,IN,10.4
2009-08,IN,10.4
2009-09,IN,10.3
2009-10,IN,10.3
2009-11,IN,10.4
2009-12,IN,10.5
2010-01,IN,10.5
2010-02,IN,10.5
2010-03,IN,10.4
2010-04,IN,10.3
2010-05,IN,10.2
2010-06,IN,10.0
2010-07,IN,9.9
2010-08,IN,9.8
2010-09,IN,9.7
2010-10,IN,9.6
2010-11,IN,9.5
2010-12,IN,9.3
2011-01,IN,9.0
2011-02,IN,8.9
2011-03,IN,8.8
2011-04,IN,8.7
2011-05,IN,8.8
2011-06,IN,8.9
2011-07,IN,9.1
2011-08,IN,9.1
2011-09,IN,9.1
2011-10,IN,9.0
2011-11,IN,8.9
2011-12,IN,8.6
2012-01,IN,8.4
2012-02,IN,8.3
2012-03,IN,8.2
2012-04,IN,8.2
2012-05,IN,8.2
2012-06,IN,8.2
2012-07,IN,8.2
2012-08,IN,8.2
2012-09,IN,8.1
2012-10,IN,8.2
2012-11,IN,8.2
2012-12,IN,8.2
2013-01,IN,8.2
2013-02,IN,8.2
2013-03,IN,8.1
2013-04,IN,8.0
2013-05,IN,7.8
2013-06,IN,7.7
2013-07,IN,7.5
2013-08,IN,7.4
2013-09,IN,7.1
2013-10,IN,6.9
2013-11,IN,6.7
2013-12,IN,6.5
2014-01,IN,6.4
2014-02,IN,6.3
2014-03,IN,6.2
2014-04,IN,6.1
2014-05,IN,6.1
2014-06,IN,6.0
2014-07,IN,5.9
2014-08,IN,5.8
2014-09,IN,5.8
2014-10,IN,5.7
2014-11,IN,5.6
2014-12,IN,5.5
2015-01,IN,5.4
2015-02,IN,5.2
2015-03,IN,5.1
2015-04,IN,5.0
2015-05,IN,4.8
2015-06,IN,4.7
2015-07,IN,4.6
2015-08,IN,4.6
2015-09,IN,4.5
2015-10,IN,4.5
2015-11,IN,4.6
2015-12,IN,4.6
2016-01,IN,4.6
2016-02,IN,4.7
2016-03,IN,4.6
2016-04,IN,4.6
2016-05,IN,4.5
2016-06,IN,4.5
2016-07,IN,4.4
2016-08,IN,4.3
2016-09,IN,4.2
2016-10,IN,4.2
2016-11,IN,4.1
2016-12,IN,4.0
2017-01,IN,3.9
2017-02,IN,3.7
2017-03,IN,3.6
2017-04,IN,3.5
2017-05,IN,3.4
2017-06,IN,3.5
2017-07,IN,3.5
2017-08,IN,3.5
2017-09,IN,3.5
2017-10,IN,3.5
2017-11,IN,3.4
2017-12,IN,3.3
2018-01,IN,3.3
2018-02,IN,3.3
2018-03,IN,3.3
2018-04,IN,3.4
2018-05,IN,3.4
2018-06,IN,3.4
2018-07,IN,3.4
2018-08,IN,3.5
2018-09,IN,3.5
2018-10,IN,3.5
2018-11,IN,3.6
2018-12,IN,3.6
2019-01,IN,3.5
2019-02,IN,3.5
2019-03,IN,3.4
2019-04,IN,3.3
2019-05,IN,3.2
2019-06,IN,3.2
2019-07,IN,3.2
2019-08,IN,3.3
2019-09,IN,3.3
2019-10,IN,3.3
2019-11,IN,3.3
2019-12,IN,3.3
2020-01,IN,3.4
2020-02,IN,3.5
2020-03,IN,3.6
2020-04,IN,16.9
2020-05,IN,12.5
2020-06,IN,10.3
2020-07,IN,8.9
2020-08,IN,7.2
2020-09,IN,6.5
2020-10,IN,5.6
2020-11,IN,5.2
2020-12,IN,5.0
2021-01,IN,4.7
2021-02,IN,4.6
2021-03,IN,4.5
2021-04,IN,4.4
2021-05,IN,4.2
2021-06,IN,4.1
2021-07,IN,3.9
2021-08,IN,3.7
2021-09,IN,3.5
2021-10,IN,3.3
2021-11,IN,3.1
2021-12,IN,3.0
2022-01,IN,3.0
2022-02,IN,2.9
2022-03,IN,2.9
2022-04,IN,3.0
2022-05,IN,3.0
2022-06,IN,3.0
2022-07,IN,3.1
2022-08,IN,3.1
2022-09,IN,3.1
2022-10,IN,3.2
2022-11,IN,3.2
2022-12,IN,3.3
2023-01,IN,3.3
2023-02,IN,3.3
2023-03,IN,3.3
2023-04,IN,3.3
2023-05,IN,3.3
2023-06,IN,3.4
2023-07,IN,3.4
2023-08,IN,3.4
2023-09,IN,3.5
2023-10,IN,3.5
2023-11,IN,3.6
2023-12,IN,3.7
2024-01,IN,3.7
2024-02,IN,3.8
2024-03,IN,3.9
2024-04,IN,4.0
2024-05,IN,4.1
2024-06,IN,4.1
2024-07,IN,4.1
2024-08,IN,4.2
2024-09,IN,4.2
2024-10,IN,4.1
2024-11,IN,4.1
2024-12,IN,4.0
2025-01,IN,3.9
2025-02,IN,3.8
2025-03,IN,3.7
2025-04,IN,3.7
2025-05,IN,3.7
2025-06,IN,3.7
2025-07,IN,3.7
2025-08,IN,3.7
2025-09,IN,3.7
2025-11,IN,3.5
2025-12,IN,3.5
2026-01,IN,3.4
2026-02,IN,3.3
2026-03,IN,3.3
2026-04,IN,3.3
2026-05,IN,3.3
2026-06,IN,3.3
1990-01,IA,4.4
1990-02,IA,4.3
1990-03,IA,4.3
1990-04,IA,4.3
1990-05,IA,4.3
1990-06,IA,4.3
1990-07,IA,4.4
1990-08,IA,4.4
1990-09,IA,4.5
1990-10,IA,4.6
1990-11,IA,4.6
1990-12,IA,4.7
1991-01,IA,4.8
1991-02,IA,4.8
1991-03,IA,4.8
1991-04,IA,4.8
1991-05,IA,4.7
1991-06,IA,4.7
1991-07,IA,4.6
1991-08,IA,4.5
1991-09,IA,4.5
1991-10,IA,4.6
1991-11,IA,4.6
1991-12,IA,4.7
1992-01,IA,4.7
1992-02,IA,4.6
1992-03,IA,4.6
1992-04,IA,4.6
1992-05,IA,4.5
1992-06,IA,4.5
1992-07,IA,4.5
1992-08,IA,4.4
1992-09,IA,4.4
1992-10,IA,4.4
1992-11,IA,4.3
1992-12,IA,4.3
1993-01,IA,4.3
1993-02,IA,4.3
1993-03,IA,4.3
1993-04,IA,4.3
1993-05,IA,4.3
1993-06,IA,4.2
1993-07,IA,4.2
1993-08,IA,4.1
1993-09,IA,4.0
1993-10,IA,4.0
1993-11,IA,3.9
1993-12,IA,3.9
1994-01,IA,3.9
1994-02,IA,3.8
1994-03,IA,3.8
1994-04,IA,3.7
1994-05,IA,3.6
1994-06,IA,3.5
1994-07,IA,3.5
1994-08,IA,3.5
1994-09,IA,3.5
1994-10,IA,3.5
1994-11,IA,3.5
1994-12,IA,3.4
1995-01,IA,3.4
1995-02,IA,3.4
1995-03,IA,3.5
1995-04,IA,3.5
1995-05,IA,3.6
1995-06,IA,3.6
1995-07,IA,3.6
1995-08,IA,3.5
1995-09,IA,3.5
1995-10,IA,3.5
1995-11,IA,3.5
1995-12,IA,3.5
1996-01,IA,3.5
1996-02,IA,3.6
1996-03,IA,3.6
1996-04,IA,3.6
1996-05,IA,3.6
1996-06,IA,3.6
1996-07,IA,3.6
1996-08,IA,3.6
1996-09,IA,3.5
1996-10,IA,3.6
1996-11,IA,3.6
1996-12,IA,3.6
1997-01,IA,3.5
1997-02,IA,3.4
1997-03,IA,3.4
1997-04,IA,3.2
1997-05,IA,3.2
1997-06,IA,3.1
1997-07,IA,3.1
1997-08,IA,3.0
1997-09,IA,3.0
1997-10,IA,3.0
1997-11,IA,2.9
1997-12,IA,2.9
1998-01,IA,2.8
1998-02,IA,2.8
1998-03,IA,2.8
1998-04,IA,2.8
1998-05,IA,2.8
1998-06,IA,2.9
1998-07,IA,2.9
1998-08,IA,2.9
1998-09,IA,2.9
1998-10,IA,2.9
1998-11,IA,2.9
1998-12,IA,2.8
1999-01,IA,2.8
1999-02,IA,2.7
1999-03,IA,2.7
1999-04,IA,2.7
1999-05,IA,2.7
1999-06,IA,2.8
1999-07,IA,2.8
1999-08,IA,2.7
1999-09,IA,2.7
1999-10,IA,2.6
1999-11,IA,2.5
1999-12,IA,2.5
2000-01,IA,2.5
2000-02,IA,2.5
2000-03,IA,2.5
2000-04,IA,2.5
2000-05,IA,2.6
2000-06,IA,2.6
2000-07,IA,2.7
2000-08,IA,2.7
2000-09,IA,2.8
2000-10,IA,2.8
2000-11,IA,2.9
2000-12,IA,3.0
2001-01,IA,3.0
2001-02,IA,3.1
2001-03,IA,3.2
2001-04,IA,3.2
2001-05,IA,3.2
2001-06,IA,3.2
2001-07,IA,3.2
2001-08,IA,3.3
2001-09,IA,3.4
2001-10,IA,3.6
2001-11,IA,3.7
2001-12,IA,3.9
2002-01,IA,3.9
2002-02,IA,4.0
2002-03,IA,4.0
2002-04,IA,4.0
2002-05,IA,4.0
2002-06,IA,4.0
2002-07,IA,4.0
2002-08,IA,4.0
2002-09,IA,4.0
2002-10,IA,4.0
2002-11,IA,4.0
2002-12,IA,4.1
2003-01,IA,4.2
2003-02,IA,4.3
2003-03,IA,4.4
2003-04,IA,4.5
2003-05,IA,4.6
2003-06,IA,4.6
2003-07,IA,4.6
2003-08,IA,4.6
2003-09,IA,4.5
2003-10,IA,4.4
2003-11,IA,4.4
2003-12,IA,4.4
2004-01,IA,4.3
2004-02,IA,4.4
2004-03,IA,4.4
2004-04,IA,4.4
2004-05,IA,4.5
2004-06,IA,4.5
2004-07,IA,4.6
2004-08,IA,4.6
2004-09,IA,4.6
2004-10,IA,4.6
2004-11,IA,4.6
2004-12,IA,4.6
2005-01,IA,4.6
2005-02,IA,4.5
2005-03,IA,4.5
2005-04,IA,4.4
2005-05,IA,4.3
2005-06,IA,4.2
2005-07,IA,4.2
2005-08,IA,4.2
2005-09,IA,4.2
2005-10,IA,4.2
2005-11,IA,4.1
2005-12,IA,4.0
2006-01,IA,3.9
2006-02,IA,3.8
2006-03,IA,3.6
2006-04,IA,3.6
2006-05,IA,3.6
2006-06,IA,3.6
2006-07,IA,3.7
2006-08,IA,3.7
2006-09,IA,3.7
2006-10,IA,3.7
2006-11,IA,3.7
2006-12,IA,3.7
2007-01,IA,3.7
2007-02,IA,3.7
2007-03,IA,3.7
2007-04,IA,3.7
2007-05,IA,3.7
2007-06,IA,3.7
2007-07,IA,3.7
2007-08,IA,3.7
2007-09,IA,3.8
2007-10,IA,3.8
2007-11,IA,3.7
2007-12,IA,3.7
2008-01,IA,3.6
2008-02,IA,3.6
2008-03,IA,3.7
2008-04,IA,3.8
2008-05,IA,3.9
2008-06,IA,4.0
2008-07,IA,4.1
2008-08,IA,4.2
2008-09,IA,4.3
2008-10,IA,4.5
2008-11,IA,4.9
2008-12,IA,5.3
2009-01,IA,5.7
2009-02,IA,6.1
2009-03,IA,6.4
2009-04,IA,6.6
2009-05,IA,6.7
2009-06,IA,6.7
2009-07,IA,6.7
2009-08,IA,6.6
2009-09,IA,6.6
2009-10,IA,6.5
2009-11,IA,6.5
2009-12,IA,6.5
2010-01,IA,6.5
2010-02,IA,6.4
2010-03,IA,6.3
2010-04,IA,6.2
2010-05,IA,6.1
2010-06,IA,6.0
2010-07,IA,5.9
2010-08,IA,5.9
2010-09,IA,6.0
2010-10,IA,6.0
2010-11,IA,5.9
2010-12,IA,5.9
2011-01,IA,5.8
2011-02,IA,5.7
2011-03,IA,5.7
2011-04,IA,5.6
2011-05,IA,5.6
2011-06,IA,5.6
2011-07,IA,5.6
2011-08,IA,5.6
2011-09,IA,5.6
2011-10,IA,5.5
2011-11,IA,5.4
2011-12,IA,5.3
2012-01,IA,5.2
2012-02,IA,5.1
2012-03,IA,5.1
2012-04,IA,5.0
2012-05,IA,5.0
2012-06,IA,5.0
2012-07,IA,5.0
2012-08,IA,5.0
2012-09,IA,5.0
2012-10,IA,4.9
2012-11,IA,4.9
2012-12,IA,4.9
2013-01,IA,4.9
2013-02,IA,4.9
2013-03,IA,4.9
2013-04,IA,4.9
2013-05,IA,4.8
2013-06,IA,4.8
2013-07,IA,4.7
2013-08,IA,4.7
2013-09,IA,4.6
2013-10,IA,4.5
2013-11,IA,4.5
2013-12,IA,4.5
2014-01,IA,4.5
2014-02,IA,4.4
2014-03,IA,4.4
2014-04,IA,4.4
2014-05,IA,4.3
2014-06,IA,4.3
2014-07,IA,4.3
2014-08,IA,4.2
2014-09,IA,4.2
2014-10,IA,4.1
2014-11,IA,4.0
2014-12,IA,4.0
2015-01,IA,3.9
2015-02,IA,3.8
2015-03,IA,3.8
2015-04,IA,3.8
2015-05,IA,3.7
2015-06,IA,3.7
2015-07,IA,3.7
2015-08,IA,3.6
2015-09,IA,3.6
2015-10,IA,3.6
2015-11,IA,3.7
2015-12,IA,3.7
2016-01,IA,3.6
2016-02,IA,3.6
2016-03,IA,3.6
2016-04,IA,3.6
2016-05,IA,3.6
2016-06,IA,3.7
2016-07,IA,3.7
2016-08,IA,3.7
2016-09,IA,3.6
2016-10,IA,3.6
2016-11,IA,3.5
2016-12,IA,3.4
2017-01,IA,3.3
2017-02,IA,3.3
2017-03,IA,3.2
2017-04,IA,3.1
2017-05,IA,3.1
2017-06,IA,3.1
2017-07,IA,3.1
2017-08,IA,3.1
2017-09,IA,3.0
2017-10,IA,3.0
2017-11,IA,2.9
2017-12,IA,2.9
2018-01,IA,2.8
2018-02,IA,2.7
2018-03,IA,2.7
2018-04,IA,2.6
2018-05,IA,2.5
2018-06,IA,2.5
2018-07,IA,2.5
2018-08,IA,2.5
2018-09,IA,2.5
2018-10,IA,2.5
2018-11,IA,2.6
2018-12,IA,2.6
2019-01,IA,2.6
2019-02,IA,2.6
2019-03,IA,2.6
2019-04,IA,2.6
2019-05,IA,2.6
2019-06,IA,2.7
2019-07,IA,2.7
2019-08,IA,2.7
2019-09,IA,2.7
2019-10,IA,2.7
2019-11,IA,2.7
2019-12,IA,2.7
2020-01,IA,2.7
2020-02,IA,2.7
2020-03,IA,2.7
2020-04,IA,11.0
2020-05,IA,8.5
2020-06,IA,6.8
2020-07,IA,6.0
2020-08,IA,5.0
2020-09,IA,4.6
2020-10,IA,4.2
2020-11,IA,4.2
2020-12,IA,4.2
2021-01,IA,4.1
2021-02,IA,4.2
2021-03,IA,4.3
2021-04,IA,4.4
2021-05,IA,4.4
2021-06,IA,4.3
2021-07,IA,4.1
2021-08,IA,3.9
2021-09,IA,3.6
2021-10,IA,3.3
2021-11,IA,3.1
2021-12,IA,2.9
2022-01,IA,2.8
2022-02,IA,2.7
2022-03,IA,2.6
2022-04,IA,2.6
2022-05,IA,2.6
2022-06,IA,2.7
2022-07,IA,2.8
2022-08,IA,3.0
2022-09,IA,3.1
2022-10,IA,3.1
2022-11,IA,3.1
2022-12,IA,3.1
2023-01,IA,3.0
2023-02,IA,3.0
2023-03,IA,2.9
2023-04,IA,2.9
2023-05,IA,2.9
2023-06,IA,3.0
2023-07,IA,3.0
2023-08,IA,3.0
2023-09,IA,3.0
2023-10,IA,3.0
2023-11,IA,2.9
2023-12,IA,2.9
2024-01,IA,2.8
2024-02,IA,2.8
2024-03,IA,2.8
2024-04,IA,2.9
2024-05,IA,3.0
2024-06,IA,3.1
2024-07,IA,3.2
2024-08,IA,3.3
2024-09,IA,3.4
2024-10,IA,3.4
2024-11,IA,3.5
2024-12,IA,3.5
2025-01,IA,3.5
2025-02,IA,3.5
2025-03,IA,3.6
2025-04,IA,3.6
2025-05,IA,3.6
2025-06,IA,3.5
2025-07,IA,3.5
2025-08,IA,3.5
2025-09,IA,3.4
2025-11,IA,3.4
2025-12,IA,3.4
2026-01,IA,3.4
2026-02,IA,3.4
2026-03,IA,3.3
2026-04,IA,3.3
2026-05,IA,3.2
2026-06,IA,3.2
1990-01,KS,4.1
1990-02,KS,4.0
1990-03,KS,4.0
1990-04,KS,4.0
1990-05,KS,4.1
1990-06,KS,4.1
1990-07,KS,4.2
1990-08,KS,4.3
1990-09,KS,4.5
1990-10,KS,4.6
1990-11,KS,4.7
1990-12,KS,4.7
1991-01,KS,4.7
1991-02,KS,4.8
1991-03,KS,4.7
1991-04,KS,4.7
1991-05,KS,4.6
1991-06,KS,4.5
1991-07,KS,4.4
1991-08,KS,4.4
1991-09,KS,4.3
1991-10,KS,4.2
1991-11,KS,4.2
1991-12,KS,4.2
1992-01,KS,4.2
1992-02,KS,4.3
1992-03,KS,4.4
1992-04,KS,4.4
1992-05,KS,4.5
1992-06,KS,4.6
1992-07,KS,4.7
1992-08,KS,4.7
1992-09,KS,4.7
1992-10,KS,4.7
1992-11,KS,4.7
1992-12,KS,4.8
1993-01,KS,4.8
1993-02,KS,4.9
1993-03,KS,5.0
1993-04,KS,5.0
1993-05,KS,5.0
1993-06,KS,5.0
1993-07,KS,5.0
1993-08,KS,5.0
1993-09,KS,4.9
1993-10,KS,4.9
1993-11,KS,5.0
1993-12,KS,5.0
1994-01,KS,5.0
1994-02,KS,5.0
1994-03,KS,4.9
1994-04,KS,4.8
1994-05,KS,4.7
1994-06,KS,4.7
1994-07,KS,4.6
1994-08,KS,4.7
1994-09,KS,4.7
1994-10,KS,4.8
1994-11,KS,4.7
1994-12,KS,4.7
1995-01,KS,4.7
1995-02,KS,4.6
1995-03,KS,4.6
1995-04,KS,4.5
1995-05,KS,4.5
1995-06,KS,4.4
1995-07,KS,4.3
1995-08,KS,4.2
1995-09,KS,4.1
1995-10,KS,4.1
1995-11,KS,4.0
1995-12,KS,4.0
1996-01,KS,4.1
1996-02,KS,4.1
1996-03,KS,4.2
1996-04,KS,4.3
1996-05,KS,4.3
1996-06,KS,4.3
1996-07,KS,4.3
1996-08,KS,4.3
1996-09,KS,4.3
1996-10,KS,4.3
1996-11,KS,4.3
1996-12,KS,4.2
1997-01,KS,4.2
1997-02,KS,4.1
1997-03,KS,4.0
1997-04,KS,3.9
1997-05,KS,3.8
1997-06,KS,3.7
1997-07,KS,3.7
1997-08,KS,3.7
1997-09,KS,3.6
1997-10,KS,3.6
1997-11,KS,3.6
1997-12,KS,3.6
1998-01,KS,3.6
1998-02,KS,3.6
1998-03,KS,3.6
1998-04,KS,3.7
1998-05,KS,3.7
1998-06,KS,3.8
1998-07,KS,3.8
1998-08,KS,3.9
1998-09,KS,3.8
1998-10,KS,3.7
1998-11,KS,3.6
1998-12,KS,3.5
1999-01,KS,3.4
1999-02,KS,3.4
1999-03,KS,3.4
1999-04,KS,3.4
1999-05,KS,3.5
1999-06,KS,3.5
1999-07,KS,3.5
1999-08,KS,3.5
1999-09,KS,3.5
1999-10,KS,3.5
1999-11,KS,3.5
1999-12,KS,3.5
2000-01,KS,3.6
2000-02,KS,3.6
2000-03,KS,3.6
2000-04,KS,3.6
2000-05,KS,3.7
2000-06,KS,3.7
2000-07,KS,3.7
2000-08,KS,3.8
2000-09,KS,3.8
2000-10,KS,3.9
2000-11,KS,3.9
2000-12,KS,4.0
2001-01,KS,4.0
2001-02,KS,4.0
2001-03,KS,4.1
2001-04,KS,4.1
2001-05,KS,4.1
2001-06,KS,4.1
2001-07,KS,4.2
2001-08,KS,4.3
2001-09,KS,4.4
2001-10,KS,4.6
2001-11,KS,4.8
2001-12,KS,4.9
2002-01,KS,5.0
2002-02,KS,5.1
2002-03,KS,5.1
2002-04,KS,5.1
2002-05,KS,5.1
2002-06,KS,5.1
2002-07,KS,5.1
2002-08,KS,5.1
2002-09,KS,5.1
2002-10,KS,5.1
2002-11,KS,5.1
2002-12,KS,5.1
2003-01,KS,5.2
2003-02,KS,5.2
2003-03,KS,5.3
2003-04,KS,5.4
2003-05,KS,5.6
2003-06,KS,5.7
2003-07,KS,5.8
2003-08,KS,5.8
2003-09,KS,5.8
2003-10,KS,5.8
2003-11,KS,5.7
2003-12,KS,5.7
2004-01,KS,5.6
2004-02,KS,5.6
2004-03,KS,5.6
2004-04,KS,5.6
2004-05,KS,5.5
2004-06,KS,5.5
2004-07,KS,5.5
2004-08,KS,5.4
2004-09,KS,5.4
2004-10,KS,5.4
2004-11,KS,5.4
2004-12,KS,5.4
2005-01,KS,5.4
2005-02,KS,5.4
2005-03,KS,5.3
2005-04,KS,5.3
2005-05,KS,5.2
2005-06,KS,5.1
2005-07,KS,5.0
2005-08,KS,4.9
2005-09,KS,4.9
2005-10,KS,4.9
2005-11,KS,4.8
2005-12,KS,4.8
2006-01,KS,4.7
2006-02,KS,4.6
2006-03,KS,4.5
2006-04,KS,4.5
2006-05,KS,4.4
2006-06,KS,4.4
2006-07,KS,4.4
2006-08,KS,4.3
2006-09,KS,4.3
2006-10,KS,4.3
2006-11,KS,4.3
2006-12,KS,4.3
2007-01,KS,4.3
2007-02,KS,4.3
2007-03,KS,4.2
2007-04,KS,4.2
2007-05,KS,4.2
2007-06,KS,4.2
2007-07,KS,4.2
2007-08,KS,4.3
2007-09,KS,4.3
2007-10,KS,4.3
2007-11,KS,4.3
2007-12,KS,4.3
2008-01,KS,4.2
2008-02,KS,4.2
2008-03,KS,4.1
2008-04,KS,4.2
2008-05,KS,4.2
2008-06,KS,4.3
2008-07,KS,4.5
2008-08,KS,4.6
2008-09,KS,4.8
2008-10,KS,5.0
2008-11,KS,5.3
2008-12,KS,5.6
2009-01,KS,5.9
2009-02,KS,6.3
2009-03,KS,6.7
2009-04,KS,6.9
2009-05,KS,7.2
2009-06,KS,7.3
2009-07,KS,7.4
2009-08,KS,7.4
2009-09,KS,7.4
2009-10,KS,7.4
2009-11,KS,7.3
2009-12,KS,7.3
2010-01,KS,7.3
2010-02,KS,7.2
2010-03,KS,7.1
2010-04,KS,7.0
2010-05,KS,6.9
2010-06,KS,6.8
2010-07,KS,6.8
2010-08,KS,6.8
2010-09,KS,6.8
2010-10,KS,6.9
2010-11,KS,6.9
2010-12,KS,6.8
2011-01,KS,6.7
2011-02,KS,6.6
2011-03,KS,6.5
2011-04,KS,6.4
2011-05,KS,6.4
2011-06,KS,6.4
2011-07,KS,6.3
2011-08,KS,6.3
2011-09,KS,6.3
2011-10,KS,6.2
2011-11,KS,6.1
2011-12,KS,6.0
2012-01,KS,5.9
2012-02,KS,5.8
2012-03,KS,5.8
2012-04,KS,5.8
2012-05,KS,5.7
2012-06,KS,5.7
2012-07,KS,5.6
2012-08,KS,5.6
2012-09,KS,5.6
2012-10,KS,5.5
2012-11,KS,5.6
2012-12,KS,5.6
2013-01,KS,5.6
2013-02,KS,5.6
2013-03,KS,5.5
2013-04,KS,5.5
2013-05,KS,5.4
2013-06,KS,5.4
2013-07,KS,5.3
2013-08,KS,5.3
2013-09,KS,5.2
2013-10,KS,5.1
2013-11,KS,5.0
2013-12,KS,4.9
2014-01,KS,4.8
2014-02,KS,4.8
2014-03,KS,4.7
2014-04,KS,4.7
2014-05,KS,4.6
2014-06,KS,4.5
2014-07,KS,4.5
2014-08,KS,4.4
2014-09,KS,4.4
2014-10,KS,4.3
2014-11,KS,4.3
2014-12,KS,4.3
2015-01,KS,4.3
2015-02,KS,4.4
2015-03,KS,4.4
2015-04,KS,4.4
2015-05,KS,4.3
2015-06,KS,4.2
2015-07,KS,4.1
2015-08,KS,4.0
2015-09,KS,4.0
2015-10,KS,4.0
2015-11,KS,4.0
2015-12,KS,4.0
2016-01,KS,3.9
2016-02,KS,3.9
2016-03,KS,3.9
2016-04,KS,4.0
2016-05,KS,4.0
2016-06,KS,4.1
2016-07,KS,4.1
2016-08,KS,4.2
2016-09,KS,4.2
2016-10,KS,4.2
2016-11,KS,4.1
2016-12,KS,4.0
2017-01,KS,3.9
2017-02,KS,3.8
2017-03,KS,3.7
2017-04,KS,3.7
2017-05,KS,3.7
2017-06,KS,3.6
2017-07,KS,3.6
2017-08,KS,3.6
2017-09,KS,3.6
2017-10,KS,3.5
2017-11,KS,3.5
2017-12,KS,3.5
2018-01,KS,3.4
2018-02,KS,3.4
2018-03,KS,3.4
2018-04,KS,3.4
2018-05,KS,3.3
2018-06,KS,3.3
2018-07,KS,3.2
2018-08,KS,3.2
2018-09,KS,3.2
2018-10,KS,3.3
2018-11,KS,3.3
2018-12,KS,3.3
2019-01,KS,3.3
2019-02,KS,3.3
2019-03,KS,3.2
2019-04,KS,3.2
2019-05,KS,3.1
2019-06,KS,3.1
2019-07,KS,3.1
2019-08,KS,3.1
2019-09,KS,3.1
2019-10,KS,3.1
2019-11,KS,3.1
2019-12,KS,3.1
2020-01,KS,3.1
2020-02,KS,3.1
2020-03,KS,3.1
2020-04,KS,12.1
2020-05,KS,9.2
2020-06,KS,7.5
2020-07,KS,6.7
2020-08,KS,5.8
2020-09,KS,5.4
2020-10,KS,4.9
2020-11,KS,4.6
2020-12,KS,4.4
2021-01,KS,4.1
2021-02,KS,3.9
2021-03,KS,3.8
2021-04,KS,3.7
2021-05,KS,3.7
2021-06,KS,3.7
2021-07,KS,3.5
2021-08,KS,3.4
2021-09,KS,3.1
2021-10,KS,2.9
2021-11,KS,2.8
2021-12,KS,2.6
2022-01,KS,2.6
2022-02,KS,2.6
2022-03,KS,2.6
2022-04,KS,2.6
2022-05,KS,2.7
2022-06,KS,2.7
2022-07,KS,2.8
2022-08,KS,2.9
2022-09,KS,2.9
2022-10,KS,3.0
2022-11,KS,3.0
2022-12,KS,3.0
2023-01,KS,3.0
2023-02,KS,3.0
2023-03,KS,2.9
2023-04,KS,2.9
2023-05,KS,2.8
2023-06,KS,2.8
2023-07,KS,2.8
2023-08,KS,2.8
2023-09,KS,2.9
2023-10,KS,2.9
2023-11,KS,2.9
2023-12,KS,3.0
2024-01,KS,3.1
2024-02,KS,3.1
2024-03,KS,3.3
2024-04,KS,3.4
2024-05,KS,3.5
2024-06,KS,3.6
2024-07,KS,3.6
2024-08,KS,3.7
2024-09,KS,3.7
2024-10,KS,3.7
2024-11,KS,3.7
2024-12,KS,3.8
2025-01,KS,3.8
2025-02,KS,3.8
2025-03,KS,3.8
2025-04,KS,3.8
2025-05,KS,3.8
2025-06,KS,3.7
2025-07,KS,3.7
2025-08,KS,3.7
2025-09,KS,3.8
2025-11,KS,3.8
2025-12,KS,3.8
2026-01,KS,3.9
2026-02,KS,3.9
2026-03,KS,3.9
2026-04,KS,3.9
2026-05,KS,3.8
2026-06,KS,3.8
1990-01,KY,5.8
1990-02,KY,5.8
1990-03,KY,5.7
1990-04,KY,5.7
1990-05,KY,5.8
1990-06,KY,5.8
1990-07,KY,5.9
1990-08,KY,6.0
1990-09,KY,6.2
1990-10,KY,6.4
1990-11,KY,6.6
1990-12,KY,6.8
1991-01,KY,7.1
1991-02,KY,7.2
1991-03,KY,7.4
1991-04,KY,7.4
1991-05,KY,7.4
1991-06,KY,7.4
1991-07,KY,7.3
1991-08,KY,7.3
1991-09,KY,7.2
1991-10,KY,7.2
1991-11,KY,7.2
1991-12,KY,7.2
1992-01,KY,7.1
1992-02,KY,7.1
1992-03,KY,7.0
1992-04,KY,6.9
1992-05,KY,6.9
1992-06,KY,6.9
1992-07,KY,6.9
1992-08,KY,6.9
1992-09,KY,6.8
1992-10,KY,6.8
1992-11,KY,6.7
1992-12,KY,6.6
1993-01,KY,6.6
1993-02,KY,6.5
1993-03,KY,6.5
1993-04,KY,6.5
1993-05,KY,6.4
1993-06,KY,6.4
1993-07,KY,6.3
1993-08,KY,6.1
1993-09,KY,6.0
1993-10,KY,5.9
1993-11,KY,5.8
1993-12,KY,5.7
1994-01,KY,5.7
1994-02,KY,5.6
1994-03,KY,5.5
1994-04,KY,5.4
1994-05,KY,5.4
1994-06,KY,5.3
1994-07,KY,5.3
1994-08,KY,5.3
1994-09,KY,5.3
1994-10,KY,5.2
1994-11,KY,5.2
1994-12,KY,5.1
1995-01,KY,5.1
1995-02,KY,5.1
1995-03,KY,5.2
1995-04,KY,5.3
1995-05,KY,5.4
1995-06,KY,5.5
1995-07,KY,5.6
1995-08,KY,5.6
1995-09,KY,5.5
1995-10,KY,5.5
1995-11,KY,5.5
1995-12,KY,5.4
1996-01,KY,5.4
1996-02,KY,5.4
1996-03,KY,5.4
1996-04,KY,5.4
1996-05,KY,5.3
1996-06,KY,5.2
1996-07,KY,5.2
1996-08,KY,5.2
1996-09,KY,5.3
1996-10,KY,5.5
1996-11,KY,5.6
1996-12,KY,5.7
1997-01,KY,5.7
1997-02,KY,5.7
1997-03,KY,5.6
1997-04,KY,5.5
1997-05,KY,5.4
1997-06,KY,5.3
1997-07,KY,5.2
1997-08,KY,5.1
1997-09,KY,5.0
1997-10,KY,4.8
1997-11,KY,4.7
1997-12,KY,4.6
1998-01,KY,4.5
1998-02,KY,4.5
1998-03,KY,4.5
1998-04,KY,4.5
1998-05,KY,4.5
1998-06,KY,4.5
1998-07,KY,4.5
1998-08,KY,4.5
1998-09,KY,4.6
1998-10,KY,4.6
1998-11,KY,4.5
1998-12,KY,4.5
1999-01,KY,4.6
1999-02,KY,4.6
1999-03,KY,4.6
1999-04,KY,4.6
1999-05,KY,4.6
1999-06,KY,4.6
1999-07,KY,4.6
1999-08,KY,4.5
1999-09,KY,4.5
1999-10,KY,4.4
1999-11,KY,4.3
1999-12,KY,4.2
2000-01,KY,4.1
2000-02,KY,4.1
2000-03,KY,4.0
2000-04,KY,4.0
2000-05,KY,4.0
2000-06,KY,4.1
2000-07,KY,4.1
2000-08,KY,4.2
2000-09,KY,4.2
2000-10,KY,4.3
2000-11,KY,4.3
2000-12,KY,4.4
2001-01,KY,4.5
2001-02,KY,4.6
2001-03,KY,4.7
2001-04,KY,4.8
2001-05,KY,4.9
2001-06,KY,5.0
2001-07,KY,5.2
2001-08,KY,5.3
2001-09,KY,5.5
2001-10,KY,5.7
2001-11,KY,5.8
2001-12,KY,5.9
2002-01,KY,5.9
2002-02,KY,5.9
2002-03,KY,5.8
2002-04,KY,5.8
2002-05,KY,5.7
2002-06,KY,5.7
2002-07,KY,5.7
2002-08,KY,5.7
2002-09,KY,5.7
2002-10,KY,5.8
2002-11,KY,5.8
2002-12,KY,5.9
2003-01,KY,6.0
2003-02,KY,6.1
2003-03,KY,6.2
2003-04,KY,6.3
2003-05,KY,6.3
2003-06,KY,6.4
2003-07,KY,6.4
2003-08,KY,6.3
2003-09,KY,6.2
2003-10,KY,6.1
2003-11,KY,6.0
2003-12,KY,5.9
2004-01,KY,5.8
2004-02,KY,5.7
2004-03,KY,5.7
2004-04,KY,5.7
2004-05,KY,5.6
2004-06,KY,5.5
2004-07,KY,5.5
2004-08,KY,5.4
2004-09,KY,5.3
2004-10,KY,5.3
2004-11,KY,5.3
2004-12,KY,5.4
2005-01,KY,5.5
2005-02,KY,5.6
2005-03,KY,5.7
2005-04,KY,5.7
2005-05,KY,5.8
2005-06,KY,5.8
2005-07,KY,5.8
2005-08,KY,5.9
2005-09,KY,6.0
2005-10,KY,6.1
2005-11,KY,6.1
2005-12,KY,6.1
2006-01,KY,6.0
2006-02,KY,5.9
2006-03,KY,5.8
2006-04,KY,5.8
2006-05,KY,5.7
2006-06,KY,5.7
2006-07,KY,5.7
2006-08,KY,5.7
2006-09,KY,5.7
2006-10,KY,5.7
2006-11,KY,5.6
2006-12,KY,5.5
2007-01,KY,5.5
2007-02,KY,5.4
2007-03,KY,5.3
2007-04,KY,5.3
2007-05,KY,5.3
2007-06,KY,5.3
2007-07,KY,5.3
2007-08,KY,5.4
2007-09,KY,5.4
2007-10,KY,5.4
2007-11,KY,5.4
2007-12,KY,5.4
2008-01,KY,5.4
2008-02,KY,5.4
2008-03,KY,5.5
2008-04,KY,5.7
2008-05,KY,5.9
2008-06,KY,6.2
2008-07,KY,6.5
2008-08,KY,6.7
2008-09,KY,7.1
2008-10,KY,7.5
2008-11,KY,8.0
2008-12,KY,8.6
2009-01,KY,9.2
2009-02,KY,9.8
2009-03,KY,10.3
2009-04,KY,10.7
2009-05,KY,10.9
2009-06,KY,11.0
2009-07,KY,11.0
2009-08,KY,11.0
2009-09,KY,10.9
2009-10,KY,10.9
2009-11,KY,10.9
2009-12,KY,10.9
2010-01,KY,10.9
2010-02,KY,10.8
2010-03,KY,10.7
2010-04,KY,10.5
2010-05,KY,10.3
2010-06,KY,10.2
2010-07,KY,10.1
2010-08,KY,10.0
2010-09,KY,10.0
2010-10,KY,10.0
2010-11,KY,10.0
2010-12,KY,9.9
2011-01,KY,9.8
2011-02,KY,9.7
2011-03,KY,9.6
2011-04,KY,9.5
2011-05,KY,9.5
2011-06,KY,9.5
2011-07,KY,9.5
2011-08,KY,9.4
2011-09,KY,9.3
2011-10,KY,9.1
2011-11,KY,8.9
2011-12,KY,8.7
2012-01,KY,8.5
2012-02,KY,8.3
2012-03,KY,8.2
2012-04,KY,8.2
2012-05,KY,8.2
2012-06,KY,8.2
2012-07,KY,8.2
2012-08,KY,8.2
2012-09,KY,8.1
2012-10,KY,8.1
2012-11,KY,8.1
2012-12,KY,8.0
2013-01,KY,8.0
2013-02,KY,8.0
2013-03,KY,8.0
2013-04,KY,8.0
2013-05,KY,8.0
2013-06,KY,8.0
2013-07,KY,8.0
2013-08,KY,8.0
2013-09,KY,7.9
2013-10,KY,7.8
2013-11,KY,7.7
2013-12,KY,7.6
2014-01,KY,7.5
2014-02,KY,7.3
2014-03,KY,7.2
2014-04,KY,7.0
2014-05,KY,6.8
2014-06,KY,6.5
2014-07,KY,6.3
2014-08,KY,6.1
2014-09,KY,5.9
2014-10,KY,5.7
2014-11,KY,5.6
2014-12,KY,5.4
2015-01,KY,5.4
2015-02,KY,5.3
2015-03,KY,5.3
2015-04,KY,5.3
2015-05,KY,5.3
2015-06,KY,5.2
2015-07,KY,5.2
2015-08,KY,5.2
2015-09,KY,5.2
2015-10,KY,5.2
2015-11,KY,5.2
2015-12,KY,5.2
2016-01,KY,5.2
2016-02,KY,5.2
2016-03,KY,5.1
2016-04,KY,5.0
2016-05,KY,5.0
2016-06,KY,5.0
2016-07,KY,5.0
2016-08,KY,5.0
2016-09,KY,5.1
2016-10,KY,5.1
2016-11,KY,5.1
2016-12,KY,5.1
2017-01,KY,5.1
2017-02,KY,5.0
2017-03,KY,5.0
2017-04,KY,4.9
2017-05,KY,4.9
2017-06,KY,4.8
2017-07,KY,4.8
2017-08,KY,4.7
2017-09,KY,4.6
2017-10,KY,4.5
2017-11,KY,4.4
2017-12,KY,4.3
2018-01,KY,4.2
2018-02,KY,4.2
2018-03,KY,4.2
2018-04,KY,4.2
2018-05,KY,4.2
2018-06,KY,4.2
2018-07,KY,4.2
2018-08,KY,4.2
2018-09,KY,4.2
2018-10,KY,4.2
2018-11,KY,4.2
2018-12,KY,4.2
2019-01,KY,4.2
2019-02,KY,4.2
2019-03,KY,4.1
2019-04,KY,4.1
2019-05,KY,4.1
2019-06,KY,4.1
2019-07,KY,4.1
2019-08,KY,4.1
2019-09,KY,4.0
2019-10,KY,4.0
2019-11,KY,4.0
2019-12,KY,4.0
2020-01,KY,4.1
2020-02,KY,4.1
2020-03,KY,4.1
2020-04,KY,16.7
2020-05,KY,12.8
2020-06,KY,5.3
2020-07,KY,5.8
2020-08,KY,5.2
2020-09,KY,5.0
2020-10,KY,4.8
2020-11,KY,4.8
2020-12,KY,4.7
2021-01,KY,4.6
2021-02,KY,4.6
2021-03,KY,4.6
2021-04,KY,4.6
2021-05,KY,4.5
2021-06,KY,4.6
2021-07,KY,4.5
2021-08,KY,4.5
2021-09,KY,4.4
2021-10,KY,4.3
2021-11,KY,4.2
2021-12,KY,4.1
2022-01,KY,4.0
2022-02,KY,4.0
2022-03,KY,4.0
2022-04,KY,4.0
2022-05,KY,4.0
2022-06,KY,4.0
2022-07,KY,4.0
2022-08,KY,4.1
2022-09,KY,4.1
2022-10,KY,4.1
2022-11,KY,4.1
2022-12,KY,4.1
2023-01,KY,4.1
2023-02,KY,4.1
2023-03,KY,4.1
2023-04,KY,4.1
2023-05,KY,4.1
2023-06,KY,4.2
2023-07,KY,4.2
2023-08,KY,4.3
2023-09,KY,4.4
2023-10,KY,4.4
2023-11,KY,4.5
2023-12,KY,4.5
2024-01,KY,4.6
2024-02,KY,4.6
2024-03,KY,4.7
2024-04,KY,4.8
2024-05,KY,4.8
2024-06,KY,4.9
2024-07,KY,4.9
2024-08,KY,4.9
2024-09,KY,4.9
2024-10,KY,4.9
2024-11,KY,4.9
2024-12,KY,4.9
2025-01,KY,4.8
2025-02,KY,4.8
2025-03,KY,4.7
2025-04,KY,4.7
2025-05,KY,4.7
2025-06,KY,4.6
2025-07,KY,4.6
2025-08,KY,4.5
2025-09,KY,4.5
2025-11,KY,4.4
2025-12,KY,4.4
2026-01,KY,4.3
2026-02,KY,4.2
2026-03,KY,4.2
2026-04,KY,4.3
2026-05,KY,4.5
2026-06,KY,4.7
1990-01,LA,6.1
1990-02,LA,6.0
1990-03,LA,5.9
1990-04,LA,5.9
1990-05,LA,5.9
1990-06,LA,6.0
1990-07,LA,6.2
1990-08,LA,6.4
1990-09,LA,6.6
1990-10,LA,6.8
1990-11,LA,6.9
1990-12,LA,7.0
1991-01,LA,7.1
1991-02,LA,7.2
1991-03,LA,7.3
1991-04,LA,7.3
1991-05,LA,7.3
1991-06,LA,7.3
1991-07,LA,7.3
1991-08,LA,7.2
1991-09,LA,7.2
1991-10,LA,7.2
1991-11,LA,7.3
1991-12,LA,7.4
1992-01,LA,7.5
1992-02,LA,7.6
1992-03,LA,7.7
1992-04,LA,7.8
1992-05,LA,7.9
1992-06,LA,8.0
1992-07,LA,8.0
1992-08,LA,8.0
1992-09,LA,7.9
1992-10,LA,7.8
1992-11,LA,7.7
1992-12,LA,7.6
1993-01,LA,7.5
1993-02,LA,7.5
1993-03,LA,7.4
1993-04,LA,7.4
1993-05,LA,7.4
1993-06,LA,7.3
1993-07,LA,7.3
1993-08,LA,7.4
1993-09,LA,7.4
1993-10,LA,7.5
1993-11,LA,7.6
1993-12,LA,7.7
1994-01,LA,7.8
1994-02,LA,7.9
1994-03,LA,7.8
1994-04,LA,7.8
1994-05,LA,7.7
1994-06,LA,7.7
1994-07,LA,7.6
1994-08,LA,7.6
1994-09,LA,7.5
1994-10,LA,7.4
1994-11,LA,7.3
1994-12,LA,7.2
1995-01,LA,7.1
1995-02,LA,7.1
1995-03,LA,7.0
1995-04,LA,7.0
1995-05,LA,6.9
1995-06,LA,6.9
1995-07,LA,6.8
1995-08,LA,6.7
1995-09,LA,6.7
1995-10,LA,6.6
1995-11,LA,6.7
1995-12,LA,6.7
1996-01,LA,6.7
1996-02,LA,6.6
1996-03,LA,6.6
1996-04,LA,6.6
1996-05,LA,6.5
1996-06,LA,6.4
1996-07,LA,6.4
1996-08,LA,6.3
1996-09,LA,6.3
1996-10,LA,6.3
1996-11,LA,6.2
1996-12,LA,6.2
1997-01,LA,6.1
1997-02,LA,6.1
1997-03,LA,6.1
1997-04,LA,6.0
1997-05,LA,6.0
1997-06,LA,6.0
1997-07,LA,5.9
1997-08,LA,5.8
1997-09,LA,5.7
1997-10,LA,5.6
1997-11,LA,5.5
1997-12,LA,5.4
1998-01,LA,5.4
1998-02,LA,5.4
1998-03,LA,5.4
1998-04,LA,5.5
1998-05,LA,5.6
1998-06,LA,5.7
1998-07,LA,5.7
1998-08,LA,5.7
1998-09,LA,5.6
1998-10,LA,5.5
1998-11,LA,5.4
1998-12,LA,5.3
1999-01,LA,5.2
1999-02,LA,5.1
1999-03,LA,5.0
1999-04,LA,4.9
1999-05,LA,4.9
1999-06,LA,4.9
1999-07,LA,4.9
1999-08,LA,4.9
1999-09,LA,4.9
1999-10,LA,4.9
1999-11,LA,4.9
1999-12,LA,4.9
2000-01,LA,4.9
2000-02,LA,4.9
2000-03,LA,4.9
2000-04,LA,5.0
2000-05,LA,5.0
2000-06,LA,5.1
2000-07,LA,5.1
2000-08,LA,5.2
2000-09,LA,5.3
2000-10,LA,5.3
2000-11,LA,5.4
2000-12,LA,5.4
2001-01,LA,5.5
2001-02,LA,5.5
2001-03,LA,5.5
2001-04,LA,5.4
2001-05,LA,5.3
2001-06,LA,5.3
2001-07,LA,5.4
2001-08,LA,5.5
2001-09,LA,5.7
2001-10,LA,5.9
2001-11,LA,6.0
2001-12,LA,6.1
2002-01,LA,6.1
2002-02,LA,6.1
2002-03,LA,6.0
2002-04,LA,6.0
2002-05,LA,5.9
2002-06,LA,5.9
2002-07,LA,5.9
2002-08,LA,5.9
2002-09,LA,5.9
2002-10,LA,5.9
2002-11,LA,6.0
2002-12,LA,6.0
2003-01,LA,6.1
2003-02,LA,6.2
2003-03,LA,6.3
2003-04,LA,6.4
2003-05,LA,6.5
2003-06,LA,6.5
2003-07,LA,6.5
2003-08,LA,6.4
2003-09,LA,6.2
2003-10,LA,6.0
2003-11,LA,5.9
2003-12,LA,5.8
2004-01,LA,5.8
2004-02,LA,5.8
2004-03,LA,5.8
2004-04,LA,5.8
2004-05,LA,5.8
2004-06,LA,5.7
2004-07,LA,5.6
2004-08,LA,5.6
2004-09,LA,5.5
2004-10,LA,5.6
2004-11,LA,5.6
2004-12,LA,5.6
2005-01,LA,5.6
2005-02,LA,5.5
2005-03,LA,5.5
2005-04,LA,5.4
2005-05,LA,5.4
2005-06,LA,5.4
2005-07,LA,5.3
2005-08,LA,5.3
2005-09,LA,11.7
2005-10,LA,11.5
2005-11,LA,11.6
2005-12,LA,6.4
2006-01,LA,4.6
2006-02,LA,4.4
2006-03,LA,4.3
2006-04,LA,4.1
2006-05,LA,4.1
2006-06,LA,4.0
2006-07,LA,4.0
2006-08,LA,4.0
2006-09,LA,4.0
2006-10,LA,4.0
2006-11,LA,4.1
2006-12,LA,4.1
2007-01,LA,4.1
2007-02,LA,4.1
2007-03,LA,4.2
2007-04,LA,4.2
2007-05,LA,4.2
2007-06,LA,4.1
2007-07,LA,4.1
2007-08,LA,4.0
2007-09,LA,4.0
2007-10,LA,4.0
2007-11,LA,4.0
2007-12,LA,4.0
2008-01,LA,4.1
2008-02,LA,4.1
2008-03,LA,4.1
2008-04,LA,4.2
2008-05,LA,4.2
2008-06,LA,4.4
2008-07,LA,4.6
2008-08,LA,4.8
2008-09,LA,5.0
2008-10,LA,5.3
2008-11,LA,5.5
2008-12,LA,5.7
2009-01,LA,6.0
2009-02,LA,6.2
2009-03,LA,6.5
2009-04,LA,6.7
2009-05,LA,6.8
2009-06,LA,6.8
2009-07,LA,6.9
2009-08,LA,6.9
2009-09,LA,6.9
2009-10,LA,6.9
2009-11,LA,6.9
2009-12,LA,7.0
2010-01,LA,7.0
2010-02,LA,7.1
2010-03,LA,7.2
2010-04,LA,7.2
2010-05,LA,7.3
2010-06,LA,7.4
2010-07,LA,7.5
2010-08,LA,7.6
2010-09,LA,7.7
2010-10,LA,7.7
2010-11,LA,7.8
2010-12,LA,7.7
2011-01,LA,7.7
2011-02,LA,7.6
2011-03,LA,7.5
2011-04,LA,7.4
2011-05,LA,7.3
2011-06,LA,7.3
2011-07,LA,7.3
2011-08,LA,7.3
2011-09,LA,7.2
2011-10,LA,7.2
2011-11,LA,7.2
2011-12,LA,7.1
2012-01,LA,7.1
2012-02,LA,7.0
2012-03,LA,7.0
2012-04,LA,6.9
2012-05,LA,6.9
2012-06,LA,6.8
2012-07,LA,6.7
2012-08,LA,6.5
2012-09,LA,6.4
2012-10,LA,6.4
2012-11,LA,6.4
2012-12,LA,6.5
2013-01,LA,6.6
2013-02,LA,6.7
2013-03,LA,6.8
2013-04,LA,6.7
2013-05,LA,6.6
2013-06,LA,6.6
2013-07,LA,6.5
2013-08,LA,6.3
2013-09,LA,6.2
2013-10,LA,6.0
2013-11,LA,5.8
2013-12,LA,5.7
2014-01,LA,5.6
2014-02,LA,5.6
2014-03,LA,5.6
2014-04,LA,5.8
2014-05,LA,6.0
2014-06,LA,6.2
2014-07,LA,6.4
2014-08,LA,6.6
2014-09,LA,6.7
2014-10,LA,6.8
2014-11,LA,6.8
2014-12,LA,6.8
2015-01,LA,6.7
2015-02,LA,6.7
2015-03,LA,6.6
2015-04,LA,6.5
2015-05,LA,6.4
2015-06,LA,6.2
2015-07,LA,6.1
2015-08,LA,6.0
2015-09,LA,6.0
2015-10,LA,6.0
2015-11,LA,6.0
2015-12,LA,6.0
2016-01,LA,6.0
2016-02,LA,6.0
2016-03,LA,6.0
2016-04,LA,6.1
2016-05,LA,6.1
2016-06,LA,6.1
2016-07,LA,6.1
2016-08,LA,6.1
2016-09,LA,6.1
2016-10,LA,6.0
2016-11,LA,6.0
2016-12,LA,5.9
2017-01,LA,5.8
2017-02,LA,5.7
2017-03,LA,5.5
2017-04,LA,5.4
2017-05,LA,5.2
2017-06,LA,5.1
2017-07,LA,5.0
2017-08,LA,4.9
2017-09,LA,4.8
2017-10,LA,4.7
2017-11,LA,4.7
2017-12,LA,4.7
2018-01,LA,4.7
2018-02,LA,4.7
2018-03,LA,4.8
2018-04,LA,4.9
2018-05,LA,4.9
2018-06,LA,4.9
2018-07,LA,4.9
2018-08,LA,4.9
2018-09,LA,4.8
2018-10,LA,4.8
2018-11,LA,4.8
2018-12,LA,4.8
2019-01,LA,4.7
2019-02,LA,4.6
2019-03,LA,4.5
2019-04,LA,4.4
2019-05,LA,4.4
2019-06,LA,4.5
2019-07,LA,4.6
2019-08,LA,4.7
2019-09,LA,4.8
2019-10,LA,4.8
2019-11,LA,4.8
2019-12,LA,4.8
2020-01,LA,4.7
2020-02,LA,4.7
2020-03,LA,6.7
2020-04,LA,13.5
2020-05,LA,12.3
2020-06,LA,11.0
2020-07,LA,10.4
2020-08,LA,9.2
2020-09,LA,8.7
2020-10,LA,8.0
2020-11,LA,7.6
2020-12,LA,7.4
2021-01,LA,7.0
2021-02,LA,6.8
2021-03,LA,6.6
2021-04,LA,6.4
2021-05,LA,6.2
2021-06,LA,6.0
2021-07,LA,5.6
2021-08,LA,5.2
2021-09,LA,4.8
2021-10,LA,4.5
2021-11,LA,4.2
2021-12,LA,4.0
2022-01,LA,3.9
2022-02,LA,3.8
2022-03,LA,3.7
2022-04,LA,3.7
2022-05,LA,3.7
2022-06,LA,3.6
2022-07,LA,3.6
2022-08,LA,3.6
2022-09,LA,3.5
2022-10,LA,3.5
2022-11,LA,3.5
2022-12,LA,3.5
2023-01,LA,3.6
2023-02,LA,3.6
2023-03,LA,3.6
2023-04,LA,3.5
2023-05,LA,3.5
2023-06,LA,3.5
2023-07,LA,3.6
2023-08,LA,3.7
2023-09,LA,3.8
2023-10,LA,3.9
2023-11,LA,4.1
2023-12,LA,4.2
2024-01,LA,4.2
2024-02,LA,4.1
2024-03,LA,4.1
2024-04,LA,4.1
2024-05,LA,4.1
2024-06,LA,4.2
2024-07,LA,4.3
2024-08,LA,4.4
2024-09,LA,4.5
2024-10,LA,4.5
2024-11,LA,4.4
2024-12,LA,4.4
2025-01,LA,4.3
2025-02,LA,4.3
2025-03,LA,4.3
2025-04,LA,4.3
2025-05,LA,4.3
2025-06,LA,4.3
2025-07,LA,4.3
2025-08,LA,4.2
2025-09,LA,4.2
2025-11,LA,4.2
2025-12,LA,4.2
2026-01,LA,4.3
2026-02,LA,4.3
2026-03,LA,4.4
2026-04,LA,4.4
2026-05,LA,4.5
2026-06,LA,4.4
1990-01,ME,4.5
1990-02,ME,4.5
1990-03,ME,4.5
1990-04,ME,4.6
1990-05,ME,4.7
1990-06,ME,4.9
1990-07,ME,5.2
1990-08,ME,5.5
1990-09,ME,5.8
1990-10,ME,6.2
1990-11,ME,6.7
1990-12,ME,7.2
1991-01,ME,7.7
1991-02,ME,8.1
1991-03,ME,8.4
1991-04,ME,8.4
1991-05,ME,8.2
1991-06,ME,7.9
1991-07,ME,7.6
1991-08,ME,7.4
1991-09,ME,7.3
1991-10,ME,7.3
1991-11,ME,7.4
1991-12,ME,7.6
1992-01,ME,7.7
1992-02,ME,7.7
1992-03,ME,7.7
1992-04,ME,7.5
1992-05,ME,7.4
1992-06,ME,7.2
1992-07,ME,7.2
1992-08,ME,7.1
1992-09,ME,7.1
1992-10,ME,7.1
1992-11,ME,7.0
1992-12,ME,7.0
1993-01,ME,6.9
1993-02,ME,6.8
1993-03,ME,6.7
1993-04,ME,6.7
1993-05,ME,6.7
1993-06,ME,6.8
1993-07,ME,6.9
1993-08,ME,6.9
1993-09,ME,6.9
1993-10,ME,6.8
1993-11,ME,6.8
1993-12,ME,6.8
1994-01,ME,6.8
1994-02,ME,6.7
1994-03,ME,6.7
1994-04,ME,6.7
1994-05,ME,6.7
1994-06,ME,6.7
1994-07,ME,6.7
1994-08,ME,6.7
1994-09,ME,6.6
1994-10,ME,6.4
1994-11,ME,6.3
1994-12,ME,6.1
1995-01,ME,6.0
1995-02,ME,5.9
1995-03,ME,5.9
1995-04,ME,5.9
1995-05,ME,6.0
1995-06,ME,6.0
1995-07,ME,6.0
1995-08,ME,5.9
1995-09,ME,5.8
1995-10,ME,5.7
1995-11,ME,5.7
1995-12,ME,5.6
1996-01,ME,5.5
1996-02,ME,5.5
1996-03,ME,5.5
1996-04,ME,5.5
1996-05,ME,5.4
1996-06,ME,5.3
1996-07,ME,5.3
1996-08,ME,5.2
1996-09,ME,5.1
1996-10,ME,5.1
1996-11,ME,5.2
1996-12,ME,5.2
1997-01,ME,5.3
1997-02,ME,5.4
1997-03,ME,5.4
1997-04,ME,5.4
1997-05,ME,5.3
1997-06,ME,5.2
1997-07,ME,5.1
1997-08,ME,5.0
1997-09,ME,5.0
1997-10,ME,5.0
1997-11,ME,5.0
1997-12,ME,5.0
1998-01,ME,4.9
1998-02,ME,4.8
1998-03,ME,4.6
1998-04,ME,4.5
1998-05,ME,4.4
1998-06,ME,4.4
1998-07,ME,4.4
1998-08,ME,4.5
1998-09,ME,4.4
1998-10,ME,4.3
1998-11,ME,4.2
1998-12,ME,4.1
1999-01,ME,4.0
1999-02,ME,3.9
1999-03,ME,3.9
1999-04,ME,4.0
1999-05,ME,4.0
1999-06,ME,4.0
1999-07,ME,4.0
1999-08,ME,4.0
1999-09,ME,4.0
1999-10,ME,4.0
1999-11,ME,3.9
1999-12,ME,3.8
2000-01,ME,3.7
2000-02,ME,3.5
2000-03,ME,3.4
2000-04,ME,3.3
2000-05,ME,3.3
2000-06,ME,3.3
2000-07,ME,3.2
2000-08,ME,3.2
2000-09,ME,3.2
2000-10,ME,3.2
2000-11,ME,3.2
2000-12,ME,3.2
2001-01,ME,3.2
2001-02,ME,3.3
2001-03,ME,3.5
2001-04,ME,3.6
2001-05,ME,3.7
2001-06,ME,3.8
2001-07,ME,3.8
2001-08,ME,3.9
2001-09,ME,4.0
2001-10,ME,4.0
2001-11,ME,4.1
2001-12,ME,4.1
2002-01,ME,4.2
2002-02,ME,4.2
2002-03,ME,4.3
2002-04,ME,4.3
2002-05,ME,4.4
2002-06,ME,4.4
2002-07,ME,4.4
2002-08,ME,4.4
2002-09,ME,4.5
2002-10,ME,4.6
2002-11,ME,4.7
2002-12,ME,4.8
2003-01,ME,4.9
2003-02,ME,5.1
2003-03,ME,5.1
2003-04,ME,5.2
2003-05,ME,5.2
2003-06,ME,5.2
2003-07,ME,5.2
2003-08,ME,5.2
2003-09,ME,5.1
2003-10,ME,5.1
2003-11,ME,5.0
2003-12,ME,4.9
2004-01,ME,4.8
2004-02,ME,4.8
2004-03,ME,4.7
2004-04,ME,4.6
2004-05,ME,4.6
2004-06,ME,4.6
2004-07,ME,4.6
2004-08,ME,4.6
2004-09,ME,4.6
2004-10,ME,4.6
2004-11,ME,4.7
2004-12,ME,4.8
2005-01,ME,4.8
2005-02,ME,4.9
2005-03,ME,4.9
2005-04,ME,4.9
2005-05,ME,4.9
2005-06,ME,4.9
2005-07,ME,4.9
2005-08,ME,4.9
2005-09,ME,4.9
2005-10,ME,4.9
2005-11,ME,4.9
2005-12,ME,4.8
2006-01,ME,4.7
2006-02,ME,4.6
2006-03,ME,4.6
2006-04,ME,4.6
2006-05,ME,4.6
2006-06,ME,4.7
2006-07,ME,4.8
2006-08,ME,4.8
2006-09,ME,4.8
2006-10,ME,4.8
2006-11,ME,4.8
2006-12,ME,4.7
2007-01,ME,4.6
2007-02,ME,4.6
2007-03,ME,4.6
2007-04,ME,4.6
2007-05,ME,4.6
2007-06,ME,4.7
2007-07,ME,4.8
2007-08,ME,4.8
2007-09,ME,4.8
2007-10,ME,4.8
2007-11,ME,4.8
2007-12,ME,4.7
2008-01,ME,4.7
2008-02,ME,4.7
2008-03,ME,4.7
2008-04,ME,4.8
2008-05,ME,4.9
2008-06,ME,5.1
2008-07,ME,5.3
2008-08,ME,5.5
2008-09,ME,5.7
2008-10,ME,6.1
2008-11,ME,6.5
2008-12,ME,6.9
2009-01,ME,7.4
2009-02,ME,7.9
2009-03,ME,8.2
2009-04,ME,8.4
2009-05,ME,8.4
2009-06,ME,8.5
2009-07,ME,8.4
2009-08,ME,8.4
2009-09,ME,8.4
2009-10,ME,8.5
2009-11,ME,8.5
2009-12,ME,8.6
2010-01,ME,8.7
2010-02,ME,8.6
2010-03,ME,8.6
2010-04,ME,8.5
2010-05,ME,8.4
2010-06,ME,8.3
2010-07,ME,8.2
2010-08,ME,8.2
2010-09,ME,8.2
2010-10,ME,8.2
2010-11,ME,8.2
2010-12,ME,8.1
2011-01,ME,8.1
2011-02,ME,8.0
2011-03,ME,7.9
2011-04,ME,7.9
2011-05,ME,7.9
2011-06,ME,7.8
2011-07,ME,7.8
2011-08,ME,7.7
2011-09,ME,7.7
2011-10,ME,7.6
2011-11,ME,7.5
2011-12,ME,7.4
2012-01,ME,7.3
2012-02,ME,7.2
2012-03,ME,7.2
2012-04,ME,7.2
2012-05,ME,7.3
2012-06,ME,7.3
2012-07,ME,7.3
2012-08,ME,7.2
2012-09,ME,7.2
2012-10,ME,7.1
2012-11,ME,7.1
2012-12,ME,7.1
2013-01,ME,7.1
2013-02,ME,7.0
2013-03,ME,7.0
2013-04,ME,6.9
2013-05,ME,6.8
2013-06,ME,6.7
2013-07,ME,6.7
2013-08,ME,6.6
2013-09,ME,6.5
2013-10,ME,6.4
2013-11,ME,6.3
2013-12,ME,6.2
2014-01,ME,6.1
2014-02,ME,6.0
2014-03,ME,5.9
2014-04,ME,5.8
2014-05,ME,5.7
2014-06,ME,5.6
2014-07,ME,5.5
2014-08,ME,5.4
2014-09,ME,5.3
2014-10,ME,5.3
2014-11,ME,5.2
2014-12,ME,5.1
2015-01,ME,4.9
2015-02,ME,4.8
2015-03,ME,4.7
2015-04,ME,4.6
2015-05,ME,4.5
2015-06,ME,4.4
2015-07,ME,4.3
2015-08,ME,4.2
2015-09,ME,4.1
2015-10,ME,4.1
2015-11,ME,4.1
2015-12,ME,4.0
2016-01,ME,4.0
2016-02,ME,4.0
2016-03,ME,3.9
2016-04,ME,3.9
2016-05,ME,3.8
2016-06,ME,3.8
2016-07,ME,3.8
2016-08,ME,3.7
2016-09,ME,3.7
2016-10,ME,3.7
2016-11,ME,3.6
2016-12,ME,3.6
2017-01,ME,3.5
2017-02,ME,3.5
2017-03,ME,3.5
2017-04,ME,3.4
2017-05,ME,3.4
2017-06,ME,3.4
2017-07,ME,3.4
2017-08,ME,3.4
2017-09,ME,3.4
2017-10,ME,3.3
2017-11,ME,3.2
2017-12,ME,3.1
2018-01,ME,3.1
2018-02,ME,3.0
2018-03,ME,3.0
2018-04,ME,3.0
2018-05,ME,3.1
2018-06,ME,3.2
2018-07,ME,3.3
2018-08,ME,3.3
2018-09,ME,3.3
2018-10,ME,3.3
2018-11,ME,3.3
2018-12,ME,3.2
2019-01,ME,3.1
2019-02,ME,3.0
2019-03,ME,2.9
2019-04,ME,2.8
2019-05,ME,2.7
2019-06,ME,2.7
2019-07,ME,2.8
2019-08,ME,2.8
2019-09,ME,2.9
2019-10,ME,3.0
2019-11,ME,3.0
2019-12,ME,3.1
2020-01,ME,3.2
2020-02,ME,3.2
2020-03,ME,3.2
2020-04,ME,9.3
2020-05,ME,9.5
2020-06,ME,6.6
2020-07,ME,6.3
2020-08,ME,4.2
2020-09,ME,4.0
2020-10,ME,3.8
2020-11,ME,3.9
2020-12,ME,4.2
2021-01,ME,4.5
2021-02,ME,4.8
2021-03,ME,4.9
2021-04,ME,5.1
2021-05,ME,5.0
2021-06,ME,5.0
2021-07,ME,4.8
2021-08,ME,4.7
2021-09,ME,4.5
2021-10,ME,4.3
2021-11,ME,4.0
2021-12,ME,3.8
2022-01,ME,3.6
2022-02,ME,3.3
2022-03,ME,3.0
2022-04,ME,2.9
2022-05,ME,2.8
2022-06,ME,2.7
2022-07,ME,2.6
2022-08,ME,2.5
2022-09,ME,2.6
2022-10,ME,2.7
2022-11,ME,2.7
2022-12,ME,2.6
2023-01,ME,2.6
2023-02,ME,2.5
2023-03,ME,2.5
2023-04,ME,2.5
2023-05,ME,2.5
2023-06,ME,2.6
2023-07,ME,2.6
2023-08,ME,2.7
2023-09,ME,2.7
2023-10,ME,2.8
2023-11,ME,2.8
2023-12,ME,2.8
2024-01,ME,2.8
2024-02,ME,2.8
2024-03,ME,2.8
2024-04,ME,2.8
2024-05,ME,2.9
2024-06,ME,2.9
2024-07,ME,3.0
2024-08,ME,3.1
2024-09,ME,3.1
2024-10,ME,3.2
2024-11,ME,3.2
2024-12,ME,3.3
2025-01,ME,3.3
2025-02,ME,3.3
2025-03,ME,3.3
2025-04,ME,3.3
2025-05,ME,3.3
2025-06,ME,3.3
2025-07,ME,3.3
2025-08,ME,3.3
2025-09,ME,3.3
2025-11,ME,3.3
2025-12,ME,3.3
2026-01,ME,3.3
2026-02,ME,3.2
2026-03,ME,3.2
2026-04,ME,3.1
2026-05,ME,3.1
2026-06,ME,3.1
1990-01,MD,3.7
1990-02,MD,3.7
1990-03,MD,3.8
1990-04,MD,3.9
1990-05,MD,4.0
1990-06,MD,4.2
1990-07,MD,4.4
1990-08,MD,4.6
1990-09,MD,4.9
1990-10,MD,5.0
1990-11,MD,5.2
1990-12,MD,5.4
1991-01,MD,5.5
1991-02,MD,5.6
1991-03,MD,5.7
1991-04,MD,5.7
1991-05,MD,5.7
1991-06,MD,5.7
1991-07,MD,5.7
1991-08,MD,5.8
1991-09,MD,5.9
1991-10,MD,6.0
1991-11,MD,6.2
1991-12,MD,6.3
1992-01,MD,6.5
1992-02,MD,6.6
1992-03,MD,6.6
1992-04,MD,6.6
1992-05,MD,6.6
1992-06,MD,6.6
1992-07,MD,6.6
1992-08,MD,6.5
1992-09,MD,6.5
1992-10,MD,6.5
1992-11,MD,6.4
1992-12,MD,6.4
1993-01,MD,6.3
1993-02,MD,6.3
1993-03,MD,6.2
1993-04,MD,6.2
1993-05,MD,6.2
1993-06,MD,6.2
1993-07,MD,6.1
1993-08,MD,6.0
1993-09,MD,5.9
1993-10,MD,5.8
1993-11,MD,5.8
1993-12,MD,5.7
1994-01,MD,5.6
1994-02,MD,5.6
1994-03,MD,5.5
1994-04,MD,5.4
1994-05,MD,5.3
1994-06,MD,5.2
1994-07,MD,5.2
1994-08,MD,5.1
1994-09,MD,5.1
1994-10,MD,5.0
1994-11,MD,5.0
1994-12,MD,4.9
1995-01,MD,4.9
1995-02,MD,4.9
1995-03,MD,4.9
1995-04,MD,5.0
1995-05,MD,5.0
1995-06,MD,5.0
1995-07,MD,5.0
1995-08,MD,5.0
1995-09,MD,5.0
1995-10,MD,5.0
1995-11,MD,5.0
1995-12,MD,5.0
1996-01,MD,5.0
1996-02,MD,5.0
1996-03,MD,5.0
1996-04,MD,5.0
1996-05,MD,5.0
1996-06,MD,4.9
1996-07,MD,4.9
1996-08,MD,4.9
1996-09,MD,4.9
1996-10,MD,4.9
1996-11,MD,4.9
1996-12,MD,4.9
1997-01,MD,5.0
1997-02,MD,5.0
1997-03,MD,4.9
1997-04,MD,4.9
1997-05,MD,4.8
1997-06,MD,4.8
1997-07,MD,4.8
1997-08,MD,4.8
1997-09,MD,4.8
1997-10,MD,4.8
1997-11,MD,4.8
1997-12,MD,4.8
1998-01,MD,4.7
1998-02,MD,4.6
1998-03,MD,4.5
1998-04,MD,4.4
1998-05,MD,4.3
1998-06,MD,4.3
1998-07,MD,4.2
1998-08,MD,4.2
1998-09,MD,4.1
1998-10,MD,4.0
1998-11,MD,3.8
1998-12,MD,3.7
1999-01,MD,3.7
1999-02,MD,3.6
1999-03,MD,3.6
1999-04,MD,3.5
1999-05,MD,3.5
1999-06,MD,3.5
1999-07,MD,3.4
1999-08,MD,3.3
1999-09,MD,3.3
1999-10,MD,3.3
1999-11,MD,3.2
1999-12,MD,3.2
2000-01,MD,3.3
2000-02,MD,3.3
2000-03,MD,3.4
2000-04,MD,3.5
2000-05,MD,3.6
2000-06,MD,3.6
2000-07,MD,3.7
2000-08,MD,3.7
2000-09,MD,3.7
2000-10,MD,3.7
2000-11,MD,3.7
2000-12,MD,3.7
2001-01,MD,3.7
2001-02,MD,3.7
2001-03,MD,3.7
2001-04,MD,3.8
2001-05,MD,3.8
2001-06,MD,4.0
2001-07,MD,4.1
2001-08,MD,4.3
2001-09,MD,4.5
2001-10,MD,4.6
2001-11,MD,4.7
2001-12,MD,4.8
2002-01,MD,4.8
2002-02,MD,4.7
2002-03,MD,4.7
2002-04,MD,4.6
2002-05,MD,4.5
2002-06,MD,4.4
2002-07,MD,4.4
2002-08,MD,4.3
2002-09,MD,4.3
2002-10,MD,4.3
2002-11,MD,4.4
2002-12,MD,4.4
2003-01,MD,4.5
2003-02,MD,4.5
2003-03,MD,4.5
2003-04,MD,4.6
2003-05,MD,4.6
2003-06,MD,4.5
2003-07,MD,4.5
2003-08,MD,4.5
2003-09,MD,4.4
2003-10,MD,4.4
2003-11,MD,4.4
2003-12,MD,4.3
2004-01,MD,4.3
2004-02,MD,4.3
2004-03,MD,4.3
2004-04,MD,4.3
2004-05,MD,4.3
2004-06,MD,4.3
2004-07,MD,4.3
2004-08,MD,4.3
2004-09,MD,4.3
2004-10,MD,4.3
2004-11,MD,4.3
2004-12,MD,4.4
2005-01,MD,4.4
2005-02,MD,4.4
2005-03,MD,4.4
2005-04,MD,4.4
2005-05,MD,4.3
2005-06,MD,4.2
2005-07,MD,4.1
2005-08,MD,4.1
2005-09,MD,4.0
2005-10,MD,4.0
2005-11,MD,3.9
2005-12,MD,3.8
2006-01,MD,3.7
2006-02,MD,3.7
2006-03,MD,3.8
2006-04,MD,3.8
2006-05,MD,3.9
2006-06,MD,4.0
2006-07,MD,4.0
2006-08,MD,4.0
2006-09,MD,3.9
2006-10,MD,3.9
2006-11,MD,3.8
2006-12,MD,3.7
2007-01,MD,3.7
2007-02,MD,3.6
2007-03,MD,3.5
2007-04,MD,3.5
2007-05,MD,3.4
2007-06,MD,3.4
2007-07,MD,3.4
2007-08,MD,3.4
2007-09,MD,3.4
2007-10,MD,3.4
2007-11,MD,3.3
2007-12,MD,3.3
2008-01,MD,3.3
2008-02,MD,3.3
2008-03,MD,3.5
2008-04,MD,3.6
2008-05,MD,3.9
2008-06,MD,4.1
2008-07,MD,4.3
2008-08,MD,4.6
2008-09,MD,4.8
2008-10,MD,5.1
2008-11,MD,5.5
2008-12,MD,5.8
2009-01,MD,6.1
2009-02,MD,6.5
2009-03,MD,6.7
2009-04,MD,6.9
2009-05,MD,7.0
2009-06,MD,7.1
2009-07,MD,7.2
2009-08,MD,7.3
2009-09,MD,7.5
2009-10,MD,7.6
2009-11,MD,7.8
2009-12,MD,7.9
2010-01,MD,8.0
2010-02,MD,8.0
2010-03,MD,7.9
2010-04,MD,7.9
2010-05,MD,7.8
2010-06,MD,7.7
2010-07,MD,7.7
2010-08,MD,7.7
2010-09,MD,7.7
2010-10,MD,7.7
2010-11,MD,7.6
2010-12,MD,7.5
2011-01,MD,7.4
2011-02,MD,7.4
2011-03,MD,7.3
2011-04,MD,7.3
2011-05,MD,7.3
2011-06,MD,7.4
2011-07,MD,7.4
2011-08,MD,7.3
2011-09,MD,7.3
2011-10,MD,7.2
2011-11,MD,7.1
2011-12,MD,7.0
2012-01,MD,7.0
2012-02,MD,6.9
2012-03,MD,6.9
2012-04,MD,6.9
2012-05,MD,6.9
2012-06,MD,6.9
2012-07,MD,6.9
2012-08,MD,6.8
2012-09,MD,6.8
2012-10,MD,6.8
2012-11,MD,6.8
2012-12,MD,6.8
2013-01,MD,6.8
2013-02,MD,6.9
2013-03,MD,6.8
2013-04,MD,6.8
2013-05,MD,6.7
2013-06,MD,6.7
2013-07,MD,6.6
2013-08,MD,6.5
2013-09,MD,6.4
2013-10,MD,6.3
2013-11,MD,6.2
2013-12,MD,6.1
2014-01,MD,6.0
2014-02,MD,5.9
2014-03,MD,5.9
2014-04,MD,5.9
2014-05,MD,5.8
2014-06,MD,5.8
2014-07,MD,5.8
2014-08,MD,5.7
2014-09,MD,5.6
2014-10,MD,5.5
2014-11,MD,5.5
2014-12,MD,5.4
2015-01,MD,5.4
2015-02,MD,5.3
2015-03,MD,5.3
2015-04,MD,5.2
2015-05,MD,5.1
2015-06,MD,5.1
2015-07,MD,5.0
2015-08,MD,5.0
2015-09,MD,4.9
2015-10,MD,4.8
2015-11,MD,4.7
2015-12,MD,4.6
2016-01,MD,4.5
2016-02,MD,4.4
2016-03,MD,4.3
2016-04,MD,4.2
2016-05,MD,4.2
2016-06,MD,4.2
2016-07,MD,4.2
2016-08,MD,4.2
2016-09,MD,4.2
2016-10,MD,4.2
2016-11,MD,4.2
2016-12,MD,4.2
2017-01,MD,4.2
2017-02,MD,4.1
2017-03,MD,4.1
2017-04,MD,4.0
2017-05,MD,4.0
2017-06,MD,4.0
2017-07,MD,4.0
2017-08,MD,4.0
2017-09,MD,4.1
2017-10,MD,4.1
2017-11,MD,4.1
2017-12,MD,4.1
2018-01,MD,4.1
2018-02,MD,4.0
2018-03,MD,4.0
2018-04,MD,3.9
2018-05,MD,3.8
2018-06,MD,3.8
2018-07,MD,3.7
2018-08,MD,3.7
2018-09,MD,3.7
2018-10,MD,3.7
2018-11,MD,3.7
2018-12,MD,3.6
2019-01,MD,3.6
2019-02,MD,3.5
2019-03,MD,3.5
2019-04,MD,3.4
2019-05,MD,3.4
2019-06,MD,3.4
2019-07,MD,3.4
2019-08,MD,3.4
2019-09,MD,3.3
2019-10,MD,3.3
2019-11,MD,3.2
2019-12,MD,3.2
2020-01,MD,3.3
2020-02,MD,3.4
2020-03,MD,3.5
2020-04,MD,9.0
2020-05,MD,8.8
2020-06,MD,8.1
2020-07,MD,7.9
2020-08,MD,7.2
2020-09,MD,7.1
2020-10,MD,6.7
2020-11,MD,6.6
2020-12,MD,6.6
2021-01,MD,6.4
2021-02,MD,6.2
2021-03,MD,6.1
2021-04,MD,5.9
2021-05,MD,5.7
2021-06,MD,5.6
2021-07,MD,5.3
2021-08,MD,5.0
2021-09,MD,4.6
2021-10,MD,4.2
2021-11,MD,3.9
2021-12,MD,3.5
2022-01,MD,3.5
2022-02,MD,3.3
2022-03,MD,3.2
2022-04,MD,3.1
2022-05,MD,3.1
2022-06,MD,3.1
2022-07,MD,3.0
2022-08,MD,3.0
2022-09,MD,2.8
2022-10,MD,2.8
2022-11,MD,2.6
2022-12,MD,2.5
2023-01,MD,2.3
2023-02,MD,2.2
2023-03,MD,2.1
2023-04,MD,1.9
2023-05,MD,1.9
2023-06,MD,1.9
2023-07,MD,2.0
2023-08,MD,2.2
2023-09,MD,2.3
2023-10,MD,2.5
2023-11,MD,2.6
2023-12,MD,2.7
2024-01,MD,2.8
2024-02,MD,2.9
2024-03,MD,3.0
2024-04,MD,3.0
2024-05,MD,3.1
2024-06,MD,3.2
2024-07,MD,3.3
2024-08,MD,3.3
2024-09,MD,3.3
2024-10,MD,3.3
2024-11,MD,3.4
2024-12,MD,3.4
2025-01,MD,3.5
2025-02,MD,3.6
2025-03,MD,3.7
2025-04,MD,3.8
2025-05,MD,4.0
2025-06,MD,4.1
2025-07,MD,4.2
2025-08,MD,4.3
2025-09,MD,4.3
2025-11,MD,4.3
2025-12,MD,4.2
2026-01,MD,4.3
2026-02,MD,4.3
2026-03,MD,4.3
2026-04,MD,4.4
2026-05,MD,4.4
2026-06,MD,4.3
1990-01,MA,5.2
1990-02,MA,5.4
1990-03,MA,5.6
1990-04,MA,5.8
1990-05,MA,5.9
1990-06,MA,6.1
1990-07,MA,6.4
1990-08,MA,6.6
1990-09,MA,6.9
1990-10,MA,7.2
1990-11,MA,7.5
1990-12,MA,7.8
1991-01,MA,8.1
1991-02,MA,8.4
1991-03,MA,8.6
1991-04,MA,8.8
1991-05,MA,9.0
1991-06,MA,9.1
1991-07,MA,9.1
1991-08,MA,9.1
1991-09,MA,9.1
1991-10,MA,9.1
1991-11,MA,9.1
1991-12,MA,9.1
1992-01,MA,9.0
1992-02,MA,9.0
1992-03,MA,9.0
1992-04,MA,8.9
1992-05,MA,8.9
1992-06,MA,8.9
1992-07,MA,8.9
1992-08,MA,8.8
1992-09,MA,8.7
1992-10,MA,8.6
1992-11,MA,8.5
1992-12,MA,8.4
1993-01,MA,8.2
1993-02,MA,8.0
1993-03,MA,7.8
1993-04,MA,7.6
1993-05,MA,7.4
1993-06,MA,7.3
1993-07,MA,7.1
1993-08,MA,7.0
1993-09,MA,6.9
1993-10,MA,6.8
1993-11,MA,6.7
1993-12,MA,6.7
1994-01,MA,6.6
1994-02,MA,6.6
1994-03,MA,6.5
1994-04,MA,6.4
1994-05,MA,6.3
1994-06,MA,6.2
1994-07,MA,6.2
1994-08,MA,6.1
1994-09,MA,6.1
1994-10,MA,6.0
1994-11,MA,5.9
1994-12,MA,5.8
1995-01,MA,5.7
1995-02,MA,5.6
1995-03,MA,5.6
1995-04,MA,5.6
1995-05,MA,5.6
1995-06,MA,5.6
1995-07,MA,5.5
1995-08,MA,5.4
1995-09,MA,5.3
1995-10,MA,5.3
1995-11,MA,5.2
1995-12,MA,5.1
1996-01,MA,5.0
1996-02,MA,4.9
1996-03,MA,4.9
1996-04,MA,4.8
1996-05,MA,4.7
1996-06,MA,4.6
1996-07,MA,4.5
1996-08,MA,4.4
1996-09,MA,4.4
1996-10,MA,4.4
1996-11,MA,4.4
1996-12,MA,4.4
1997-01,MA,4.4
1997-02,MA,4.3
1997-03,MA,4.3
1997-04,MA,4.2
1997-05,MA,4.2
1997-06,MA,4.1
1997-07,MA,4.1
1997-08,MA,4.0
1997-09,MA,3.9
1997-10,MA,3.8
1997-11,MA,3.8
1997-12,MA,3.7
1998-01,MA,3.6
1998-02,MA,3.5
1998-03,MA,3.5
1998-04,MA,3.4
1998-05,MA,3.4
1998-06,MA,3.3
1998-07,MA,3.3
1998-08,MA,3.3
1998-09,MA,3.3
1998-10,MA,3.3
1998-11,MA,3.3
1998-12,MA,3.3
1999-01,MA,3.3
1999-02,MA,3.3
1999-03,MA,3.3
1999-04,MA,3.3
1999-05,MA,3.3
1999-06,MA,3.3
1999-07,MA,3.3
1999-08,MA,3.3
1999-09,MA,3.3
1999-10,MA,3.3
1999-11,MA,3.2
1999-12,MA,3.2
2000-01,MA,3.1
2000-02,MA,3.0
2000-03,MA,2.9
2000-04,MA,2.8
2000-05,MA,2.8
2000-06,MA,2.8
2000-07,MA,2.7
2000-08,MA,2.7
2000-09,MA,2.7
2000-10,MA,2.7
2000-11,MA,2.7
2000-12,MA,2.8
2001-01,MA,2.9
2001-02,MA,3.1
2001-03,MA,3.2
2001-04,MA,3.4
2001-05,MA,3.5
2001-06,MA,3.7
2001-07,MA,3.8
2001-08,MA,4.0
2001-09,MA,4.2
2001-10,MA,4.4
2001-11,MA,4.6
2001-12,MA,4.7
2002-01,MA,4.9
2002-02,MA,5.0
2002-03,MA,5.0
2002-04,MA,5.1
2002-05,MA,5.2
2002-06,MA,5.2
2002-07,MA,5.3
2002-08,MA,5.3
2002-09,MA,5.4
2002-10,MA,5.4
2002-11,MA,5.5
2002-12,MA,5.6
2003-01,MA,5.6
2003-02,MA,5.7
2003-03,MA,5.7
2003-04,MA,5.8
2003-05,MA,5.8
2003-06,MA,5.9
2003-07,MA,5.9
2003-08,MA,5.9
2003-09,MA,5.8
2003-10,MA,5.7
2003-11,MA,5.6
2003-12,MA,5.5
2004-01,MA,5.5
2004-02,MA,5.4
2004-03,MA,5.3
2004-04,MA,5.3
2004-05,MA,5.2
2004-06,MA,5.2
2004-07,MA,5.1
2004-08,MA,5.0
2004-09,MA,4.9
2004-10,MA,4.9
2004-11,MA,4.9
2004-12,MA,4.9
2005-01,MA,4.9
2005-02,MA,4.9
2005-03,MA,4.8
2005-04,MA,4.8
2005-05,MA,4.8
2005-06,MA,4.7
2005-07,MA,4.7
2005-08,MA,4.7
2005-09,MA,4.8
2005-10,MA,4.8
2005-11,MA,4.8
2005-12,MA,4.8
2006-01,MA,4.7
2006-02,MA,4.7
2006-03,MA,4.7
2006-04,MA,4.7
2006-05,MA,4.7
2006-06,MA,4.7
2006-07,MA,4.7
2006-08,MA,4.7
2006-09,MA,4.7
2006-10,MA,4.7
2006-11,MA,4.7
2006-12,MA,4.6
2007-01,MA,4.6
2007-02,MA,4.6
2007-03,MA,4.5
2007-04,MA,4.5
2007-05,MA,4.5
2007-06,MA,4.5
2007-07,MA,4.5
2007-08,MA,4.5
2007-09,MA,4.5
2007-10,MA,4.5
2007-11,MA,4.5
2007-12,MA,4.5
2008-01,MA,4.5
2008-02,MA,4.5
2008-03,MA,4.6
2008-04,MA,4.7
2008-05,MA,4.9
2008-06,MA,5.1
2008-07,MA,5.3
2008-08,MA,5.5
2008-09,MA,5.7
2008-10,MA,6.0
2008-11,MA,6.3
2008-12,MA,6.7
2009-01,MA,7.1
2009-02,MA,7.4
2009-03,MA,7.7
2009-04,MA,8.0
2009-05,MA,8.1
2009-06,MA,8.3
2009-07,MA,8.4
2009-08,MA,8.5
2009-09,MA,8.5
2009-10,MA,8.6
2009-11,MA,8.6
2009-12,MA,8.6
2010-01,MA,8.6
2010-02,MA,8.5
2010-03,MA,8.4
2010-04,MA,8.3
2010-05,MA,8.2
2010-06,MA,8.1
2010-07,MA,8.0
2010-08,MA,7.9
2010-09,MA,7.9
2010-10,MA,7.8
2010-11,MA,7.8
2010-12,MA,7.7
2011-01,MA,7.6
2011-02,MA,7.5
2011-03,MA,7.5
2011-04,MA,7.4
2011-05,MA,7.3
2011-06,MA,7.3
2011-07,MA,7.2
2011-08,MA,7.2
2011-09,MA,7.1
2011-10,MA,7.0
2011-11,MA,6.9
2011-12,MA,6.8
2012-01,MA,6.7
2012-02,MA,6.7
2012-03,MA,6.7
2012-04,MA,6.7
2012-05,MA,6.7
2012-06,MA,6.7
2012-07,MA,6.7
2012-08,MA,6.7
2012-09,MA,6.7
2012-10,MA,6.7
2012-11,MA,6.7
2012-12,MA,6.7
2013-01,MA,6.7
2013-02,MA,6.8
2013-03,MA,6.8
2013-04,MA,6.8
2013-05,MA,6.8
2013-06,MA,6.8
2013-07,MA,6.7
2013-08,MA,6.7
2013-09,MA,6.6
2013-10,MA,6.5
2013-11,MA,6.4
2013-12,MA,6.3
2014-01,MA,6.2
2014-02,MA,6.1
2014-03,MA,6.0
2014-04,MA,5.9
2014-05,MA,5.9
2014-06,MA,5.8
2014-07,MA,5.7
2014-08,MA,5.7
2014-09,MA,5.6
2014-10,MA,5.5
2014-11,MA,5.4
2014-12,MA,5.3
2015-01,MA,5.2
2015-02,MA,5.1
2015-03,MA,5.0
2015-04,MA,5.0
2015-05,MA,4.9
2015-06,MA,4.8
2015-07,MA,4.7
2015-08,MA,4.7
2015-09,MA,4.6
2015-10,MA,4.6
2015-11,MA,4.5
2015-12,MA,4.5
2016-01,MA,4.4
2016-02,MA,4.3
2016-03,MA,4.2
2016-04,MA,4.1
2016-05,MA,4.1
2016-06,MA,4.0
2016-07,MA,3.9
2016-08,MA,3.9
2016-09,MA,3.8
2016-10,MA,3.8
2016-11,MA,3.8
2016-12,MA,3.9
2017-01,MA,3.9
2017-02,MA,3.9
2017-03,MA,3.9
2017-04,MA,3.9
2017-05,MA,3.9
2017-06,MA,3.8
2017-07,MA,3.8
2017-08,MA,3.8
2017-09,MA,3.8
2017-10,MA,3.8
2017-11,MA,3.8
2017-12,MA,3.7
2018-01,MA,3.7
2018-02,MA,3.6
2018-03,MA,3.6
2018-04,MA,3.6
2018-05,MA,3.5
2018-06,MA,3.5
2018-07,MA,3.4
2018-08,MA,3.4
2018-09,MA,3.3
2018-10,MA,3.3
2018-11,MA,3.3
2018-12,MA,3.3
2019-01,MA,3.2
2019-02,MA,3.2
2019-03,MA,3.1
2019-04,MA,3.1
2019-05,MA,3.0
2019-06,MA,3.0
2019-07,MA,3.0
2019-08,MA,3.0
2019-09,MA,3.0
2019-10,MA,3.0
2019-11,MA,3.0
2019-12,MA,3.0
2020-01,MA,3.0
2020-02,MA,3.1
2020-03,MA,3.1
2020-04,MA,17.8
2020-05,MA,14.3
2020-06,MA,14.7
2020-07,MA,12.5
2020-08,MA,10.4
2020-09,MA,9.6
2020-10,MA,8.4
2020-11,MA,7.8
2020-12,MA,7.4
2021-01,MA,6.8
2021-02,MA,6.4
2021-03,MA,6.1
2021-04,MA,5.9
2021-05,MA,5.6
2021-06,MA,5.5
2021-07,MA,5.3
2021-08,MA,5.0
2021-09,MA,4.7
2021-10,MA,4.4
2021-11,MA,4.2
2021-12,MA,3.9
2022-01,MA,3.8
2022-02,MA,3.7
2022-03,MA,3.6
2022-04,MA,3.6
2022-05,MA,3.6
2022-06,MA,3.6
2022-07,MA,3.6
2022-08,MA,3.7
2022-09,MA,3.6
2022-10,MA,3.7
2022-11,MA,3.6
2022-12,MA,3.6
2023-01,MA,3.5
2023-02,MA,3.5
2023-03,MA,3.4
2023-04,MA,3.3
2023-05,MA,3.4
2023-06,MA,3.3
2023-07,MA,3.4
2023-08,MA,3.4
2023-09,MA,3.5
2023-10,MA,3.6
2023-11,MA,3.6
2023-12,MA,3.7
2024-01,MA,3.7
2024-02,MA,3.8
2024-03,MA,3.8
2024-04,MA,3.9
2024-05,MA,4.0
2024-06,MA,4.0
2024-07,MA,4.1
2024-08,MA,4.1
2024-09,MA,4.1
2024-10,MA,4.1
2024-11,MA,4.1
2024-12,MA,4.1
2025-01,MA,4.2
2025-02,MA,4.3
2025-03,MA,4.3
2025-04,MA,4.4
2025-05,MA,4.4
2025-06,MA,4.4
2025-07,MA,4.5
2025-08,MA,4.5
2025-09,MA,4.6
2025-11,MA,4.7
2025-12,MA,4.7
2026-01,MA,4.7
2026-02,MA,4.8
2026-03,MA,4.7
2026-04,MA,4.7
2026-05,MA,4.5
2026-06,MA,4.4
1990-01,MI,7.7
1990-02,MI,7.6
1990-03,MI,7.5
1990-04,MI,7.4
1990-05,MI,7.4
1990-06,MI,7.4
1990-07,MI,7.5
1990-08,MI,7.6
1990-09,MI,7.7
1990-10,MI,7.9
1990-11,MI,8.1
1990-12,MI,8.4
1991-01,MI,8.8
1991-02,MI,9.1
1991-03,MI,9.4
1991-04,MI,9.5
1991-05,MI,9.5
1991-06,MI,9.4
1991-07,MI,9.3
1991-08,MI,9.2
1991-09,MI,9.2
1991-10,MI,9.3
1991-11,MI,9.3
1991-12,MI,9.4
1992-01,MI,9.5
1992-02,MI,9.5
1992-03,MI,9.5
1992-04,MI,9.5
1992-05,MI,9.4
1992-06,MI,9.4
1992-07,MI,9.3
1992-08,MI,9.1
1992-09,MI,8.9
1992-10,MI,8.6
1992-11,MI,8.3
1992-12,MI,7.9
1993-01,MI,7.7
1993-02,MI,7.5
1993-03,MI,7.4
1993-04,MI,7.3
1993-05,MI,7.3
1993-06,MI,7.3
1993-07,MI,7.3
1993-08,MI,7.3
1993-09,MI,7.3
1993-10,MI,7.3
1993-11,MI,7.3
1993-12,MI,7.3
1994-01,MI,7.2
1994-02,MI,7.0
1994-03,MI,6.8
1994-04,MI,6.5
1994-05,MI,6.2
1994-06,MI,6.0
1994-07,MI,5.9
1994-08,MI,5.8
1994-09,MI,5.7
1994-10,MI,5.5
1994-11,MI,5.3
1994-12,MI,5.2
1995-01,MI,5.2
1995-02,MI,5.3
1995-03,MI,5.5
1995-04,MI,5.6
1995-05,MI,5.6
1995-06,MI,5.6
1995-07,MI,5.5
1995-08,MI,5.3
1995-09,MI,5.2
1995-10,MI,5.1
1995-11,MI,5.0
1995-12,MI,5.0
1996-01,MI,4.9
1996-02,MI,4.9
1996-03,MI,4.9
1996-04,MI,5.0
1996-05,MI,5.0
1996-06,MI,5.0
1996-07,MI,5.0
1996-08,MI,4.9
1996-09,MI,4.9
1996-10,MI,4.8
1996-11,MI,4.8
1996-12,MI,4.8
1997-01,MI,4.7
1997-02,MI,4.6
1997-03,MI,4.5
1997-04,MI,4.3
1997-05,MI,4.2
1997-06,MI,4.2
1997-07,MI,4.2
1997-08,MI,4.2
1997-09,MI,4.2
1997-10,MI,4.2
1997-11,MI,4.2
1997-12,MI,4.1
1998-01,MI,4.0
1998-02,MI,4.0
1998-03,MI,3.9
1998-04,MI,3.8
1998-05,MI,3.8
1998-06,MI,3.8
1998-07,MI,4.7
1998-08,MI,3.9
1998-09,MI,3.9
1998-10,MI,4.0
1998-11,MI,4.0
1998-12,MI,4.0
1999-01,MI,4.0
1999-02,MI,4.0
1999-03,MI,4.0
1999-04,MI,3.9
1999-05,MI,3.8
1999-06,MI,3.7
1999-07,MI,3.7
1999-08,MI,3.7
1999-09,MI,3.6
1999-10,MI,3.6
1999-11,MI,3.5
1999-12,MI,3.4
2000-01,MI,3.3
2000-02,MI,3.2
2000-03,MI,3.3
2000-04,MI,3.4
2000-05,MI,3.6
2000-06,MI,3.7
2000-07,MI,3.8
2000-08,MI,3.9
2000-09,MI,3.9
2000-10,MI,4.0
2000-11,MI,4.0
2000-12,MI,4.2
2001-01,MI,4.4
2001-02,MI,4.5
2001-03,MI,4.7
2001-04,MI,4.8
2001-05,MI,4.8
2001-06,MI,4.9
2001-07,MI,5.0
2001-08,MI,5.2
2001-09,MI,5.5
2001-10,MI,5.8
2001-11,MI,6.0
2001-12,MI,6.2
2002-01,MI,6.3
2002-02,MI,6.3
2002-03,MI,6.3
2002-04,MI,6.3
2002-05,MI,6.3
2002-06,MI,6.2
2002-07,MI,6.1
2002-08,MI,6.0
2002-09,MI,6.0
2002-10,MI,6.0
2002-11,MI,6.2
2002-12,MI,6.3
2003-01,MI,6.6
2003-02,MI,6.8
2003-03,MI,7.0
2003-04,MI,7.2
2003-05,MI,7.3
2003-06,MI,7.4
2003-07,MI,7.5
2003-08,MI,7.4
2003-09,MI,7.3
2003-10,MI,7.1
2003-11,MI,6.9
2003-12,MI,6.8
2004-01,MI,6.7
2004-02,MI,6.7
2004-03,MI,6.7
2004-04,MI,6.8
2004-05,MI,6.8
2004-06,MI,6.9
2004-07,MI,7.0
2004-08,MI,7.0
2004-09,MI,7.1
2004-10,MI,7.2
2004-11,MI,7.2
2004-12,MI,7.2
2005-01,MI,7.2
2005-02,MI,7.1
2005-03,MI,7.0
2005-04,MI,6.9
2005-05,MI,6.8
2005-06,MI,6.7
2005-07,MI,6.6
2005-08,MI,6.5
2005-09,MI,6.5
2005-10,MI,6.5
2005-11,MI,6.6
2005-12,MI,6.7
2006-01,MI,6.7
2006-02,MI,6.7
2006-03,MI,6.7
2006-04,MI,6.8
2006-05,MI,6.8
2006-06,MI,6.8
2006-07,MI,6.9
2006-08,MI,7.0
2006-09,MI,7.0
2006-10,MI,7.0
2006-11,MI,7.0
2006-12,MI,7.0
2007-01,MI,6.9
2007-02,MI,6.9
2007-03,MI,6.9
2007-04,MI,6.9
2007-05,MI,6.9
2007-06,MI,7.0
2007-07,MI,7.1
2007-08,MI,7.2
2007-09,MI,7.2
2007-10,MI,7.3
2007-11,MI,7.3
2007-12,MI,7.2
2008-01,MI,7.2
2008-02,MI,7.2
2008-03,MI,7.3
2008-04,MI,7.4
2008-05,MI,7.7
2008-06,MI,7.9
2008-07,MI,8.2
2008-08,MI,8.4
2008-09,MI,8.7
2008-10,MI,9.1
2008-11,MI,9.6
2008-12,MI,10.1
2009-01,MI,11.0
2009-02,MI,11.9
2009-03,MI,12.7
2009-04,MI,13.3
2009-05,MI,13.8
2009-06,MI,14.3
2009-07,MI,14.3
2009-08,MI,14.2
2009-09,MI,14.2
2009-10,MI,14.1
2009-11,MI,14.0
2009-12,MI,14.0
2010-01,MI,13.9
2010-02,MI,13.8
2010-03,MI,13.7
2010-04,MI,13.4
2010-05,MI,13.2
2010-06,MI,12.9
2010-07,MI,12.9
2010-08,MI,12.5
2010-09,MI,12.2
2010-10,MI,11.8
2010-11,MI,11.5
2010-12,MI,11.1
2011-01,MI,10.8
2011-02,MI,10.6
2011-03,MI,10.2
2011-04,MI,10.2
2011-05,MI,10.3
2011-06,MI,10.3
2011-07,MI,10.3
2011-08,MI,10.2
2011-09,MI,10.0
2011-10,MI,9.8
2011-11,MI,9.6
2011-12,MI,9.4
2012-01,MI,9.2
2012-02,MI,9.1
2012-03,MI,9.1
2012-04,MI,9.1
2012-05,MI,9.1
2012-06,MI,9.1
2012-07,MI,9.1
2012-08,MI,9.0
2012-09,MI,9.0
2012-10,MI,9.0
2012-11,MI,9.0
2012-12,MI,9.0
2013-01,MI,9.0
2013-02,MI,9.0
2013-03,MI,8.9
2013-04,MI,8.9
2013-05,MI,8.8
2013-06,MI,8.8
2013-07,MI,8.8
2013-08,MI,8.8
2013-09,MI,8.7
2013-10,MI,8.5
2013-11,MI,8.4
2013-12,MI,8.2
2014-01,MI,8.1
2014-02,MI,8.0
2014-03,MI,7.8
2014-04,MI,7.7
2014-05,MI,7.5
2014-06,MI,7.4
2014-07,MI,7.2
2014-08,MI,7.0
2014-09,MI,6.8
2014-10,MI,6.6
2014-11,MI,6.4
2014-12,MI,6.2
2015-01,MI,6.0
2015-02,MI,5.9
2015-03,MI,5.8
2015-04,MI,5.7
2015-05,MI,5.6
2015-06,MI,5.5
2015-07,MI,5.4
2015-08,MI,5.2
2015-09,MI,5.1
2015-10,MI,5.0
2015-11,MI,4.9
2015-12,MI,4.9
2016-01,MI,4.9
2016-02,MI,4.9
2016-03,MI,4.9
2016-04,MI,5.0
2016-05,MI,5.0
2016-06,MI,5.0
2016-07,MI,5.0
2016-08,MI,5.0
2016-09,MI,5.0
2016-10,MI,5.1
2016-11,MI,5.1
2016-12,MI,5.0
2017-01,MI,4.9
2017-02,MI,4.7
2017-03,MI,4.5
2017-04,MI,4.4
2017-05,MI,4.3
2017-06,MI,4.4
2017-07,MI,4.5
2017-08,MI,4.6
2017-09,MI,4.7
2017-10,MI,4.7
2017-11,MI,4.7
2017-12,MI,4.6
2018-01,MI,4.5
2018-02,MI,4.4
2018-03,MI,4.3
2018-04,MI,4.2
2018-05,MI,4.1
2018-06,MI,4.0
2018-07,MI,4.0
2018-08,MI,4.0
2018-09,MI,4.0
2018-10,MI,4.1
2018-11,MI,4.2
2018-12,MI,4.2
2019-01,MI,4.2
2019-02,MI,4.2
2019-03,MI,4.2
2019-04,MI,4.2
2019-05,MI,4.2
2019-06,MI,4.2
2019-07,MI,4.1
2019-08,MI,4.1
2019-09,MI,4.0
2019-10,MI,3.9
2019-11,MI,3.8
2019-12,MI,3.8
2020-01,MI,3.8
2020-02,MI,3.8
2020-03,MI,3.7
2020-04,MI,22.7
2020-05,MI,19.3
2020-06,MI,14.5
2020-07,MI,12.5
2020-08,MI,10.0
2020-09,MI,8.9
2020-10,MI,7.7
2020-11,MI,7.1
2020-12,MI,6.9
2021-01,MI,6.5
2021-02,MI,6.3
2021-03,MI,6.1
2021-04,MI,6.1
2021-05,MI,6.1
2021-06,MI,6.1
2021-07,MI,5.9
2021-08,MI,5.7
2021-09,MI,5.3
2021-10,MI,5.0
2021-11,MI,4.7
2021-12,MI,4.5
2022-01,MI,4.4
2022-02,MI,4.4
2022-03,MI,4.3
2022-04,MI,4.2
2022-05,MI,4.1
2022-06,MI,4.1
2022-07,MI,4.0
2022-08,MI,4.0
2022-09,MI,4.0
2022-10,MI,4.1
2022-11,MI,4.1
2022-12,MI,4.1
2023-01,MI,4.0
2023-02,MI,3.9
2023-03,MI,3.8
2023-04,MI,3.7
2023-05,MI,3.7
2023-06,MI,3.8
2023-07,MI,3.9
2023-08,MI,4.0
2023-09,MI,4.0
2023-10,MI,4.0
2023-11,MI,4.0
2023-12,MI,4.0
2024-01,MI,3.9
2024-02,MI,4.0
2024-03,MI,4.2
2024-04,MI,4.4
2024-05,MI,4.5
2024-06,MI,4.7
2024-07,MI,4.8
2024-08,MI,5.0
2024-09,MI,5.1
2024-10,MI,5.1
2024-11,MI,5.2
2024-12,MI,5.3
2025-01,MI,5.3
2025-02,MI,5.3
2025-03,MI,5.3
2025-04,MI,5.2
2025-05,MI,5.1
2025-06,MI,5.0
2025-07,MI,4.9
2025-08,MI,4.9
2025-09,MI,4.9
2025-11,MI,5.0
2025-12,MI,5.0
2026-01,MI,5.0
2026-02,MI,5.0
2026-03,MI,5.0
2026-04,MI,5.0
2026-05,MI,5.1
2026-06,MI,5.0
1990-01,MN,4.5
1990-02,MN,4.6
1990-03,MN,4.5
1990-04,MN,4.5
1990-05,MN,4.6
1990-06,MN,4.6
1990-07,MN,4.7
1990-08,MN,4.8
1990-09,MN,4.9
1990-10,MN,4.9
1990-11,MN,5.0
1990-12,MN,5.1
1991-01,MN,5.1
1991-02,MN,5.2
1991-03,MN,5.2
1991-04,MN,5.2
1991-05,MN,5.2
1991-06,MN,5.1
1991-07,MN,5.1
1991-08,MN,5.0
1991-09,MN,5.0
1991-10,MN,5.0
1991-11,MN,5.0
1991-12,MN,5.0
1992-01,MN,5.0
1992-02,MN,5.0
1992-03,MN,5.0
1992-04,MN,5.1
1992-05,MN,5.1
1992-06,MN,5.1
1992-07,MN,5.1
1992-08,MN,5.1
1992-09,MN,5.1
1992-10,MN,5.1
1992-11,MN,5.1
1992-12,MN,5.1
1993-01,MN,5.1
1993-02,MN,5.1
1993-03,MN,5.2
1993-04,MN,5.2
1993-05,MN,5.1
1993-06,MN,5.1
1993-07,MN,5.0
1993-08,MN,4.9
1993-09,MN,4.8
1993-10,MN,4.7
1993-11,MN,4.7
1993-12,MN,4.6
1994-01,MN,4.5
1994-02,MN,4.4
1994-03,MN,4.3
1994-04,MN,4.1
1994-05,MN,4.0
1994-06,MN,3.9
1994-07,MN,3.9
1994-08,MN,3.9
1994-09,MN,3.9
1994-10,MN,3.9
1994-11,MN,3.8
1994-12,MN,3.8
1995-01,MN,3.7
1995-02,MN,3.7
1995-03,MN,3.7
1995-04,MN,3.7
1995-05,MN,3.7
1995-06,MN,3.6
1995-07,MN,3.6
1995-08,MN,3.6
1995-09,MN,3.6
1995-10,MN,3.6
1995-11,MN,3.7
1995-12,MN,3.7
1996-01,MN,3.8
1996-02,MN,3.9
1996-03,MN,3.9
1996-04,MN,4.0
1996-05,MN,4.0
1996-06,MN,4.0
1996-07,MN,3.9
1996-08,MN,3.9
1996-09,MN,3.8
1996-10,MN,3.7
1996-11,MN,3.7
1996-12,MN,3.6
1997-01,MN,3.5
1997-02,MN,3.5
1997-03,MN,3.4
1997-04,MN,3.3
1997-05,MN,3.3
1997-06,MN,3.3
1997-07,MN,3.2
1997-08,MN,3.2
1997-09,MN,3.1
1997-10,MN,3.0
1997-11,MN,3.0
1997-12,MN,2.9
1998-01,MN,2.8
1998-02,MN,2.8
1998-03,MN,2.7
1998-04,MN,2.7
1998-05,MN,2.6
1998-06,MN,2.6
1998-07,MN,2.6
1998-08,MN,2.6
1998-09,MN,2.7
1998-10,MN,2.7
1998-11,MN,2.7
1998-12,MN,2.6
1999-01,MN,2.6
1999-02,MN,2.5
1999-03,MN,2.6
1999-04,MN,2.7
1999-05,MN,2.8
1999-06,MN,2.8
1999-07,MN,2.9
1999-08,MN,2.9
1999-09,MN,2.9
1999-10,MN,2.8
1999-11,MN,2.9
1999-12,MN,2.9
2000-01,MN,2.9
2000-02,MN,3.0
2000-03,MN,3.0
2000-04,MN,3.0
2000-05,MN,3.0
2000-06,MN,3.0
2000-07,MN,3.1
2000-08,MN,3.2
2000-09,MN,3.2
2000-10,MN,3.3
2000-11,MN,3.3
2000-12,MN,3.3
2001-01,MN,3.4
2001-02,MN,3.4
2001-03,MN,3.5
2001-04,MN,3.5
2001-05,MN,3.6
2001-06,MN,3.6
2001-07,MN,3.7
2001-08,MN,3.8
2001-09,MN,3.9
2001-10,MN,4.1
2001-11,MN,4.2
2001-12,MN,4.4
2002-01,MN,4.5
2002-02,MN,4.5
2002-03,MN,4.6
2002-04,MN,4.6
2002-05,MN,4.5
2002-06,MN,4.4
2002-07,MN,4.4
2002-08,MN,4.3
2002-09,MN,4.3
2002-10,MN,4.3
2002-11,MN,4.3
2002-12,MN,4.3
2003-01,MN,4.4
2003-02,MN,4.5
2003-03,MN,4.6
2003-04,MN,4.7
2003-05,MN,4.8
2003-06,MN,4.8
2003-07,MN,4.9
2003-08,MN,4.9
2003-09,MN,4.9
2003-10,MN,4.9
2003-11,MN,4.9
2003-12,MN,4.8
2004-01,MN,4.8
2004-02,MN,4.7
2004-03,MN,4.7
2004-04,MN,4.7
2004-05,MN,4.7
2004-06,MN,4.7
2004-07,MN,4.7
2004-08,MN,4.7
2004-09,MN,4.6
2004-10,MN,4.5
2004-11,MN,4.4
2004-12,MN,4.3
2005-01,MN,4.3
2005-02,MN,4.2
2005-03,MN,4.2
2005-04,MN,4.1
2005-05,MN,4.1
2005-06,MN,4.0
2005-07,MN,4.0
2005-08,MN,4.0
2005-09,MN,4.0
2005-10,MN,4.1
2005-11,MN,4.1
2005-12,MN,4.2
2006-01,MN,4.1
2006-02,MN,4.1
2006-03,MN,4.0
2006-04,MN,3.9
2006-05,MN,3.9
2006-06,MN,3.9
2006-07,MN,3.9
2006-08,MN,4.0
2006-09,MN,4.1
2006-10,MN,4.2
2006-11,MN,4.3
2006-12,MN,4.3
2007-01,MN,4.4
2007-02,MN,4.4
2007-03,MN,4.4
2007-04,MN,4.5
2007-05,MN,4.5
2007-06,MN,4.6
2007-07,MN,4.6
2007-08,MN,4.7
2007-09,MN,4.8
2007-10,MN,4.8
2007-11,MN,4.8
2007-12,MN,4.7
2008-01,MN,4.7
2008-02,MN,4.7
2008-03,MN,4.8
2008-04,MN,5.0
2008-05,MN,5.1
2008-06,MN,5.3
2008-07,MN,5.5
2008-08,MN,5.6
2008-09,MN,5.8
2008-10,MN,6.0
2008-11,MN,6.3
2008-12,MN,6.6
2009-01,MN,7.0
2009-02,MN,7.4
2009-03,MN,7.7
2009-04,MN,7.8
2009-05,MN,7.9
2009-06,MN,7.9
2009-07,MN,7.9
2009-08,MN,7.8
2009-09,MN,7.8
2009-10,MN,7.8
2009-11,MN,7.7
2009-12,MN,7.7
2010-01,MN,7.7
2010-02,MN,7.6
2010-03,MN,7.6
2010-04,MN,7.4
2010-05,MN,7.3
2010-06,MN,7.3
2010-07,MN,7.2
2010-08,MN,7.3
2010-09,MN,7.3
2010-10,MN,7.3
2010-11,MN,7.3
2010-12,MN,7.1
2011-01,MN,7.0
2011-02,MN,6.9
2011-03,MN,6.8
2011-04,MN,6.8
2011-05,MN,6.8
2011-06,MN,6.7
2011-07,MN,6.7
2011-08,MN,6.6
2011-09,MN,6.4
2011-10,MN,6.2
2011-11,MN,6.1
2011-12,MN,5.9
2012-01,MN,5.8
2012-02,MN,5.8
2012-03,MN,5.7
2012-04,MN,5.7
2012-05,MN,5.7
2012-06,MN,5.7
2012-07,MN,5.7
2012-08,MN,5.7
2012-09,MN,5.6
2012-10,MN,5.6
2012-11,MN,5.5
2012-12,MN,5.4
2013-01,MN,5.4
2013-02,MN,5.3
2013-03,MN,5.2
2013-04,MN,5.2
2013-05,MN,5.1
2013-06,MN,5.1
2013-07,MN,5.0
2013-08,MN,5.0
2013-09,MN,4.9
2013-10,MN,4.8
2013-11,MN,4.8
2013-12,MN,4.7
2014-01,MN,4.7
2014-02,MN,4.6
2014-03,MN,4.6
2014-04,MN,4.5
2014-05,MN,4.4
2014-06,MN,4.2
2014-07,MN,4.1
2014-08,MN,4.1
2014-09,MN,4.0
2014-10,MN,3.9
2014-11,MN,3.9
2014-12,MN,3.9
2015-01,MN,3.8
2015-02,MN,3.8
2015-03,MN,3.8
2015-04,MN,3.8
2015-05,MN,3.8
2015-06,MN,3.8
2015-07,MN,3.8
2015-08,MN,3.7
2015-09,MN,3.7
2015-10,MN,3.7
2015-11,MN,3.7
2015-12,MN,3.7
2016-01,MN,3.7
2016-02,MN,3.7
2016-03,MN,3.8
2016-04,MN,3.8
2016-05,MN,3.8
2016-06,MN,3.9
2016-07,MN,3.9
2016-08,MN,3.9
2016-09,MN,4.0
2016-10,MN,4.0
2016-11,MN,4.0
2016-12,MN,3.9
2017-01,MN,3.8
2017-02,MN,3.7
2017-03,MN,3.6
2017-04,MN,3.5
2017-05,MN,3.5
2017-06,MN,3.4
2017-07,MN,3.4
2017-08,MN,3.4
2017-09,MN,3.3
2017-10,MN,3.3
2017-11,MN,3.2
2017-12,MN,3.2
2018-01,MN,3.1
2018-02,MN,3.1
2018-03,MN,3.0
2018-04,MN,3.0
2018-05,MN,2.9
2018-06,MN,2.9
2018-07,MN,2.9
2018-08,MN,2.9
2018-09,MN,3.0
2018-10,MN,3.1
2018-11,MN,3.2
2018-12,MN,3.2
2019-01,MN,3.3
2019-02,MN,3.3
2019-03,MN,3.3
2019-04,MN,3.2
2019-05,MN,3.2
2019-06,MN,3.2
2019-07,MN,3.2
2019-08,MN,3.3
2019-09,MN,3.3
2019-10,MN,3.3
2019-11,MN,3.3
2019-12,MN,3.4
2020-01,MN,3.4
2020-02,MN,3.5
2020-03,MN,3.6
2020-04,MN,8.9
2020-05,MN,11.1
2020-06,MN,8.9
2020-07,MN,7.8
2020-08,MN,6.7
2020-09,MN,6.2
2020-10,MN,5.5
2020-11,MN,5.1
2020-12,MN,4.8
2021-01,MN,4.6
2021-02,MN,4.4
2021-03,MN,4.2
2021-04,MN,4.1
2021-05,MN,3.9
2021-06,MN,3.8
2021-07,MN,3.6
2021-08,MN,3.5
2021-09,MN,3.3
2021-10,MN,3.1
2021-11,MN,2.9
2021-12,MN,2.8
2022-01,MN,2.6
2022-02,MN,2.4
2022-03,MN,2.3
2022-04,MN,2.2
2022-05,MN,2.2
2022-06,MN,2.2
2022-07,MN,2.3
2022-08,MN,2.4
2022-09,MN,2.5
2022-10,MN,2.6
2022-11,MN,2.6
2022-12,MN,2.7
2023-01,MN,2.7
2023-02,MN,2.8
2023-03,MN,2.8
2023-04,MN,2.8
2023-05,MN,2.8
2023-06,MN,2.8
2023-07,MN,2.8
2023-08,MN,2.8
2023-09,MN,2.8
2023-10,MN,2.8
2023-11,MN,2.8
2023-12,MN,2.8
2024-01,MN,2.8
2024-02,MN,2.9
2024-03,MN,3.0
2024-04,MN,3.0
2024-05,MN,3.1
2024-06,MN,3.2
2024-07,MN,3.2
2024-08,MN,3.3
2024-09,MN,3.3
2024-10,MN,3.2
2024-11,MN,3.3
2024-12,MN,3.3
2025-01,MN,3.4
2025-02,MN,3.5
2025-03,MN,3.6
2025-04,MN,3.6
2025-05,MN,3.7
2025-06,MN,3.8
2025-07,MN,3.8
2025-08,MN,3.9
2025-09,MN,4.1
2025-11,MN,4.2
2025-12,MN,4.2
2026-01,MN,4.4
2026-02,MN,4.5
2026-03,MN,4.5
2026-04,MN,4.5
2026-05,MN,4.4
2026-06,MN,4.4
1990-01,MS,7.5
1990-02,MS,7.4
1990-03,MS,7.3
1990-04,MS,7.3
1990-05,MS,7.2
1990-06,MS,7.3
1990-07,MS,7.3
1990-08,MS,7.5
1990-09,MS,7.7
1990-10,MS,7.9
1990-11,MS,8.0
1990-12,MS,8.2
1991-01,MS,8.4
1991-02,MS,8.5
1991-03,MS,8.6
1991-04,MS,8.7
1991-05,MS,8.7
1991-06,MS,8.6
1991-07,MS,8.4
1991-08,MS,8.3
1991-09,MS,8.1
1991-10,MS,8.1
1991-11,MS,8.0
1991-12,MS,8.1
1992-01,MS,8.1
1992-02,MS,8.1
1992-03,MS,8.2
1992-04,MS,8.2
1992-05,MS,8.2
1992-06,MS,8.2
1992-07,MS,8.2
1992-08,MS,8.1
1992-09,MS,7.9
1992-10,MS,7.7
1992-11,MS,7.5
1992-12,MS,7.3
1993-01,MS,7.2
1993-02,MS,7.1
1993-03,MS,7.0
1993-04,MS,6.9
1993-05,MS,6.8
1993-06,MS,6.7
1993-07,MS,6.6
1993-08,MS,6.6
1993-09,MS,6.5
1993-10,MS,6.5
1993-11,MS,6.5
1993-12,MS,6.5
1994-01,MS,6.5
1994-02,MS,6.5
1994-03,MS,6.5
1994-04,MS,6.4
1994-05,MS,6.3
1994-06,MS,6.3
1994-07,MS,6.2
1994-08,MS,6.2
1994-09,MS,6.2
1994-10,MS,6.1
1994-11,MS,6.1
1994-12,MS,6.0
1995-01,MS,6.0
1995-02,MS,6.0
1995-03,MS,6.0
1995-04,MS,6.1
1995-05,MS,6.2
1995-06,MS,6.3
1995-07,MS,6.3
1995-08,MS,6.3
1995-09,MS,6.3
1995-10,MS,6.3
1995-11,MS,6.2
1995-12,MS,6.2
1996-01,MS,6.2
1996-02,MS,6.2
1996-03,MS,6.2
1996-04,MS,6.2
1996-05,MS,6.1
1996-06,MS,6.0
1996-07,MS,5.9
1996-08,MS,5.8
1996-09,MS,5.8
1996-10,MS,5.8
1996-11,MS,5.8
1996-12,MS,5.9
1997-01,MS,5.9
1997-02,MS,5.8
1997-03,MS,5.8
1997-04,MS,5.7
1997-05,MS,5.7
1997-06,MS,5.7
1997-07,MS,5.7
1997-08,MS,5.8
1997-09,MS,5.7
1997-10,MS,5.7
1997-11,MS,5.6
1997-12,MS,5.5
1998-01,MS,5.4
1998-02,MS,5.3
1998-03,MS,5.3
1998-04,MS,5.3
1998-05,MS,5.3
1998-06,MS,5.2
1998-07,MS,5.2
1998-08,MS,5.2
1998-09,MS,5.2
1998-10,MS,5.2
1998-11,MS,5.1
1998-12,MS,5.0
1999-01,MS,4.9
1999-02,MS,4.9
1999-03,MS,4.9
1999-04,MS,4.9
1999-05,MS,5.0
1999-06,MS,5.0
1999-07,MS,5.1
1999-08,MS,5.2
1999-09,MS,5.2
1999-10,MS,5.3
1999-11,MS,5.3
1999-12,MS,5.4
2000-01,MS,5.4
2000-02,MS,5.5
2000-03,MS,5.5
2000-04,MS,5.5
2000-05,MS,5.5
2000-06,MS,5.5
2000-07,MS,5.4
2000-08,MS,5.3
2000-09,MS,5.2
2000-10,MS,5.1
2000-11,MS,5.0
2000-12,MS,5.0
2001-01,MS,5.0
2001-02,MS,5.0
2001-03,MS,5.0
2001-04,MS,5.0
2001-05,MS,5.1
2001-06,MS,5.2
2001-07,MS,5.3
2001-08,MS,5.5
2001-09,MS,5.7
2001-10,MS,6.0
2001-11,MS,6.2
2001-12,MS,6.4
2002-01,MS,6.5
2002-02,MS,6.5
2002-03,MS,6.5
2002-04,MS,6.5
2002-05,MS,6.4
2002-06,MS,6.4
2002-07,MS,6.3
2002-08,MS,6.3
2002-09,MS,6.3
2002-10,MS,6.3
2002-11,MS,6.4
2002-12,MS,6.4
2003-01,MS,6.4
2003-02,MS,6.4
2003-03,MS,6.4
2003-04,MS,6.4
2003-05,MS,6.4
2003-06,MS,6.3
2003-07,MS,6.2
2003-08,MS,6.1
2003-09,MS,5.9
2003-10,MS,5.8
2003-11,MS,5.7
2003-12,MS,5.7
2004-01,MS,5.7
2004-02,MS,5.7
2004-03,MS,5.8
2004-04,MS,5.9
2004-05,MS,6.0
2004-06,MS,6.1
2004-07,MS,6.2
2004-08,MS,6.3
2004-09,MS,6.4
2004-10,MS,6.5
2004-11,MS,6.6
2004-12,MS,6.8
2005-01,MS,6.9
2005-02,MS,6.9
2005-03,MS,7.0
2005-04,MS,7.0
2005-05,MS,7.1
2005-06,MS,7.2
2005-07,MS,7.2
2005-08,MS,7.2
2005-09,MS,9.9
2005-10,MS,9.1
2005-11,MS,8.7
2005-12,MS,7.6
2006-01,MS,6.9
2006-02,MS,6.6
2006-03,MS,6.3
2006-04,MS,6.3
2006-05,MS,6.3
2006-06,MS,6.3
2006-07,MS,6.3
2006-08,MS,6.3
2006-09,MS,6.3
2006-10,MS,6.3
2006-11,MS,6.3
2006-12,MS,6.4
2007-01,MS,6.4
2007-02,MS,6.4
2007-03,MS,6.3
2007-04,MS,6.2
2007-05,MS,6.2
2007-06,MS,6.1
2007-07,MS,6.0
2007-08,MS,6.0
2007-09,MS,6.0
2007-10,MS,6.0
2007-11,MS,6.0
2007-12,MS,6.0
2008-01,MS,6.0
2008-02,MS,6.1
2008-03,MS,6.2
2008-04,MS,6.3
2008-05,MS,6.5
2008-06,MS,6.7
2008-07,MS,6.8
2008-08,MS,6.9
2008-09,MS,7.0
2008-10,MS,7.1
2008-11,MS,7.4
2008-12,MS,7.6
2009-01,MS,8.0
2009-02,MS,8.3
2009-03,MS,8.6
2009-04,MS,8.9
2009-05,MS,9.0
2009-06,MS,9.1
2009-07,MS,9.3
2009-08,MS,9.5
2009-09,MS,9.7
2009-10,MS,9.9
2009-11,MS,10.2
2009-12,MS,10.4
2010-01,MS,10.5
2010-02,MS,10.5
2010-03,MS,10.5
2010-04,MS,10.4
2010-05,MS,10.3
2010-06,MS,10.0
2010-07,MS,9.9
2010-08,MS,9.8
2010-09,MS,9.9
2010-10,MS,9.9
2010-11,MS,9.9
2010-12,MS,9.9
2011-01,MS,9.9
2011-02,MS,9.9
2011-03,MS,9.9
2011-04,MS,9.9
2011-05,MS,9.9
2011-06,MS,10.0
2011-07,MS,10.0
2011-08,MS,9.9
2011-09,MS,9.8
2011-10,MS,9.6
2011-11,MS,9.5
2011-12,MS,9.3
2012-01,MS,9.1
2012-02,MS,9.0
2012-03,MS,8.9
2012-04,MS,8.9
2012-05,MS,8.9
2012-06,MS,8.9
2012-07,MS,8.8
2012-08,MS,8.8
2012-09,MS,8.7
2012-10,MS,8.7
2012-11,MS,8.6
2012-12,MS,8.6
2013-01,MS,8.7
2013-02,MS,8.7
2013-03,MS,8.7
2013-04,MS,8.7
2013-05,MS,8.6
2013-06,MS,8.5
2013-07,MS,8.5
2013-08,MS,8.5
2013-09,MS,8.4
2013-10,MS,8.3
2013-11,MS,8.2
2013-12,MS,8.1
2014-01,MS,8.1
2014-02,MS,8.0
2014-03,MS,8.0
2014-04,MS,7.9
2014-05,MS,7.8
2014-06,MS,7.7
2014-07,MS,7.6
2014-08,MS,7.5
2014-09,MS,7.4
2014-10,MS,7.2
2014-11,MS,7.1
2014-12,MS,6.9
2015-01,MS,6.8
2015-02,MS,6.7
2015-03,MS,6.6
2015-04,MS,6.6
2015-05,MS,6.5
2015-06,MS,6.4
2015-07,MS,6.3
2015-08,MS,6.3
2015-09,MS,6.3
2015-10,MS,6.3
2015-11,MS,6.3
2015-12,MS,6.3
2016-01,MS,6.3
2016-02,MS,6.2
2016-03,MS,6.1
2016-04,MS,6.0
2016-05,MS,6.0
2016-06,MS,6.0
2016-07,MS,6.0
2016-08,MS,6.0
2016-09,MS,5.9
2016-10,MS,5.9
2016-11,MS,5.8
2016-12,MS,5.7
2017-01,MS,5.6
2017-02,MS,5.5
2017-03,MS,5.4
2017-04,MS,5.4
2017-05,MS,5.3
2017-06,MS,5.2
2017-07,MS,5.2
2017-08,MS,5.1
2017-09,MS,5.0
2017-10,MS,5.0
2017-11,MS,4.9
2017-12,MS,4.9
2018-01,MS,4.9
2018-02,MS,4.9
2018-03,MS,4.9
2018-04,MS,4.9
2018-05,MS,4.9
2018-06,MS,4.8
2018-07,MS,4.8
2018-08,MS,4.8
2018-09,MS,4.9
2018-10,MS,5.0
2018-11,MS,5.2
2018-12,MS,5.3
2019-01,MS,5.4
2019-02,MS,5.4
2019-03,MS,5.4
2019-04,MS,5.4
2019-05,MS,5.4
2019-06,MS,5.5
2019-07,MS,5.6
2019-08,MS,5.6
2019-09,MS,5.6
2019-10,MS,5.6
2019-11,MS,5.5
2019-12,MS,5.5
2020-01,MS,5.6
2020-02,MS,5.7
2020-03,MS,5.9
2020-04,MS,15.6
2020-05,MS,11.2
2020-06,MS,9.4
2020-07,MS,8.3
2020-08,MS,7.4
2020-09,MS,7.1
2020-10,MS,6.7
2020-11,MS,6.6
2020-12,MS,6.5
2021-01,MS,6.4
2021-02,MS,6.3
2021-03,MS,6.2
2021-04,MS,6.1
2021-05,MS,5.9
2021-06,MS,5.7
2021-07,MS,5.5
2021-08,MS,5.1
2021-09,MS,4.8
2021-10,MS,4.5
2021-11,MS,4.3
2021-12,MS,4.1
2022-01,MS,4.0
2022-02,MS,3.9
2022-03,MS,3.8
2022-04,MS,3.8
2022-05,MS,3.7
2022-06,MS,3.7
2022-07,MS,3.7
2022-08,MS,3.7
2022-09,MS,3.7
2022-10,MS,3.7
2022-11,MS,3.6
2022-12,MS,3.5
2023-01,MS,3.4
2023-02,MS,3.3
2023-03,MS,3.2
2023-04,MS,3.1
2023-05,MS,3.1
2023-06,MS,3.1
2023-07,MS,3.1
2023-08,MS,3.1
2023-09,MS,3.1
2023-10,MS,3.0
2023-11,MS,3.0
2023-12,MS,2.9
2024-01,MS,2.8
2024-02,MS,2.8
2024-03,MS,2.8
2024-04,MS,2.8
2024-05,MS,2.9
2024-06,MS,3.0
2024-07,MS,3.2
2024-08,MS,3.3
2024-09,MS,3.4
2024-10,MS,3.6
2024-11,MS,3.7
2024-12,MS,3.8
2025-01,MS,3.9
2025-02,MS,3.9
2025-03,MS,3.9
2025-04,MS,3.9
2025-05,MS,3.9
2025-06,MS,3.8
2025-07,MS,3.8
2025-08,MS,3.7
2025-09,MS,3.7
2025-11,MS,3.7
2025-12,MS,3.7
2026-01,MS,3.6
2026-02,MS,3.7
2026-03,MS,3.8
2026-04,MS,3.8
2026-05,MS,3.8
2026-06,MS,3.8
1990-01,MO,5.6
1990-02,MO,5.6
1990-03,MO,5.5
1990-04,MO,5.5
1990-05,MO,5.5
1990-06,MO,5.6
1990-07,MO,5.7
1990-08,MO,6.0
1990-09,MO,6.2
1990-10,MO,6.4
1990-11,MO,6.6
1990-12,MO,6.7
1991-01,MO,6.8
1991-02,MO,6.8
1991-03,MO,6.9
1991-04,MO,6.8
1991-05,MO,6.8
1991-06,MO,6.7
1991-07,MO,6.5
1991-08,MO,6.4
1991-09,MO,6.3
1991-10,MO,6.3
1991-11,MO,6.2
1991-12,MO,6.2
1992-01,MO,6.2
1992-02,MO,6.2
1992-03,MO,6.2
1992-04,MO,6.2
1992-05,MO,6.2
1992-06,MO,6.2
1992-07,MO,6.2
1992-08,MO,6.1
1992-09,MO,6.0
1992-10,MO,6.0
1992-11,MO,6.0
1992-12,MO,6.0
1993-01,MO,6.1
1993-02,MO,6.2
1993-03,MO,6.3
1993-04,MO,6.3
1993-05,MO,6.3
1993-06,MO,6.3
1993-07,MO,6.3
1993-08,MO,6.2
1993-09,MO,6.1
1993-10,MO,6.0
1993-11,MO,5.9
1993-12,MO,5.8
1994-01,MO,5.7
1994-02,MO,5.5
1994-03,MO,5.3
1994-04,MO,5.2
1994-05,MO,5.0
1994-06,MO,5.0
1994-07,MO,4.9
1994-08,MO,4.9
1994-09,MO,4.9
1994-10,MO,5.0
1994-11,MO,4.9
1994-12,MO,4.9
1995-01,MO,4.9
1995-02,MO,5.0
1995-03,MO,5.0
1995-04,MO,5.0
1995-05,MO,5.0
1995-06,MO,5.0
1995-07,MO,4.9
1995-08,MO,4.8
1995-09,MO,4.7
1995-10,MO,4.6
1995-11,MO,4.5
1995-12,MO,4.5
1996-01,MO,4.5
1996-02,MO,4.6
1996-03,MO,4.7
1996-04,MO,4.7
1996-05,MO,4.8
1996-06,MO,4.8
1996-07,MO,4.8
1996-08,MO,4.7
1996-09,MO,4.8
1996-10,MO,4.8
1996-11,MO,4.8
1996-12,MO,4.8
1997-01,MO,4.8
1997-02,MO,4.6
1997-03,MO,4.5
1997-04,MO,4.3
1997-05,MO,4.2
1997-06,MO,4.2
1997-07,MO,4.2
1997-08,MO,4.3
1997-09,MO,4.3
1997-10,MO,4.3
1997-11,MO,4.4
1997-12,MO,4.4
1998-01,MO,4.4
1998-02,MO,4.4
1998-03,MO,4.4
1998-04,MO,4.3
1998-05,MO,4.3
1998-06,MO,4.2
1998-07,MO,4.1
1998-08,MO,4.0
1998-09,MO,3.9
1998-10,MO,3.7
1998-11,MO,3.6
1998-12,MO,3.4
1999-01,MO,3.3
1999-02,MO,3.2
1999-03,MO,3.3
1999-04,MO,3.3
1999-05,MO,3.4
1999-06,MO,3.4
1999-07,MO,3.4
1999-08,MO,3.3
1999-09,MO,3.2
1999-10,MO,3.1
1999-11,MO,3.0
1999-12,MO,3.0
2000-01,MO,3.0
2000-02,MO,3.0
2000-03,MO,3.1
2000-04,MO,3.1
2000-05,MO,3.1
2000-06,MO,3.2
2000-07,MO,3.3
2000-08,MO,3.5
2000-09,MO,3.6
2000-10,MO,3.8
2000-11,MO,3.9
2000-12,MO,4.1
2001-01,MO,4.2
2001-02,MO,4.2
2001-03,MO,4.3
2001-04,MO,4.3
2001-05,MO,4.3
2001-06,MO,4.3
2001-07,MO,4.4
2001-08,MO,4.5
2001-09,MO,4.7
2001-10,MO,4.9
2001-11,MO,5.0
2001-12,MO,5.2
2002-01,MO,5.3
2002-02,MO,5.3
2002-03,MO,5.4
2002-04,MO,5.4
2002-05,MO,5.4
2002-06,MO,5.3
2002-07,MO,5.3
2002-08,MO,5.3
2002-09,MO,5.3
2002-10,MO,5.3
2002-11,MO,5.3
2002-12,MO,5.3
2003-01,MO,5.4
2003-02,MO,5.5
2003-03,MO,5.6
2003-04,MO,5.7
2003-05,MO,5.8
2003-06,MO,5.9
2003-07,MO,5.9
2003-08,MO,5.9
2003-09,MO,5.8
2003-10,MO,5.7
2003-11,MO,5.6
2003-12,MO,5.5
2004-01,MO,5.5
2004-02,MO,5.6
2004-03,MO,5.6
2004-04,MO,5.7
2004-05,MO,5.8
2004-06,MO,5.9
2004-07,MO,6.0
2004-08,MO,6.0
2004-09,MO,6.0
2004-10,MO,6.0
2004-11,MO,6.0
2004-12,MO,6.0
2005-01,MO,6.0
2005-02,MO,5.9
2005-03,MO,5.8
2005-04,MO,5.7
2005-05,MO,5.5
2005-06,MO,5.4
2005-07,MO,5.2
2005-08,MO,5.2
2005-09,MO,5.1
2005-10,MO,5.1
2005-11,MO,5.1
2005-12,MO,5.0
2006-01,MO,5.0
2006-02,MO,4.9
2006-03,MO,4.8
2006-04,MO,4.8
2006-05,MO,4.8
2006-06,MO,4.8
2006-07,MO,4.9
2006-08,MO,4.9
2006-09,MO,5.0
2006-10,MO,5.0
2006-11,MO,4.9
2006-12,MO,4.9
2007-01,MO,4.8
2007-02,MO,4.8
2007-03,MO,4.8
2007-04,MO,4.9
2007-05,MO,4.9
2007-06,MO,5.0
2007-07,MO,5.1
2007-08,MO,5.2
2007-09,MO,5.3
2007-10,MO,5.4
2007-11,MO,5.4
2007-12,MO,5.4
2008-01,MO,5.4
2008-02,MO,5.4
2008-03,MO,5.4
2008-04,MO,5.6
2008-05,MO,5.7
2008-06,MO,5.9
2008-07,MO,6.1
2008-08,MO,6.3
2008-09,MO,6.5
2008-10,MO,6.8
2008-11,MO,7.2
2008-12,MO,7.6
2009-01,MO,8.0
2009-02,MO,8.4
2009-03,MO,8.7
2009-04,MO,9.0
2009-05,MO,9.1
2009-06,MO,9.3
2009-07,MO,9.3
2009-08,MO,9.4
2009-09,MO,9.4
2009-10,MO,9.4
2009-11,MO,9.5
2009-12,MO,9.6
2010-01,MO,9.6
2010-02,MO,9.6
2010-03,MO,9.6
2010-04,MO,9.5
2010-05,MO,9.4
2010-06,MO,9.3
2010-07,MO,9.3
2010-08,MO,9.3
2010-09,MO,9.3
2010-10,MO,9.4
2010-11,MO,9.4
2010-12,MO,9.3
2011-01,MO,9.2
2011-02,MO,9.1
2011-03,MO,8.9
2011-04,MO,8.8
2011-05,MO,8.8
2011-06,MO,8.7
2011-07,MO,8.6
2011-08,MO,8.5
2011-09,MO,8.4
2011-10,MO,8.2
2011-11,MO,8.0
2011-12,MO,7.7
2012-01,MO,7.5
2012-02,MO,7.4
2012-03,MO,7.3
2012-04,MO,7.2
2012-05,MO,7.2
2012-06,MO,7.1
2012-07,MO,7.1
2012-08,MO,7.0
2012-09,MO,7.0
2012-10,MO,7.0
2012-11,MO,7.0
2012-12,MO,6.9
2013-01,MO,6.9
2013-02,MO,6.9
2013-03,MO,6.9
2013-04,MO,6.8
2013-05,MO,6.8
2013-06,MO,6.8
2013-07,MO,6.8
2013-08,MO,6.7
2013-09,MO,6.7
2013-10,MO,6.6
2013-11,MO,6.6
2013-12,MO,6.6
2014-01,MO,6.6
2014-02,MO,6.6
2014-03,MO,6.6
2014-04,MO,6.5
2014-05,MO,6.3
2014-06,MO,6.2
2014-07,MO,6.1
2014-08,MO,6.0
2014-09,MO,5.9
2014-10,MO,5.8
2014-11,MO,5.7
2014-12,MO,5.7
2015-01,MO,5.6
2015-02,MO,5.6
2015-03,MO,5.5
2015-04,MO,5.5
2015-05,MO,5.3
2015-06,MO,5.2
2015-07,MO,5.0
2015-08,MO,4.9
2015-09,MO,4.8
2015-10,MO,4.7
2015-11,MO,4.6
2015-12,MO,4.5
2016-01,MO,4.5
2016-02,MO,4.5
2016-03,MO,4.5
2016-04,MO,4.5
2016-05,MO,4.6
2016-06,MO,4.7
2016-07,MO,4.7
2016-08,MO,4.7
2016-09,MO,4.7
2016-10,MO,4.6
2016-11,MO,4.5
2016-12,MO,4.4
2017-01,MO,4.2
2017-02,MO,4.1
2017-03,MO,4.0
2017-04,MO,3.9
2017-05,MO,3.8
2017-06,MO,3.7
2017-07,MO,3.7
2017-08,MO,3.7
2017-09,MO,3.6
2017-10,MO,3.6
2017-11,MO,3.6
2017-12,MO,3.6
2018-01,MO,3.5
2018-02,MO,3.5
2018-03,MO,3.4
2018-04,MO,3.3
2018-05,MO,3.2
2018-06,MO,3.1
2018-07,MO,3.1
2018-08,MO,3.1
2018-09,MO,3.1
2018-10,MO,3.1
2018-11,MO,3.2
2018-12,MO,3.2
2019-01,MO,3.3
2019-02,MO,3.3
2019-03,MO,3.2
2019-04,MO,3.1
2019-05,MO,3.1
2019-06,MO,3.1
2019-07,MO,3.1
2019-08,MO,3.2
2019-09,MO,3.3
2019-10,MO,3.3
2019-11,MO,3.4
2019-12,MO,3.4
2020-01,MO,3.4
2020-02,MO,3.4
2020-03,MO,3.6
2020-04,MO,11.6
2020-05,MO,9.6
2020-06,MO,8.0
2020-07,MO,7.2
2020-08,MO,6.4
2020-09,MO,5.9
2020-10,MO,5.4
2020-11,MO,5.1
2020-12,MO,5.0
2021-01,MO,4.8
2021-02,MO,4.8
2021-03,MO,4.7
2021-04,MO,4.6
2021-05,MO,4.4
2021-06,MO,4.3
2021-07,MO,4.1
2021-08,MO,3.9
2021-09,MO,3.7
2021-10,MO,3.5
2021-11,MO,3.4
2021-12,MO,3.2
2022-01,MO,3.0
2022-02,MO,2.8
2022-03,MO,2.6
2022-04,MO,2.4
2022-05,MO,2.4
2022-06,MO,2.4
2022-07,MO,2.4
2022-08,MO,2.5
2022-09,MO,2.7
2022-10,MO,2.8
2022-11,MO,2.8
2022-12,MO,2.8
2023-01,MO,2.8
2023-02,MO,2.8
2023-03,MO,2.9
2023-04,MO,2.9
2023-05,MO,3.0
2023-06,MO,3.1
2023-07,MO,3.2
2023-08,MO,3.2
2023-09,MO,3.3
2023-10,MO,3.4
2023-11,MO,3.4
2023-12,MO,3.4
2024-01,MO,3.5
2024-02,MO,3.5
2024-03,MO,3.6
2024-04,MO,3.7
2024-05,MO,3.7
2024-06,MO,3.8
2024-07,MO,3.8
2024-08,MO,3.8
2024-09,MO,3.7
2024-10,MO,3.7
2024-11,MO,3.8
2024-12,MO,3.8
2025-01,MO,3.9
2025-02,MO,4.0
2025-03,MO,4.0
2025-04,MO,4.0
2025-05,MO,4.0
2025-06,MO,4.0
2025-07,MO,4.0
2025-08,MO,4.0
2025-09,MO,3.9
2025-11,MO,3.9
2025-12,MO,3.9
2026-01,MO,3.9
2026-02,MO,3.9
2026-03,MO,3.9
2026-04,MO,3.8
2026-05,MO,3.8
2026-06,MO,3.7
1990-01,MT,5.7
1990-02,MT,5.7
1990-03,MT,5.6
1990-04,MT,5.7
1990-05,MT,5.8
1990-06,MT,5.9
1990-07,MT,6.0
1990-08,MT,6.2
1990-09,MT,6.3
1990-10,MT,6.5
1990-11,MT,6.6
1990-12,MT,6.8
1991-01,MT,7.0
1991-02,MT,7.1
1991-03,MT,7.1
1991-04,MT,7.1
1991-05,MT,7.0
1991-06,MT,6.9
1991-07,MT,6.8
1991-08,MT,6.8
1991-09,MT,6.8
1991-10,MT,6.8
1991-11,MT,6.9
1991-12,MT,6.9
1992-01,MT,6.9
1992-02,MT,6.9
1992-03,MT,6.8
1992-04,MT,6.8
1992-05,MT,6.8
1992-06,MT,6.8
1992-07,MT,6.7
1992-08,MT,6.7
1992-09,MT,6.7
1992-10,MT,6.6
1992-11,MT,6.5
1992-12,MT,6.5
1993-01,MT,6.4
1993-02,MT,6.3
1993-03,MT,6.3
1993-04,MT,6.3
1993-05,MT,6.2
1993-06,MT,6.2
1993-07,MT,6.2
1993-08,MT,6.1
1993-09,MT,6.0
1993-10,MT,5.9
1993-11,MT,5.8
1993-12,MT,5.7
1994-01,MT,5.7
1994-02,MT,5.6
1994-03,MT,5.5
1994-04,MT,5.5
1994-05,MT,5.4
1994-06,MT,5.4
1994-07,MT,5.4
1994-08,MT,5.4
1994-09,MT,5.5
1994-10,MT,5.5
1994-11,MT,5.5
1994-12,MT,5.5
1995-01,MT,5.5
1995-02,MT,5.5
1995-03,MT,5.6
1995-04,MT,5.6
1995-05,MT,5.7
1995-06,MT,5.8
1995-07,MT,5.8
1995-08,MT,5.8
1995-09,MT,5.8
1995-10,MT,5.8
1995-11,MT,5.8
1995-12,MT,5.8
1996-01,MT,5.8
1996-02,MT,5.7
1996-03,MT,5.7
1996-04,MT,5.6
1996-05,MT,5.6
1996-06,MT,5.5
1996-07,MT,5.5
1996-08,MT,5.4
1996-09,MT,5.4
1996-10,MT,5.4
1996-11,MT,5.4
1996-12,MT,5.4
1997-01,MT,5.5
1997-02,MT,5.5
1997-03,MT,5.5
1997-04,MT,5.5
1997-05,MT,5.5
1997-06,MT,5.5
1997-07,MT,5.5
1997-08,MT,5.4
1997-09,MT,5.4
1997-10,MT,5.4
1997-11,MT,5.5
1997-12,MT,5.5
1998-01,MT,5.6
1998-02,MT,5.6
1998-03,MT,5.6
1998-04,MT,5.6
1998-05,MT,5.6
1998-06,MT,5.6
1998-07,MT,5.6
1998-08,MT,5.6
1998-09,MT,5.6
1998-10,MT,5.6
1998-11,MT,5.6
1998-12,MT,5.5
1999-01,MT,5.5
1999-02,MT,5.4
1999-03,MT,5.4
1999-04,MT,5.4
1999-05,MT,5.4
1999-06,MT,5.4
1999-07,MT,5.3
1999-08,MT,5.3
1999-09,MT,5.2
1999-10,MT,5.2
1999-11,MT,5.1
1999-12,MT,5.0
2000-01,MT,5.0
2000-02,MT,4.9
2000-03,MT,4.9
2000-04,MT,4.9
2000-05,MT,4.9
2000-06,MT,4.9
2000-07,MT,4.9
2000-08,MT,4.8
2000-09,MT,4.8
2000-10,MT,4.7
2000-11,MT,4.7
2000-12,MT,4.6
2001-01,MT,4.6
2001-02,MT,4.6
2001-03,MT,4.6
2001-04,MT,4.6
2001-05,MT,4.6
2001-06,MT,4.5
2001-07,MT,4.6
2001-08,MT,4.6
2001-09,MT,4.6
2001-10,MT,4.7
2001-11,MT,4.7
2001-12,MT,4.7
2002-01,MT,4.8
2002-02,MT,4.8
2002-03,MT,4.7
2002-04,MT,4.7
2002-05,MT,4.6
2002-06,MT,4.5
2002-07,MT,4.5
2002-08,MT,4.4
2002-09,MT,4.4
2002-10,MT,4.4
2002-11,MT,4.5
2002-12,MT,4.5
2003-01,MT,4.6
2003-02,MT,4.6
2003-03,MT,4.6
2003-04,MT,4.7
2003-05,MT,4.7
2003-06,MT,4.8
2003-07,MT,4.8
2003-08,MT,4.8
2003-09,MT,4.8
2003-10,MT,4.8
2003-11,MT,4.8
2003-12,MT,4.8
2004-01,MT,4.7
2004-02,MT,4.7
2004-03,MT,4.7
2004-04,MT,4.6
2004-05,MT,4.6
2004-06,MT,4.6
2004-07,MT,4.5
2004-08,MT,4.5
2004-09,MT,4.4
2004-10,MT,4.4
2004-11,MT,4.4
2004-12,MT,4.4
2005-01,MT,4.3
2005-02,MT,4.3
2005-03,MT,4.3
2005-04,MT,4.2
2005-05,MT,4.2
2005-06,MT,4.1
2005-07,MT,4.1
2005-08,MT,4.1
2005-09,MT,4.0
2005-10,MT,3.9
2005-11,MT,3.8
2005-12,MT,3.7
2006-01,MT,3.6
2006-02,MT,3.5
2006-03,MT,3.5
2006-04,MT,3.5
2006-05,MT,3.5
2006-06,MT,3.4
2006-07,MT,3.4
2006-08,MT,3.4
2006-09,MT,3.3
2006-10,MT,3.2
2006-11,MT,3.1
2006-12,MT,3.0
2007-01,MT,2.9
2007-02,MT,2.9
2007-03,MT,2.9
2007-04,MT,3.0
2007-05,MT,3.2
2007-06,MT,3.4
2007-07,MT,3.5
2007-08,MT,3.7
2007-09,MT,3.8
2007-10,MT,3.8
2007-11,MT,3.8
2007-12,MT,3.8
2008-01,MT,3.8
2008-02,MT,3.9
2008-03,MT,4.0
2008-04,MT,4.1
2008-05,MT,4.3
2008-06,MT,4.5
2008-07,MT,4.7
2008-08,MT,4.9
2008-09,MT,5.1
2008-10,MT,5.4
2008-11,MT,5.8
2008-12,MT,6.2
2009-01,MT,6.5
2009-02,MT,6.9
2009-03,MT,7.1
2009-04,MT,7.2
2009-05,MT,7.2
2009-06,MT,7.2
2009-07,MT,7.1
2009-08,MT,7.1
2009-09,MT,7.1
2009-10,MT,7.2
2009-11,MT,7.3
2009-12,MT,7.3
2010-01,MT,7.4
2010-02,MT,7.4
2010-03,MT,7.4
2010-04,MT,7.3
2010-05,MT,7.2
2010-06,MT,7.1
2010-07,MT,7.0
2010-08,MT,7.0
2010-09,MT,7.0
2010-10,MT,7.0
2010-11,MT,7.0
2010-12,MT,7.0
2011-01,MT,7.0
2011-02,MT,6.9
2011-03,MT,6.8
2011-04,MT,6.7
2011-05,MT,6.7
2011-06,MT,6.7
2011-07,MT,6.7
2011-08,MT,6.6
2011-09,MT,6.6
2011-10,MT,6.4
2011-11,MT,6.3
2011-12,MT,6.1
2012-01,MT,6.0
2012-02,MT,5.9
2012-03,MT,5.9
2012-04,MT,5.9
2012-05,MT,5.9
2012-06,MT,5.9
2012-07,MT,5.8
2012-08,MT,5.8
2012-09,MT,5.7
2012-10,MT,5.6
2012-11,MT,5.5
2012-12,MT,5.5
2013-01,MT,5.5
2013-02,MT,5.4
2013-03,MT,5.4
2013-04,MT,5.4
2013-05,MT,5.4
2013-06,MT,5.4
2013-07,MT,5.3
2013-08,MT,5.3
2013-09,MT,5.2
2013-10,MT,5.2
2013-11,MT,5.1
2013-12,MT,5.0
2014-01,MT,4.9
2014-02,MT,4.9
2014-03,MT,4.8
2014-04,MT,4.7
2014-05,MT,4.7
2014-06,MT,4.6
2014-07,MT,4.6
2014-08,MT,4.6
2014-09,MT,4.6
2014-10,MT,4.5
2014-11,MT,4.4
2014-12,MT,4.4
2015-01,MT,4.3
2015-02,MT,4.3
2015-03,MT,4.2
2015-04,MT,4.2
2015-05,MT,4.2
2015-06,MT,4.2
2015-07,MT,4.2
2015-08,MT,4.2
2015-09,MT,4.2
2015-10,MT,4.3
2015-11,MT,4.3
2015-12,MT,4.3
2016-01,MT,4.3
2016-02,MT,4.3
2016-03,MT,4.3
2016-04,MT,4.3
2016-05,MT,4.3
2016-06,MT,4.3
2016-07,MT,4.3
2016-08,MT,4.3
2016-09,MT,4.2
2016-10,MT,4.2
2016-11,MT,4.2
2016-12,MT,4.2
2017-01,MT,4.2
2017-02,MT,4.1
2017-03,MT,4.1
2017-04,MT,4.1
2017-05,MT,4.1
2017-06,MT,4.1
2017-07,MT,4.1
2017-08,MT,4.1
2017-09,MT,4.1
2017-10,MT,4.1
2017-11,MT,4.1
2017-12,MT,4.0
2018-01,MT,3.9
2018-02,MT,3.9
2018-03,MT,3.8
2018-04,MT,3.8
2018-05,MT,3.7
2018-06,MT,3.7
2018-07,MT,3.7
2018-08,MT,3.6
2018-09,MT,3.6
2018-10,MT,3.7
2018-11,MT,3.7
2018-12,MT,3.6
2019-01,MT,3.6
2019-02,MT,3.6
2019-03,MT,3.5
2019-04,MT,3.5
2019-05,MT,3.4
2019-06,MT,3.4
2019-07,MT,3.5
2019-08,MT,3.5
2019-09,MT,3.5
2019-10,MT,3.5
2019-11,MT,3.5
2019-12,MT,3.5
2020-01,MT,3.5
2020-02,MT,3.5
2020-03,MT,3.5
2020-04,MT,11.9
2020-05,MT,9.2
2020-06,MT,7.7
2020-07,MT,6.7
2020-08,MT,5.6
2020-09,MT,5.2
2020-10,MT,4.6
2020-11,MT,4.3
2020-12,MT,4.2
2021-01,MT,4.0
2021-02,MT,3.9
2021-03,MT,3.8
2021-04,MT,3.7
2021-05,MT,3.6
2021-06,MT,3.5
2021-07,MT,3.4
2021-08,MT,3.2
2021-09,MT,3.1
2021-10,MT,2.9
2021-11,MT,2.8
2021-12,MT,2.7
2022-01,MT,2.7
2022-02,MT,2.7
2022-03,MT,2.7
2022-04,MT,2.7
2022-05,MT,2.7
2022-06,MT,2.7
2022-07,MT,2.7
2022-08,MT,2.7
2022-09,MT,2.7
2022-10,MT,2.6
2022-11,MT,2.5
2022-12,MT,2.5
2023-01,MT,2.5
2023-02,MT,2.5
2023-03,MT,2.5
2023-04,MT,2.5
2023-05,MT,2.6
2023-06,MT,2.6
2023-07,MT,2.7
2023-08,MT,2.8
2023-09,MT,2.9
2023-10,MT,3.0
2023-11,MT,3.1
2023-12,MT,3.1
2024-01,MT,3.1
2024-02,MT,3.1
2024-03,MT,3.0
2024-04,MT,3.0
2024-05,MT,3.0
2024-06,MT,3.1
2024-07,MT,3.0
2024-08,MT,3.0
2024-09,MT,3.0
2024-10,MT,2.9
2024-11,MT,2.9
2024-12,MT,2.9
2025-01,MT,2.9
2025-02,MT,3.0
2025-03,MT,3.1
2025-04,MT,3.1
2025-05,MT,3.2
2025-06,MT,3.2
2025-07,MT,3.3
2025-08,MT,3.4
2025-09,MT,3.5
2025-11,MT,3.6
2025-12,MT,3.6
2026-01,MT,3.6
2026-02,MT,3.6
2026-03,MT,3.6
2026-04,MT,3.5
2026-05,MT,3.4
2026-06,MT,3.3
1990-01,NE,2.6
1990-02,NE,2.5
1990-03,NE,2.4
1990-04,NE,2.3
1990-05,NE,2.3
1990-06,NE,2.3
1990-07,NE,2.3
1990-08,NE,2.3
1990-09,NE,2.3
1990-10,NE,2.4
1990-11,NE,2.4
1990-12,NE,2.4
1991-01,NE,2.5
1991-02,NE,2.5
1991-03,NE,2.6
1991-04,NE,2.6
1991-05,NE,2.6
1991-06,NE,2.6
1991-07,NE,2.6
1991-08,NE,2.7
1991-09,NE,2.7
1991-10,NE,2.7
1991-11,NE,2.7
1991-12,NE,2.7
1992-01,NE,2.7
1992-02,NE,2.8
1992-03,NE,2.8
1992-04,NE,2.8
1992-05,NE,2.8
1992-06,NE,2.9
1992-07,NE,2.9
1992-08,NE,2.9
1992-09,NE,2.8
1992-10,NE,2.8
1992-11,NE,2.8
1992-12,NE,2.8
1993-01,NE,2.9
1993-02,NE,2.9
1993-03,NE,2.9
1993-04,NE,2.9
1993-05,NE,2.8
1993-06,NE,2.8
1993-07,NE,2.7
1993-08,NE,2.7
1993-09,NE,2.6
1993-10,NE,2.6
1993-11,NE,2.7
1993-12,NE,2.7
1994-01,NE,2.7
1994-02,NE,2.7
1994-03,NE,2.7
1994-04,NE,2.7
1994-05,NE,2.6
1994-06,NE,2.6
1994-07,NE,2.6
1994-08,NE,2.6
1994-09,NE,2.6
1994-10,NE,2.6
1994-11,NE,2.6
1994-12,NE,2.6
1995-01,NE,2.5
1995-02,NE,2.5
1995-03,NE,2.5
1995-04,NE,2.6
1995-05,NE,2.6
1995-06,NE,2.7
1995-07,NE,2.7
1995-08,NE,2.7
1995-09,NE,2.7
1995-10,NE,2.7
1995-11,NE,2.7
1995-12,NE,2.7
1996-01,NE,2.7
1996-02,NE,2.8
1996-03,NE,2.8
1996-04,NE,2.8
1996-05,NE,2.8
1996-06,NE,2.7
1996-07,NE,2.7
1996-08,NE,2.7
1996-09,NE,2.6
1996-10,NE,2.6
1996-11,NE,2.6
1996-12,NE,2.6
1997-01,NE,2.6
1997-02,NE,2.5
1997-03,NE,2.5
1997-04,NE,2.4
1997-05,NE,2.4
1997-06,NE,2.4
1997-07,NE,2.4
1997-08,NE,2.4
1997-09,NE,2.4
1997-10,NE,2.3
1997-11,NE,2.3
1997-12,NE,2.3
1998-01,NE,2.3
1998-02,NE,2.3
1998-03,NE,2.4
1998-04,NE,2.4
1998-05,NE,2.4
1998-06,NE,2.5
1998-07,NE,2.5
1998-08,NE,2.6
1998-09,NE,2.7
1998-10,NE,2.7
1998-11,NE,2.7
1998-12,NE,2.7
1999-01,NE,2.7
1999-02,NE,2.7
1999-03,NE,2.7
1999-04,NE,2.7
1999-05,NE,2.8
1999-06,NE,2.8
1999-07,NE,2.8
1999-08,NE,2.8
1999-09,NE,2.8
1999-10,NE,2.8
1999-11,NE,2.8
1999-12,NE,2.8
2000-01,NE,2.8
2000-02,NE,2.8
2000-03,NE,2.8
2000-04,NE,2.8
2000-05,NE,2.8
2000-06,NE,2.8
2000-07,NE,2.8
2000-08,NE,2.8
2000-09,NE,2.9
2000-10,NE,2.9
2000-11,NE,2.9
2000-12,NE,2.9
2001-01,NE,2.9
2001-02,NE,2.9
2001-03,NE,3.0
2001-04,NE,3.0
2001-05,NE,3.0
2001-06,NE,3.0
2001-07,NE,3.1
2001-08,NE,3.2
2001-09,NE,3.3
2001-10,NE,3.4
2001-11,NE,3.5
2001-12,NE,3.6
2002-01,NE,3.7
2002-02,NE,3.7
2002-03,NE,3.7
2002-04,NE,3.7
2002-05,NE,3.7
2002-06,NE,3.7
2002-07,NE,3.6
2002-08,NE,3.6
2002-09,NE,3.6
2002-10,NE,3.6
2002-11,NE,3.6
2002-12,NE,3.7
2003-01,NE,3.7
2003-02,NE,3.8
2003-03,NE,3.9
2003-04,NE,3.9
2003-05,NE,4.0
2003-06,NE,4.0
2003-07,NE,4.1
2003-08,NE,4.0
2003-09,NE,4.0
2003-10,NE,3.9
2003-11,NE,3.9
2003-12,NE,3.8
2004-01,NE,3.8
2004-02,NE,3.8
2004-03,NE,3.8
2004-04,NE,3.8
2004-05,NE,3.8
2004-06,NE,3.8
2004-07,NE,3.8
2004-08,NE,3.9
2004-09,NE,3.9
2004-10,NE,3.9
2004-11,NE,3.9
2004-12,NE,4.0
2005-01,NE,4.0
2005-02,NE,4.0
2005-03,NE,4.0
2005-04,NE,3.9
2005-05,NE,3.9
2005-06,NE,3.8
2005-07,NE,3.7
2005-08,NE,3.7
2005-09,NE,3.7
2005-10,NE,3.6
2005-11,NE,3.5
2005-12,NE,3.5
2006-01,NE,3.3
2006-02,NE,3.2
2006-03,NE,3.1
2006-04,NE,3.0
2006-05,NE,3.0
2006-06,NE,3.0
2006-07,NE,3.0
2006-08,NE,3.0
2006-09,NE,3.0
2006-10,NE,3.0
2006-11,NE,3.0
2006-12,NE,2.9
2007-01,NE,2.9
2007-02,NE,2.9
2007-03,NE,2.9
2007-04,NE,2.9
2007-05,NE,2.9
2007-06,NE,3.0
2007-07,NE,3.0
2007-08,NE,3.0
2007-09,NE,3.0
2007-10,NE,3.0
2007-11,NE,3.0
2007-12,NE,3.0
2008-01,NE,2.9
2008-02,NE,2.9
2008-03,NE,3.0
2008-04,NE,3.0
2008-05,NE,3.1
2008-06,NE,3.2
2008-07,NE,3.2
2008-08,NE,3.3
2008-09,NE,3.4
2008-10,NE,3.5
2008-11,NE,3.7
2008-12,NE,3.9
2009-01,NE,4.1
2009-02,NE,4.3
2009-03,NE,4.5
2009-04,NE,4.6
2009-05,NE,4.7
2009-06,NE,4.7
2009-07,NE,4.7
2009-08,NE,4.8
2009-09,NE,4.8
2009-10,NE,4.8
2009-11,NE,4.8
2009-12,NE,4.8
2010-01,NE,4.9
2010-02,NE,4.9
2010-03,NE,4.8
2010-04,NE,4.8
2010-05,NE,4.7
2010-06,NE,4.6
2010-07,NE,4.5
2010-08,NE,4.5
2010-09,NE,4.5
2010-10,NE,4.5
2010-11,NE,4.5
2010-12,NE,4.5
2011-01,NE,4.5
2011-02,NE,4.5
2011-03,NE,4.5
2011-04,NE,4.4
2011-05,NE,4.4
2011-06,NE,4.4
2011-07,NE,4.4
2011-08,NE,4.4
2011-09,NE,4.3
2011-10,NE,4.3
2011-11,NE,4.2
2011-12,NE,4.1
2012-01,NE,4.1
2012-02,NE,4.0
2012-03,NE,3.9
2012-04,NE,3.9
2012-05,NE,3.9
2012-06,NE,3.9
2012-07,NE,3.9
2012-08,NE,3.8
2012-09,NE,3.9
2012-10,NE,3.9
2012-11,NE,3.9
2012-12,NE,3.9
2013-01,NE,3.9
2013-02,NE,3.9
2013-03,NE,3.8
2013-04,NE,3.8
2013-05,NE,3.8
2013-06,NE,3.8
2013-07,NE,3.7
2013-08,NE,3.7
2013-09,NE,3.6
2013-10,NE,3.6
2013-11,NE,3.5
2013-12,NE,3.5
2014-01,NE,3.5
2014-02,NE,3.5
2014-03,NE,3.5
2014-04,NE,3.4
2014-05,NE,3.3
2014-06,NE,3.3
2014-07,NE,3.2
2014-08,NE,3.1
2014-09,NE,3.1
2014-10,NE,3.0
2014-11,NE,3.0
2014-12,NE,2.9
2015-01,NE,2.9
2015-02,NE,2.9
2015-03,NE,2.9
2015-04,NE,3.0
2015-05,NE,3.0
2015-06,NE,3.0
2015-07,NE,3.0
2015-08,NE,3.0
2015-09,NE,3.0
2015-10,NE,3.0
2015-11,NE,3.0
2015-12,NE,3.0
2016-01,NE,3.0
2016-02,NE,3.0
2016-03,NE,3.0
2016-04,NE,3.0
2016-05,NE,3.1
2016-06,NE,3.1
2016-07,NE,3.2
2016-08,NE,3.2
2016-09,NE,3.2
2016-10,NE,3.2
2016-11,NE,3.2
2016-12,NE,3.1
2017-01,NE,3.1
2017-02,NE,3.0
2017-03,NE,2.9
2017-04,NE,2.9
2017-05,NE,2.9
2017-06,NE,2.9
2017-07,NE,2.9
2017-08,NE,2.9
2017-09,NE,3.0
2017-10,NE,3.0
2017-11,NE,3.0
2017-12,NE,3.0
2018-01,NE,2.9
2018-02,NE,2.9
2018-03,NE,2.9
2018-04,NE,2.8
2018-05,NE,2.8
2018-06,NE,2.8
2018-07,NE,2.9
2018-08,NE,2.9
2018-09,NE,2.9
2018-10,NE,3.0
2018-11,NE,3.0
2018-12,NE,3.1
2019-01,NE,3.1
2019-02,NE,3.1
2019-03,NE,3.1
2019-04,NE,3.1
2019-05,NE,3.1
2019-06,NE,3.1
2019-07,NE,3.1
2019-08,NE,3.2
2019-09,NE,3.2
2019-10,NE,3.1
2019-11,NE,3.1
2019-12,NE,3.1
2020-01,NE,3.0
2020-02,NE,3.0
2020-03,NE,4.4
2020-04,NE,8.2
2020-05,NE,6.4
2020-06,NE,5.3
2020-07,NE,4.6
2020-08,NE,3.8
2020-09,NE,3.4
2020-10,NE,3.1
2020-11,NE,3.0
2020-12,NE,3.0
2021-01,NE,2.9
2021-02,NE,2.9
2021-03,NE,2.9
2021-04,NE,2.9
2021-05,NE,2.8
2021-06,NE,2.8
2021-07,NE,2.7
2021-08,NE,2.6
2021-09,NE,2.5
2021-10,NE,2.4
2021-11,NE,2.3
2021-12,NE,2.2
2022-01,NE,2.1
2022-02,NE,2.0
2022-03,NE,2.0
2022-04,NE,2.0
2022-05,NE,2.1
2022-06,NE,2.1
2022-07,NE,2.2
2022-08,NE,2.3
2022-09,NE,2.3
2022-10,NE,2.3
2022-11,NE,2.3
2022-12,NE,2.2
2023-01,NE,2.2
2023-02,NE,2.2
2023-03,NE,2.1
2023-04,NE,2.1
2023-05,NE,2.2
2023-06,NE,2.2
2023-07,NE,2.3
2023-08,NE,2.4
2023-09,NE,2.4
2023-10,NE,2.5
2023-11,NE,2.5
2023-12,NE,2.5
2024-01,NE,2.5
2024-02,NE,2.6
2024-03,NE,2.6
2024-04,NE,2.6
2024-05,NE,2.7
2024-06,NE,2.7
2024-07,NE,2.8
2024-08,NE,2.8
2024-09,NE,2.8
2024-10,NE,2.8
2024-11,NE,2.8
2024-12,NE,2.9
2025-01,NE,2.9
2025-02,NE,2.9
2025-03,NE,2.9
2025-04,NE,2.9
2025-05,NE,2.9
2025-06,NE,2.9
2025-07,NE,2.9
2025-08,NE,2.9
2025-09,NE,2.9
2025-11,NE,3.0
2025-12,NE,3.0
2026-01,NE,3.0
2026-02,NE,3.1
2026-03,NE,3.1
2026-04,NE,3.0
2026-05,NE,3.0
2026-06,NE,2.9
1990-01,NV,4.5
1990-02,NV,4.5
1990-03,NV,4.5
1990-04,NV,4.5
1990-05,NV,4.5
1990-06,NV,4.6
1990-07,NV,4.7
1990-08,NV,4.9
1990-09,NV,5.0
1990-10,NV,5.2
1990-11,NV,5.3
1990-12,NV,5.4
1991-01,NV,5.5
1991-02,NV,5.6
1991-03,NV,5.7
1991-04,NV,5.7
1991-05,NV,5.7
1991-06,NV,5.8
1991-07,NV,5.8
1991-08,NV,5.8
1991-09,NV,5.9
1991-10,NV,6.0
1991-11,NV,6.2
1991-12,NV,6.3
1992-01,NV,6.5
1992-02,NV,6.6
1992-03,NV,6.7
1992-04,NV,6.7
1992-05,NV,6.8
1992-06,NV,6.8
1992-07,NV,6.8
1992-08,NV,6.9
1992-09,NV,6.9
1992-10,NV,6.9
1992-11,NV,6.9
1992-12,NV,6.9
1993-01,NV,6.9
1993-02,NV,7.0
1993-03,NV,7.0
1993-04,NV,7.0
1993-05,NV,7.1
1993-06,NV,7.0
1993-07,NV,7.0
1993-08,NV,6.9
1993-09,NV,6.8
1993-10,NV,6.7
1993-11,NV,6.6
1993-12,NV,6.5
1994-01,NV,6.5
1994-02,NV,6.4
1994-03,NV,6.4
1994-04,NV,6.3
1994-05,NV,6.3
1994-06,NV,6.3
1994-07,NV,6.3
1994-08,NV,6.2
1994-09,NV,6.2
1994-10,NV,6.1
1994-11,NV,6.0
1994-12,NV,5.9
1995-01,NV,5.9
1995-02,NV,5.8
1995-03,NV,5.7
1995-04,NV,5.7
1995-05,NV,5.6
1995-06,NV,5.6
1995-07,NV,5.5
1995-08,NV,5.5
1995-09,NV,5.4
1995-10,NV,5.4
1995-11,NV,5.4
1995-12,NV,5.3
1996-01,NV,5.3
1996-02,NV,5.3
1996-03,NV,5.2
1996-04,NV,5.2
1996-05,NV,5.1
1996-06,NV,5.1
1996-07,NV,5.1
1996-08,NV,5.0
1996-09,NV,5.0
1996-10,NV,5.0
1996-11,NV,4.9
1996-12,NV,4.8
1997-01,NV,4.8
1997-02,NV,4.7
1997-03,NV,4.6
1997-04,NV,4.5
1997-05,NV,4.4
1997-06,NV,4.4
1997-07,NV,4.3
1997-08,NV,4.3
1997-09,NV,4.3
1997-10,NV,4.3
1997-11,NV,4.3
1997-12,NV,4.3
1998-01,NV,4.3
1998-02,NV,4.3
1998-03,NV,4.3
1998-04,NV,4.3
1998-05,NV,4.3
1998-06,NV,4.2
1998-07,NV,4.2
1998-08,NV,4.1
1998-09,NV,4.1
1998-10,NV,4.0
1998-11,NV,4.0
1998-12,NV,3.9
1999-01,NV,3.9
1999-02,NV,4.0
1999-03,NV,4.0
1999-04,NV,4.1
1999-05,NV,4.1
1999-06,NV,4.1
1999-07,NV,4.1
1999-08,NV,4.1
1999-09,NV,4.1
1999-10,NV,4.1
1999-11,NV,4.0
1999-12,NV,4.0
2000-01,NV,3.9
2000-02,NV,3.9
2000-03,NV,3.9
2000-04,NV,4.0
2000-05,NV,4.0
2000-06,NV,4.1
2000-07,NV,4.2
2000-08,NV,4.2
2000-09,NV,4.3
2000-10,NV,4.3
2000-11,NV,4.4
2000-12,NV,4.5
2001-01,NV,4.6
2001-02,NV,4.7
2001-03,NV,4.8
2001-04,NV,4.8
2001-05,NV,4.9
2001-06,NV,5.0
2001-07,NV,5.1
2001-08,NV,5.2
2001-09,NV,5.4
2001-10,NV,5.5
2001-11,NV,5.6
2001-12,NV,5.7
2002-01,NV,5.7
2002-02,NV,5.8
2002-03,NV,5.8
2002-04,NV,5.7
2002-05,NV,5.7
2002-06,NV,5.7
2002-07,NV,5.6
2002-08,NV,5.5
2002-09,NV,5.5
2002-10,NV,5.5
2002-11,NV,5.5
2002-12,NV,5.5
2003-01,NV,5.4
2003-02,NV,5.4
2003-03,NV,5.4
2003-04,NV,5.3
2003-05,NV,5.3
2003-06,NV,5.3
2003-07,NV,5.3
2003-08,NV,5.2
2003-09,NV,5.1
2003-10,NV,5.0
2003-11,NV,4.9
2003-12,NV,4.8
2004-01,NV,4.7
2004-02,NV,4.7
2004-03,NV,4.6
2004-04,NV,4.6
2004-05,NV,4.5
2004-06,NV,4.4
2004-07,NV,4.4
2004-08,NV,4.3
2004-09,NV,4.3
2004-10,NV,4.3
2004-11,NV,4.3
2004-12,NV,4.3
2005-01,NV,4.3
2005-02,NV,4.3
2005-03,NV,4.3
2005-04,NV,4.3
2005-05,NV,4.2
2005-06,NV,4.2
2005-07,NV,4.2
2005-08,NV,4.2
2005-09,NV,4.2
2005-10,NV,4.1
2005-11,NV,4.1
2005-12,NV,4.1
2006-01,NV,4.1
2006-02,NV,4.1
2006-03,NV,4.1
2006-04,NV,4.1
2006-05,NV,4.2
2006-06,NV,4.2
2006-07,NV,4.2
2006-08,NV,4.2
2006-09,NV,4.2
2006-10,NV,4.2
2006-11,NV,4.2
2006-12,NV,4.2
2007-01,NV,4.3
2007-02,NV,4.3
2007-03,NV,4.4
2007-04,NV,4.5
2007-05,NV,4.6
2007-06,NV,4.7
2007-07,NV,4.8
2007-08,NV,4.9
2007-09,NV,5.0
2007-10,NV,5.1
2007-11,NV,5.2
2007-12,NV,5.4
2008-01,NV,5.5
2008-02,NV,5.6
2008-03,NV,5.8
2008-04,NV,6.1
2008-05,NV,6.3
2008-06,NV,6.6
2008-07,NV,6.9
2008-08,NV,7.2
2008-09,NV,7.6
2008-10,NV,8.0
2008-11,NV,8.4
2008-12,NV,8.8
2009-01,NV,9.2
2009-02,NV,9.6
2009-03,NV,10.0
2009-04,NV,10.3
2009-05,NV,10.7
2009-06,NV,11.0
2009-07,NV,11.3
2009-08,NV,11.6
2009-09,NV,11.9
2009-10,NV,12.2
2009-11,NV,12.4
2009-12,NV,12.7
2010-01,NV,12.9
2010-02,NV,13.0
2010-03,NV,13.2
2010-04,NV,13.2
2010-05,NV,13.3
2010-06,NV,13.2
2010-07,NV,13.3
2010-08,NV,13.3
2010-09,NV,13.4
2010-10,NV,13.4
2010-11,NV,13.4
2010-12,NV,13.4
2011-01,NV,13.3
2011-02,NV,13.2
2011-03,NV,13.2
2011-04,NV,13.1
2011-05,NV,13.1
2011-06,NV,13.1
2011-07,NV,13.1
2011-08,NV,13.0
2011-09,NV,12.9
2011-10,NV,12.8
2011-11,NV,12.6
2011-12,NV,12.4
2012-01,NV,12.2
2012-02,NV,12.1
2012-03,NV,12.0
2012-04,NV,11.9
2012-05,NV,11.8
2012-06,NV,11.7
2012-07,NV,11.5
2012-08,NV,11.3
2012-09,NV,11.2
2012-10,NV,11.0
2012-11,NV,10.9
2012-12,NV,10.8
2013-01,NV,10.7
2013-02,NV,10.6
2013-03,NV,10.5
2013-04,NV,10.3
2013-05,NV,10.2
2013-06,NV,10.0
2013-07,NV,9.9
2013-08,NV,9.8
2013-09,NV,9.6
2013-10,NV,9.5
2013-11,NV,9.3
2013-12,NV,9.2
2014-01,NV,9.0
2014-02,NV,8.8
2014-03,NV,8.6
2014-04,NV,8.5
2014-05,NV,8.4
2014-06,NV,8.2
2014-07,NV,8.1
2014-08,NV,8.0
2014-09,NV,7.9
2014-10,NV,7.8
2014-11,NV,7.6
2014-12,NV,7.5
2015-01,NV,7.4
2015-02,NV,7.3
2015-03,NV,7.3
2015-04,NV,7.1
2015-05,NV,7.0
2015-06,NV,6.9
2015-07,NV,6.8
2015-08,NV,6.7
2015-09,NV,6.6
2015-10,NV,6.5
2015-11,NV,6.4
2015-12,NV,6.4
2016-01,NV,6.3
2016-02,NV,6.2
2016-03,NV,6.1
2016-04,NV,6.0
2016-05,NV,5.9
2016-06,NV,5.9
2016-07,NV,5.8
2016-08,NV,5.7
2016-09,NV,5.6
2016-10,NV,5.6
2016-11,NV,5.5
2016-12,NV,5.4
2017-01,NV,5.3
2017-02,NV,5.3
2017-03,NV,5.2
2017-04,NV,5.1
2017-05,NV,5.0
2017-06,NV,5.0
2017-07,NV,4.9
2017-08,NV,4.9
2017-09,NV,4.9
2017-10,NV,4.9
2017-11,NV,4.8
2017-12,NV,4.8
2018-01,NV,4.7
2018-02,NV,4.7
2018-03,NV,4.6
2018-04,NV,4.5
2018-05,NV,4.4
2018-06,NV,4.3
2018-07,NV,4.3
2018-08,NV,4.2
2018-09,NV,4.3
2018-10,NV,4.3
2018-11,NV,4.3
2018-12,NV,4.3
2019-01,NV,4.3
2019-02,NV,4.3
2019-03,NV,4.2
2019-04,NV,4.1
2019-05,NV,4.1
2019-06,NV,4.0
2019-07,NV,4.0
2019-08,NV,4.0
2019-09,NV,4.0
2019-10,NV,4.1
2019-11,NV,4.1
2019-12,NV,4.1
2020-01,NV,4.2
2020-02,NV,4.4
2020-03,NV,7.2
2020-04,NV,30.5
2020-05,NV,24.7
2020-06,NV,18.9
2020-07,NV,16.7
2020-08,NV,13.9
2020-09,NV,12.7
2020-10,NV,11.1
2020-11,NV,10.2
2020-12,NV,9.6
2021-01,NV,8.9
2021-02,NV,8.5
2021-03,NV,8.0
2021-04,NV,7.7
2021-05,NV,7.2
2021-06,NV,6.9
2021-07,NV,6.6
2021-08,NV,6.2
2021-09,NV,5.8
2021-10,NV,5.6
2021-11,NV,5.4
2021-12,NV,5.3
2022-01,NV,5.2
2022-02,NV,5.2
2022-03,NV,5.2
2022-04,NV,5.2
2022-05,NV,5.2
2022-06,NV,5.2
2022-07,NV,5.2
2022-08,NV,5.2
2022-09,NV,5.2
2022-10,NV,5.3
2022-11,NV,5.3
2022-12,NV,5.3
2023-01,NV,5.2
2023-02,NV,5.2
2023-03,NV,5.1
2023-04,NV,5.0
2023-05,NV,5.0
2023-06,NV,5.0
2023-07,NV,5.1
2023-08,NV,5.1
2023-09,NV,5.1
2023-10,NV,5.2
2023-11,NV,5.2
2023-12,NV,5.2
2024-01,NV,5.2
2024-02,NV,5.2
2024-03,NV,5.3
2024-04,NV,5.4
2024-05,NV,5.4
2024-06,NV,5.4
2024-07,NV,5.5
2024-08,NV,5.5
2024-09,NV,5.5
2024-10,NV,5.5
2024-11,NV,5.4
2024-12,NV,5.4
2025-01,NV,5.4
2025-02,NV,5.4
2025-03,NV,5.3
2025-04,NV,5.3
2025-05,NV,5.2
2025-06,NV,5.2
2025-07,NV,5.2
2025-08,NV,5.2
2025-09,NV,5.2
2025-11,NV,5.2
2025-12,NV,5.2
2026-01,NV,5.3
2026-02,NV,5.3
2026-03,NV,5.3
2026-04,NV,5.3
2026-05,NV,5.2
2026-06,NV,5.1
1990-01,NH,4.4
1990-02,NH,4.6
1990-03,NH,4.7
1990-04,NH,4.9
1990-05,NH,5.0
1990-06,NH,5.2
1990-07,NH,5.3
1990-08,NH,5.4
1990-09,NH,5.6
1990-10,NH,5.8
1990-11,NH,5.9
1990-12,NH,6.1
1991-01,NH,6.3
1991-02,NH,6.4
1991-03,NH,6.5
1991-04,NH,6.7
1991-05,NH,6.7
1991-06,NH,6.8
1991-07,NH,6.8
1991-08,NH,6.9
1991-09,NH,6.9
1991-10,NH,7.0
1991-11,NH,7.0
1991-12,NH,7.1
1992-01,NH,7.1
1992-02,NH,7.1
1992-03,NH,7.2
1992-04,NH,7.2
1992-05,NH,7.3
1992-06,NH,7.3
1992-07,NH,7.4
1992-08,NH,7.4
1992-09,NH,7.4
1992-10,NH,7.4
1992-11,NH,7.4
1992-12,NH,7.3
1993-01,NH,7.2
1993-02,NH,7.1
1993-03,NH,6.9
1993-04,NH,6.6
1993-05,NH,6.3
1993-06,NH,6.1
1993-07,NH,5.9
1993-08,NH,5.8
1993-09,NH,5.6
1993-10,NH,5.5
1993-11,NH,5.3
1993-12,NH,5.2
1994-01,NH,5.1
1994-02,NH,4.9
1994-03,NH,4.8
1994-04,NH,4.7
1994-05,NH,4.6
1994-06,NH,4.5
1994-07,NH,4.4
1994-08,NH,4.3
1994-09,NH,4.3
1994-10,NH,4.2
1994-11,NH,4.1
1994-12,NH,4.1
1995-01,NH,4.0
1995-02,NH,4.0
1995-03,NH,3.9
1995-04,NH,3.9
1995-05,NH,3.9
1995-06,NH,3.9
1995-07,NH,3.8
1995-08,NH,3.8
1995-09,NH,3.7
1995-10,NH,3.7
1995-11,NH,3.6
1995-12,NH,3.6
1996-01,NH,3.6
1996-02,NH,3.7
1996-03,NH,3.7
1996-04,NH,3.8
1996-05,NH,3.8
1996-06,NH,3.8
1996-07,NH,3.8
1996-08,NH,3.8
1996-09,NH,3.8
1996-10,NH,3.7
1996-11,NH,3.7
1996-12,NH,3.7
1997-01,NH,3.6
1997-02,NH,3.6
1997-03,NH,3.5
1997-04,NH,3.5
1997-05,NH,3.5
1997-06,NH,3.4
1997-07,NH,3.4
1997-08,NH,3.3
1997-09,NH,3.2
1997-10,NH,3.2
1997-11,NH,3.1
1997-12,NH,3.0
1998-01,NH,3.0
1998-02,NH,2.9
1998-03,NH,2.9
1998-04,NH,2.8
1998-05,NH,2.8
1998-06,NH,2.7
1998-07,NH,2.7
1998-08,NH,2.8
1998-09,NH,2.8
1998-10,NH,2.8
1998-11,NH,2.9
1998-12,NH,2.9
1999-01,NH,2.8
1999-02,NH,2.8
1999-03,NH,2.8
1999-04,NH,2.7
1999-05,NH,2.7
1999-06,NH,2.6
1999-07,NH,2.6
1999-08,NH,2.7
1999-09,NH,2.7
1999-10,NH,2.7
1999-11,NH,2.8
1999-12,NH,2.8
2000-01,NH,2.8
2000-02,NH,2.8
2000-03,NH,2.8
2000-04,NH,2.8
2000-05,NH,2.7
2000-06,NH,2.7
2000-07,NH,2.7
2000-08,NH,2.6
2000-09,NH,2.5
2000-10,NH,2.5
2000-11,NH,2.5
2000-12,NH,2.6
2001-01,NH,2.8
2001-02,NH,2.9
2001-03,NH,3.0
2001-04,NH,3.2
2001-05,NH,3.2
2001-06,NH,3.3
2001-07,NH,3.5
2001-08,NH,3.6
2001-09,NH,3.7
2001-10,NH,3.8
2001-11,NH,3.9
2001-12,NH,4.0
2002-01,NH,4.1
2002-02,NH,4.2
2002-03,NH,4.3
2002-04,NH,4.4
2002-05,NH,4.5
2002-06,NH,4.5
2002-07,NH,4.6
2002-08,NH,4.6
2002-09,NH,4.6
2002-10,NH,4.6
2002-11,NH,4.6
2002-12,NH,4.6
2003-01,NH,4.5
2003-02,NH,4.4
2003-03,NH,4.4
2003-04,NH,4.4
2003-05,NH,4.4
2003-06,NH,4.5
2003-07,NH,4.5
2003-08,NH,4.5
2003-09,NH,4.5
2003-10,NH,4.4
2003-11,NH,4.4
2003-12,NH,4.3
2004-01,NH,4.2
2004-02,NH,4.1
2004-03,NH,4.1
2004-04,NH,4.0
2004-05,NH,3.9
2004-06,NH,3.9
2004-07,NH,3.8
2004-08,NH,3.7
2004-09,NH,3.6
2004-10,NH,3.5
2004-11,NH,3.5
2004-12,NH,3.6
2005-01,NH,3.6
2005-02,NH,3.6
2005-03,NH,3.7
2005-04,NH,3.6
2005-05,NH,3.6
2005-06,NH,3.6
2005-07,NH,3.6
2005-08,NH,3.7
2005-09,NH,3.7
2005-10,NH,3.7
2005-11,NH,3.6
2005-12,NH,3.6
2006-01,NH,3.5
2006-02,NH,3.4
2006-03,NH,3.4
2006-04,NH,3.4
2006-05,NH,3.4
2006-06,NH,3.5
2006-07,NH,3.5
2006-08,NH,3.5
2006-09,NH,3.6
2006-10,NH,3.6
2006-11,NH,3.7
2006-12,NH,3.7
2007-01,NH,3.7
2007-02,NH,3.7
2007-03,NH,3.7
2007-04,NH,3.7
2007-05,NH,3.6
2007-06,NH,3.5
2007-07,NH,3.5
2007-08,NH,3.4
2007-09,NH,3.4
2007-10,NH,3.4
2007-11,NH,3.4
2007-12,NH,3.4
2008-01,NH,3.4
2008-02,NH,3.4
2008-03,NH,3.4
2008-04,NH,3.5
2008-05,NH,3.5
2008-06,NH,3.6
2008-07,NH,3.7
2008-08,NH,3.8
2008-09,NH,3.9
2008-10,NH,4.1
2008-11,NH,4.3
2008-12,NH,4.6
2009-01,NH,4.9
2009-02,NH,5.2
2009-03,NH,5.5
2009-04,NH,5.8
2009-05,NH,6.0
2009-06,NH,6.2
2009-07,NH,6.3
2009-08,NH,6.4
2009-09,NH,6.5
2009-10,NH,6.6
2009-11,NH,6.6
2009-12,NH,6.6
2010-01,NH,6.6
2010-02,NH,6.5
2010-03,NH,6.4
2010-04,NH,6.3
2010-05,NH,6.1
2010-06,NH,6.0
2010-07,NH,5.9
2010-08,NH,5.8
2010-09,NH,5.8
2010-10,NH,5.8
2010-11,NH,5.8
2010-12,NH,5.7
2011-01,NH,5.6
2011-02,NH,5.5
2011-03,NH,5.5
2011-04,NH,5.5
2011-05,NH,5.5
2011-06,NH,5.6
2011-07,NH,5.6
2011-08,NH,5.6
2011-09,NH,5.5
2011-10,NH,5.4
2011-11,NH,5.3
2011-12,NH,5.3
2012-01,NH,5.2
2012-02,NH,5.2
2012-03,NH,5.3
2012-04,NH,5.4
2012-05,NH,5.5
2012-06,NH,5.5
2012-07,NH,5.6
2012-08,NH,5.6
2012-09,NH,5.6
2012-10,NH,5.6
2012-11,NH,5.6
2012-12,NH,5.6
2013-01,NH,5.6
2013-02,NH,5.5
2013-03,NH,5.5
2013-04,NH,5.4
2013-05,NH,5.3
2013-06,NH,5.2
2013-07,NH,5.2
2013-08,NH,5.2
2013-09,NH,5.1
2013-10,NH,5.1
2013-11,NH,5.0
2013-12,NH,4.9
2014-01,NH,4.8
2014-02,NH,4.6
2014-03,NH,4.6
2014-04,NH,4.5
2014-05,NH,4.4
2014-06,NH,4.3
2014-07,NH,4.3
2014-08,NH,4.2
2014-09,NH,4.1
2014-10,NH,4.1
2014-11,NH,4.0
2014-12,NH,3.9
2015-01,NH,3.8
2015-02,NH,3.8
2015-03,NH,3.7
2015-04,NH,3.6
2015-05,NH,3.5
2015-06,NH,3.4
2015-07,NH,3.3
2015-08,NH,3.3
2015-09,NH,3.2
2015-10,NH,3.1
2015-11,NH,3.0
2015-12,NH,3.0
2016-01,NH,2.9
2016-02,NH,2.9
2016-03,NH,2.8
2016-04,NH,2.9
2016-05,NH,2.9
2016-06,NH,2.9
2016-07,NH,2.9
2016-08,NH,2.9
2016-09,NH,2.9
2016-10,NH,2.9
2016-11,NH,2.9
2016-12,NH,2.9
2017-01,NH,2.9
2017-02,NH,2.9
2017-03,NH,2.9
2017-04,NH,2.8
2017-05,NH,2.8
2017-06,NH,2.7
2017-07,NH,2.7
2017-08,NH,2.8
2017-09,NH,2.8
2017-10,NH,2.8
2017-11,NH,2.8
2017-12,NH,2.8
2018-01,NH,2.8
2018-02,NH,2.7
2018-03,NH,2.7
2018-04,NH,2.7
2018-05,NH,2.7
2018-06,NH,2.6
2018-07,NH,2.6
2018-08,NH,2.6
2018-09,NH,2.5
2018-10,NH,2.5
2018-11,NH,2.6
2018-12,NH,2.6
2019-01,NH,2.6
2019-02,NH,2.6
2019-03,NH,2.6
2019-04,NH,2.6
2019-05,NH,2.5
2019-06,NH,2.5
2019-07,NH,2.5
2019-08,NH,2.5
2019-09,NH,2.6
2019-10,NH,2.6
2019-11,NH,2.5
2019-12,NH,2.5
2020-01,NH,2.5
2020-02,NH,2.6
2020-03,NH,2.6
2020-04,NH,16.0
2020-05,NH,11.8
2020-06,NH,9.6
2020-07,NH,8.3
2020-08,NH,6.7
2020-09,NH,6.1
2020-10,NH,5.3
2020-11,NH,4.9
2020-12,NH,4.6
2021-01,NH,4.3
2021-02,NH,4.1
2021-03,NH,4.0
2021-04,NH,3.9
2021-05,NH,3.8
2021-06,NH,3.7
2021-07,NH,3.5
2021-08,NH,3.3
2021-09,NH,3.0
2021-10,NH,2.8
2021-11,NH,2.6
2021-12,NH,2.5
2022-01,NH,2.4
2022-02,NH,2.3
2022-03,NH,2.3
2022-04,NH,2.3
2022-05,NH,2.3
2022-06,NH,2.4
2022-07,NH,2.4
2022-08,NH,2.5
2022-09,NH,2.6
2022-10,NH,2.6
2022-11,NH,2.5
2022-12,NH,2.5
2023-01,NH,2.4
2023-02,NH,2.3
2023-03,NH,2.2
2023-04,NH,2.2
2023-05,NH,2.2
2023-06,NH,2.2
2023-07,NH,2.2
2023-08,NH,2.3
2023-09,NH,2.3
2023-10,NH,2.3
2023-11,NH,2.3
2023-12,NH,2.3
2024-01,NH,2.3
2024-02,NH,2.3
2024-03,NH,2.4
2024-04,NH,2.4
2024-05,NH,2.5
2024-06,NH,2.5
2024-07,NH,2.6
2024-08,NH,2.6
2024-09,NH,2.7
2024-10,NH,2.8
2024-11,NH,2.9
2024-12,NH,3.0
2025-01,NH,3.0
2025-02,NH,3.1
2025-03,NH,3.2
2025-04,NH,3.2
2025-05,NH,3.2
2025-06,NH,3.1
2025-07,NH,3.1
2025-08,NH,3.1
2025-09,NH,3.2
2025-11,NH,3.2
2025-12,NH,3.2
2026-01,NH,3.2
2026-02,NH,3.2
2026-03,NH,3.1
2026-04,NH,3.1
2026-05,NH,3.0
2026-06,NH,2.9
1990-01,NJ,4.5
1990-02,NJ,4.6
1990-03,NJ,4.6
1990-04,NJ,4.7
1990-05,NJ,4.7
1990-06,NJ,4.8
1990-07,NJ,4.9
1990-08,NJ,5.1
1990-09,NJ,5.3
1990-10,NJ,5.6
1990-11,NJ,5.8
1990-12,NJ,6.0
1991-01,NJ,6.2
1991-02,NJ,6.4
1991-03,NJ,6.5
1991-04,NJ,6.6
1991-05,NJ,6.6
1991-06,NJ,6.6
1991-07,NJ,6.7
1991-08,NJ,6.7
1991-09,NJ,6.9
1991-10,NJ,7.1
1991-11,NJ,7.3
1991-12,NJ,7.5
1992-01,NJ,7.7
1992-02,NJ,7.9
1992-03,NJ,8.1
1992-04,NJ,8.4
1992-05,NJ,8.6
1992-06,NJ,8.8
1992-07,NJ,9.0
1992-08,NJ,9.0
1992-09,NJ,9.0
1992-10,NJ,8.9
1992-11,NJ,8.7
1992-12,NJ,8.7
1993-01,NJ,8.6
1993-02,NJ,8.4
1993-03,NJ,8.3
1993-04,NJ,8.1
1993-05,NJ,7.9
1993-06,NJ,7.8
1993-07,NJ,7.6
1993-08,NJ,7.5
1993-09,NJ,7.4
1993-10,NJ,7.3
1993-11,NJ,7.2
1993-12,NJ,7.2
1994-01,NJ,7.2
1994-02,NJ,7.2
1994-03,NJ,7.1
1994-04,NJ,7.1
1994-05,NJ,7.0
1994-06,NJ,6.9
1994-07,NJ,6.8
1994-08,NJ,6.8
1994-09,NJ,6.7
1994-10,NJ,6.6
1994-11,NJ,6.5
1994-12,NJ,6.4
1995-01,NJ,6.3
1995-02,NJ,6.3
1995-03,NJ,6.3
1995-04,NJ,6.4
1995-05,NJ,6.5
1995-06,NJ,6.5
1995-07,NJ,6.5
1995-08,NJ,6.5
1995-09,NJ,6.4
1995-10,NJ,6.4
1995-11,NJ,6.4
1995-12,NJ,6.4
1996-01,NJ,6.4
1996-02,NJ,6.4
1996-03,NJ,6.4
1996-04,NJ,6.3
1996-05,NJ,6.2
1996-06,NJ,6.1
1996-07,NJ,6.0
1996-08,NJ,5.9
1996-09,NJ,5.9
1996-10,NJ,5.9
1996-11,NJ,5.9
1996-12,NJ,5.9
1997-01,NJ,5.8
1997-02,NJ,5.7
1997-03,NJ,5.6
1997-04,NJ,5.4
1997-05,NJ,5.4
1997-06,NJ,5.3
1997-07,NJ,5.3
1997-08,NJ,5.2
1997-09,NJ,5.1
1997-10,NJ,5.1
1997-11,NJ,5.0
1997-12,NJ,5.0
1998-01,NJ,5.0
1998-02,NJ,4.9
1998-03,NJ,4.9
1998-04,NJ,4.8
1998-05,NJ,4.6
1998-06,NJ,4.5
1998-07,NJ,4.4
1998-08,NJ,4.4
1998-09,NJ,4.4
1998-10,NJ,4.3
1998-11,NJ,4.3
1998-12,NJ,4.3
1999-01,NJ,4.3
1999-02,NJ,4.4
1999-03,NJ,4.5
1999-04,NJ,4.6
1999-05,NJ,4.7
1999-06,NJ,4.7
1999-07,NJ,4.7
1999-08,NJ,4.6
1999-09,NJ,4.4
1999-10,NJ,4.3
1999-11,NJ,4.1
1999-12,NJ,4.0
2000-01,NJ,3.8
2000-02,NJ,3.7
2000-03,NJ,3.6
2000-04,NJ,3.6
2000-05,NJ,3.5
2000-06,NJ,3.5
2000-07,NJ,3.6
2000-08,NJ,3.6
2000-09,NJ,3.7
2000-10,NJ,3.7
2000-11,NJ,3.8
2000-12,NJ,3.7
2001-01,NJ,3.7
2001-02,NJ,3.7
2001-03,NJ,3.7
2001-04,NJ,3.8
2001-05,NJ,3.9
2001-06,NJ,4.0
2001-07,NJ,4.1
2001-08,NJ,4.3
2001-09,NJ,4.5
2001-10,NJ,4.8
2001-11,NJ,5.0
2001-12,NJ,5.2
2002-01,NJ,5.4
2002-02,NJ,5.6
2002-03,NJ,5.7
2002-04,NJ,5.8
2002-05,NJ,5.8
2002-06,NJ,5.8
2002-07,NJ,5.8
2002-08,NJ,5.8
2002-09,NJ,5.8
2002-10,NJ,5.9
2002-11,NJ,5.9
2002-12,NJ,6.0
2003-01,NJ,6.0
2003-02,NJ,5.9
2003-03,NJ,5.9
2003-04,NJ,5.9
2003-05,NJ,6.0
2003-06,NJ,6.0
2003-07,NJ,6.0
2003-08,NJ,5.9
2003-09,NJ,5.8
2003-10,NJ,5.7
2003-11,NJ,5.6
2003-12,NJ,5.5
2004-01,NJ,5.4
2004-02,NJ,5.3
2004-03,NJ,5.2
2004-04,NJ,5.1
2004-05,NJ,5.1
2004-06,NJ,5.0
2004-07,NJ,4.9
2004-08,NJ,4.8
2004-09,NJ,4.7
2004-10,NJ,4.6
2004-11,NJ,4.5
2004-12,NJ,4.4
2005-01,NJ,4.4
2005-02,NJ,4.4
2005-03,NJ,4.3
2005-04,NJ,4.3
2005-05,NJ,4.3
2005-06,NJ,4.3
2005-07,NJ,4.3
2005-08,NJ,4.4
2005-09,NJ,4.5
2005-10,NJ,4.6
2005-11,NJ,4.7
2005-12,NJ,4.8
2006-01,NJ,4.8
2006-02,NJ,4.9
2006-03,NJ,4.9
2006-04,NJ,4.9
2006-05,NJ,4.9
2006-06,NJ,4.9
2006-07,NJ,4.8
2006-08,NJ,4.7
2006-09,NJ,4.6
2006-10,NJ,4.4
2006-11,NJ,4.3
2006-12,NJ,4.2
2007-01,NJ,4.1
2007-02,NJ,4.1
2007-03,NJ,4.1
2007-04,NJ,4.1
2007-05,NJ,4.1
2007-06,NJ,4.1
2007-07,NJ,4.2
2007-08,NJ,4.2
2007-09,NJ,4.3
2007-10,NJ,4.3
2007-11,NJ,4.4
2007-12,NJ,4.5
2008-01,NJ,4.6
2008-02,NJ,4.6
2008-03,NJ,4.7
2008-04,NJ,4.9
2008-05,NJ,5.0
2008-06,NJ,5.2
2008-07,NJ,5.4
2008-08,NJ,5.6
2008-09,NJ,5.8
2008-10,NJ,6.1
2008-11,NJ,6.4
2008-12,NJ,6.8
2009-01,NJ,7.2
2009-02,NJ,7.6
2009-03,NJ,7.9
2009-04,NJ,8.2
2009-05,NJ,8.5
2009-06,NJ,8.8
2009-07,NJ,9.1
2009-08,NJ,9.4
2009-09,NJ,9.6
2009-10,NJ,9.8
2009-11,NJ,9.9
2009-12,NJ,10.0
2010-01,NJ,10.0
2010-02,NJ,10.0
2010-03,NJ,9.9
2010-04,NJ,9.8
2010-05,NJ,9.7
2010-06,NJ,9.6
2010-07,NJ,9.5
2010-08,NJ,9.5
2010-09,NJ,9.5
2010-10,NJ,9.5
2010-11,NJ,9.5
2010-12,NJ,9.5
2011-01,NJ,9.5
2011-02,NJ,9.5
2011-03,NJ,9.5
2011-04,NJ,9.4
2011-05,NJ,9.4
2011-06,NJ,9.4
2011-07,NJ,9.4
2011-08,NJ,9.4
2011-09,NJ,9.4
2011-10,NJ,9.3
2011-11,NJ,9.3
2011-12,NJ,9.3
2012-01,NJ,9.3
2012-02,NJ,9.3
2012-03,NJ,9.4
2012-04,NJ,9.5
2012-05,NJ,9.6
2012-06,NJ,9.6
2012-07,NJ,9.6
2012-08,NJ,9.5
2012-09,NJ,9.5
2012-10,NJ,9.4
2012-11,NJ,9.4
2012-12,NJ,9.3
2013-01,NJ,9.2
2013-02,NJ,9.1
2013-03,NJ,9.0
2013-04,NJ,8.9
2013-05,NJ,8.7
2013-06,NJ,8.6
2013-07,NJ,8.4
2013-08,NJ,8.3
2013-09,NJ,8.0
2013-10,NJ,7.8
2013-11,NJ,7.6
2013-12,NJ,7.4
2014-01,NJ,7.2
2014-02,NJ,7.0
2014-03,NJ,6.9
2014-04,NJ,6.8
2014-05,NJ,6.7
2014-06,NJ,6.6
2014-07,NJ,6.6
2014-08,NJ,6.5
2014-09,NJ,6.5
2014-10,NJ,6.5
2014-11,NJ,6.5
2014-12,NJ,6.4
2015-01,NJ,6.3
2015-02,NJ,6.3
2015-03,NJ,6.2
2015-04,NJ,6.1
2015-05,NJ,6.0
2015-06,NJ,5.8
2015-07,NJ,5.7
2015-08,NJ,5.5
2015-09,NJ,5.3
2015-10,NJ,5.1
2015-11,NJ,5.0
2015-12,NJ,5.0
2016-01,NJ,4.9
2016-02,NJ,5.0
2016-03,NJ,5.0
2016-04,NJ,5.0
2016-05,NJ,5.0
2016-06,NJ,5.0
2016-07,NJ,5.0
2016-08,NJ,5.0
2016-09,NJ,4.9
2016-10,NJ,4.9
2016-11,NJ,4.8
2016-12,NJ,4.7
2017-01,NJ,4.6
2017-02,NJ,4.5
2017-03,NJ,4.4
2017-04,NJ,4.4
2017-05,NJ,4.4
2017-06,NJ,4.5
2017-07,NJ,4.5
2017-08,NJ,4.6
2017-09,NJ,4.6
2017-10,NJ,4.6
2017-11,NJ,4.6
2017-12,NJ,4.5
2018-01,NJ,4.4
2018-02,NJ,4.4
2018-03,NJ,4.3
2018-04,NJ,4.2
2018-05,NJ,4.1
2018-06,NJ,4.1
2018-07,NJ,4.0
2018-08,NJ,3.9
2018-09,NJ,3.8
2018-10,NJ,3.7
2018-11,NJ,3.7
2018-12,NJ,3.6
2019-01,NJ,3.5
2019-02,NJ,3.4
2019-03,NJ,3.3
2019-04,NJ,3.2
2019-05,NJ,3.2
2019-06,NJ,3.2
2019-07,NJ,3.3
2019-08,NJ,3.4
2019-09,NJ,3.6
2019-10,NJ,3.7
2019-11,NJ,3.8
2019-12,NJ,3.9
2020-01,NJ,4.0
2020-02,NJ,4.1
2020-03,NJ,4.1
2020-04,NJ,15.0
2020-05,NJ,15.4
2020-06,NJ,14.5
2020-07,NJ,14.4
2020-08,NJ,13.3
2020-09,NJ,7.4
2020-10,NJ,7.1
2020-11,NJ,7.2
2020-12,NJ,7.3
2021-01,NJ,7.4
2021-02,NJ,7.4
2021-03,NJ,7.3
2021-04,NJ,7.3
2021-05,NJ,7.0
2021-06,NJ,7.2
2021-07,NJ,6.9
2021-08,NJ,6.7
2021-09,NJ,6.2
2021-10,NJ,5.9
2021-11,NJ,5.6
2021-12,NJ,5.5
2022-01,NJ,5.2
2022-02,NJ,4.7
2022-03,NJ,4.3
2022-04,NJ,4.1
2022-05,NJ,3.8
2022-06,NJ,3.6
2022-07,NJ,3.3
2022-08,NJ,3.1
2022-09,NJ,3.3
2022-10,NJ,3.5
2022-11,NJ,3.7
2022-12,NJ,3.8
2023-01,NJ,3.9
2023-02,NJ,4.0
2023-03,NJ,4.1
2023-04,NJ,4.2
2023-05,NJ,4.2
2023-06,NJ,4.3
2023-07,NJ,4.4
2023-08,NJ,4.5
2023-09,NJ,4.5
2023-10,NJ,4.5
2023-11,NJ,4.5
2023-12,NJ,4.5
2024-01,NJ,4.5
2024-02,NJ,4.5
2024-03,NJ,4.5
2024-04,NJ,4.6
2024-05,NJ,4.6
2024-06,NJ,4.6
2024-07,NJ,4.7
2024-08,NJ,4.7
2024-09,NJ,4.7
2024-10,NJ,4.7
2024-11,NJ,4.8
2024-12,NJ,4.8
2025-01,NJ,4.9
2025-02,NJ,5.0
2025-03,NJ,5.1
2025-04,NJ,5.1
2025-05,NJ,5.2
2025-06,NJ,5.4
2025-07,NJ,5.5
2025-08,NJ,5.5
2025-09,NJ,5.5
2025-11,NJ,5.4
2025-12,NJ,5.4
2026-01,NJ,5.2
2026-02,NJ,5.1
2026-03,NJ,4.9
2026-04,NJ,4.8
2026-05,NJ,4.7
2026-06,NJ,4.5
1990-01,NM,6.7
1990-02,NM,6.6
1990-03,NM,6.5
1990-04,NM,6.4
1990-05,NM,6.4
1990-06,NM,6.4
1990-07,NM,6.5
1990-08,NM,6.6
1990-09,NM,6.7
1990-10,NM,6.9
1990-11,NM,7.1
1990-12,NM,7.2
1991-01,NM,7.4
1991-02,NM,7.5
1991-03,NM,7.5
1991-04,NM,7.5
1991-05,NM,7.4
1991-06,NM,7.3
1991-07,NM,7.2
1991-08,NM,7.1
1991-09,NM,7.0
1991-10,NM,7.0
1991-11,NM,7.1
1991-12,NM,7.2
1992-01,NM,7.3
1992-02,NM,7.4
1992-03,NM,7.4
1992-04,NM,7.4
1992-05,NM,7.4
1992-06,NM,7.4
1992-07,NM,7.3
1992-08,NM,7.3
1992-09,NM,7.3
1992-10,NM,7.2
1992-11,NM,7.2
1992-12,NM,7.3
1993-01,NM,7.3
1993-02,NM,7.4
1993-03,NM,7.5
1993-04,NM,7.5
1993-05,NM,7.5
1993-06,NM,7.5
1993-07,NM,7.5
1993-08,NM,7.4
1993-09,NM,7.3
1993-10,NM,7.1
1993-11,NM,7.0
1993-12,NM,6.9
1994-01,NM,6.7
1994-02,NM,6.6
1994-03,NM,6.5
1994-04,NM,6.4
1994-05,NM,6.4
1994-06,NM,6.5
1994-07,NM,6.5
1994-08,NM,6.5
1994-09,NM,6.6
1994-10,NM,6.5
1994-11,NM,6.5
1994-12,NM,6.4
1995-01,NM,6.3
1995-02,NM,6.3
1995-03,NM,6.3
1995-04,NM,6.3
1995-05,NM,6.3
1995-06,NM,6.4
1995-07,NM,6.6
1995-08,NM,6.7
1995-09,NM,6.9
1995-10,NM,7.0
1995-11,NM,7.2
1995-12,NM,7.3
1996-01,NM,7.4
1996-02,NM,7.6
1996-03,NM,7.6
1996-04,NM,7.7
1996-05,NM,7.7
1996-06,NM,7.7
1996-07,NM,7.6
1996-08,NM,7.6
1996-09,NM,7.5
1996-10,NM,7.4
1996-11,NM,7.3
1996-12,NM,7.2
1997-01,NM,7.1
1997-02,NM,7.0
1997-03,NM,6.9
1997-04,NM,6.7
1997-05,NM,6.6
1997-06,NM,6.4
1997-07,NM,6.2
1997-08,NM,6.1
1997-09,NM,6.0
1997-10,NM,6.0
1997-11,NM,6.0
1997-12,NM,6.1
1998-01,NM,6.2
1998-02,NM,6.3
1998-03,NM,6.3
1998-04,NM,6.3
1998-05,NM,6.3
1998-06,NM,6.3
1998-07,NM,6.3
1998-08,NM,6.3
1998-09,NM,6.3
1998-10,NM,6.2
1998-11,NM,6.1
1998-12,NM,5.9
1999-01,NM,5.8
1999-02,NM,5.8
1999-03,NM,5.7
1999-04,NM,5.7
1999-05,NM,5.6
1999-06,NM,5.6
1999-07,NM,5.6
1999-08,NM,5.6
1999-09,NM,5.6
1999-10,NM,5.5
1999-11,NM,5.3
1999-12,NM,5.2
2000-01,NM,5.1
2000-02,NM,5.1
2000-03,NM,5.0
2000-04,NM,5.0
2000-05,NM,5.0
2000-06,NM,5.0
2000-07,NM,5.0
2000-08,NM,5.0
2000-09,NM,5.0
2000-10,NM,5.0
2000-11,NM,5.0
2000-12,NM,5.0
2001-01,NM,5.0
2001-02,NM,5.0
2001-03,NM,4.9
2001-04,NM,4.9
2001-05,NM,4.8
2001-06,NM,4.8
2001-07,NM,4.8
2001-08,NM,4.8
2001-09,NM,5.0
2001-10,NM,5.1
2001-11,NM,5.2
2001-12,NM,5.3
2002-01,NM,5.3
2002-02,NM,5.4
2002-03,NM,5.4
2002-04,NM,5.5
2002-05,NM,5.5
2002-06,NM,5.5
2002-07,NM,5.5
2002-08,NM,5.5
2002-09,NM,5.5
2002-10,NM,5.5
2002-11,NM,5.5
2002-12,NM,5.6
2003-01,NM,5.6
2003-02,NM,5.7
2003-03,NM,5.8
2003-04,NM,5.8
2003-05,NM,5.9
2003-06,NM,6.0
2003-07,NM,6.1
2003-08,NM,6.1
2003-09,NM,6.1
2003-10,NM,6.1
2003-11,NM,6.0
2003-12,NM,5.9
2004-01,NM,5.8
2004-02,NM,5.8
2004-03,NM,5.7
2004-04,NM,5.7
2004-05,NM,5.6
2004-06,NM,5.5
2004-07,NM,5.5
2004-08,NM,5.4
2004-09,NM,5.4
2004-10,NM,5.5
2004-11,NM,5.5
2004-12,NM,5.6
2005-01,NM,5.6
2005-02,NM,5.6
2005-03,NM,5.6
2005-04,NM,5.5
2005-05,NM,5.4
2005-06,NM,5.3
2005-07,NM,5.2
2005-08,NM,5.1
2005-09,NM,5.0
2005-10,NM,4.9
2005-11,NM,4.8
2005-12,NM,4.7
2006-01,NM,4.6
2006-02,NM,4.5
2006-03,NM,4.4
2006-04,NM,4.4
2006-05,NM,4.3
2006-06,NM,4.3
2006-07,NM,4.3
2006-08,NM,4.2
2006-09,NM,4.1
2006-10,NM,4.0
2006-11,NM,3.9
2006-12,NM,3.8
2007-01,NM,3.7
2007-02,NM,3.6
2007-03,NM,3.6
2007-04,NM,3.6
2007-05,NM,3.5
2007-06,NM,3.5
2007-07,NM,3.5
2007-08,NM,3.5
2007-09,NM,3.5
2007-10,NM,3.5
2007-11,NM,3.5
2007-12,NM,3.5
2008-01,NM,3.6
2008-02,NM,3.7
2008-03,NM,3.8
2008-04,NM,3.9
2008-05,NM,4.1
2008-06,NM,4.2
2008-07,NM,4.4
2008-08,NM,4.5
2008-09,NM,4.7
2008-10,NM,4.9
2008-11,NM,5.2
2008-12,NM,5.5
2009-01,NM,5.8
2009-02,NM,6.1
2009-03,NM,6.4
2009-04,NM,6.6
2009-05,NM,6.9
2009-06,NM,7.1
2009-07,NM,7.3
2009-08,NM,7.4
2009-09,NM,7.6
2009-10,NM,7.7
2009-11,NM,7.8
2009-12,NM,7.9
2010-01,NM,8.0
2010-02,NM,8.0
2010-03,NM,8.0
2010-04,NM,8.0
2010-05,NM,7.9
2010-06,NM,7.8
2010-07,NM,7.8
2010-08,NM,7.8
2010-09,NM,7.7
2010-10,NM,7.7
2010-11,NM,7.6
2010-12,NM,7.5
2011-01,NM,7.4
2011-02,NM,7.3
2011-03,NM,7.2
2011-04,NM,7.2
2011-05,NM,7.2
2011-06,NM,7.2
2011-07,NM,7.2
2011-08,NM,7.2
2011-09,NM,7.2
2011-10,NM,7.2
2011-11,NM,7.2
2011-12,NM,7.1
2012-01,NM,7.0
2012-02,NM,7.0
2012-03,NM,7.0
2012-04,NM,7.0
2012-05,NM,7.0
2012-06,NM,7.0
2012-07,NM,6.9
2012-08,NM,6.9
2012-09,NM,6.9
2012-10,NM,6.9
2012-11,NM,6.9
2012-12,NM,6.9
2013-01,NM,7.0
2013-02,NM,7.0
2013-03,NM,7.0
2013-04,NM,7.0
2013-05,NM,6.9
2013-06,NM,6.9
2013-07,NM,6.9
2013-08,NM,6.9
2013-09,NM,6.8
2013-10,NM,6.8
2013-11,NM,6.8
2013-12,NM,6.8
2014-01,NM,6.8
2014-02,NM,6.7
2014-03,NM,6.7
2014-04,NM,6.6
2014-05,NM,6.6
2014-06,NM,6.6
2014-07,NM,6.5
2014-08,NM,6.5
2014-09,NM,6.5
2014-10,NM,6.4
2014-11,NM,6.4
2014-12,NM,6.4
2015-01,NM,6.5
2015-02,NM,6.5
2015-03,NM,6.6
2015-04,NM,6.7
2015-05,NM,6.7
2015-06,NM,6.7
2015-07,NM,6.7
2015-08,NM,6.7
2015-09,NM,6.6
2015-10,NM,6.6
2015-11,NM,6.5
2015-12,NM,6.5
2016-01,NM,6.5
2016-02,NM,6.5
2016-03,NM,6.5
2016-04,NM,6.6
2016-05,NM,6.7
2016-06,NM,6.8
2016-07,NM,6.9
2016-08,NM,7.0
2016-09,NM,7.0
2016-10,NM,7.0
2016-11,NM,7.0
2016-12,NM,6.9
2017-01,NM,6.8
2017-02,NM,6.7
2017-03,NM,6.6
2017-04,NM,6.5
2017-05,NM,6.3
2017-06,NM,6.2
2017-07,NM,6.0
2017-08,NM,5.9
2017-09,NM,5.8
2017-10,NM,5.7
2017-11,NM,5.5
2017-12,NM,5.4
2018-01,NM,5.2
2018-02,NM,5.1
2018-03,NM,4.9
2018-04,NM,4.8
2018-05,NM,4.8
2018-06,NM,4.7
2018-07,NM,4.7
2018-08,NM,4.8
2018-09,NM,4.9
2018-10,NM,5.0
2018-11,NM,5.1
2018-12,NM,5.2
2019-01,NM,5.1
2019-02,NM,5.1
2019-03,NM,5.0
2019-04,NM,5.0
2019-05,NM,5.0
2019-06,NM,4.9
2019-07,NM,4.9
2019-08,NM,4.9
2019-09,NM,4.9
2019-10,NM,4.9
2019-11,NM,4.9
2019-12,NM,5.0
2020-01,NM,5.1
2020-02,NM,5.3
2020-03,NM,5.9
2020-04,NM,9.0
2020-05,NM,9.3
2020-06,NM,9.0
2020-07,NM,9.0
2020-08,NM,8.6
2020-09,NM,8.7
2020-10,NM,8.4
2020-11,NM,8.4
2020-12,NM,8.4
2021-01,NM,8.2
2021-02,NM,8.2
2021-03,NM,8.0
2021-04,NM,7.9
2021-05,NM,7.6
2021-06,NM,7.5
2021-07,NM,7.1
2021-08,NM,6.8
2021-09,NM,6.3
2021-10,NM,6.0
2021-11,NM,5.8
2021-12,NM,5.6
2022-01,NM,5.4
2022-02,NM,5.1
2022-03,NM,4.7
2022-04,NM,4.4
2022-05,NM,4.2
2022-06,NM,3.9
2022-07,NM,3.6
2022-08,NM,3.4
2022-09,NM,3.4
2022-10,NM,3.5
2022-11,NM,3.6
2022-12,NM,3.6
2023-01,NM,3.6
2023-02,NM,3.6
2023-03,NM,3.6
2023-04,NM,3.6
2023-05,NM,3.6
2023-06,NM,3.6
2023-07,NM,3.6
2023-08,NM,3.7
2023-09,NM,3.7
2023-10,NM,3.7
2023-11,NM,3.8
2023-12,NM,3.8
2024-01,NM,3.8
2024-02,NM,3.8
2024-03,NM,3.9
2024-04,NM,4.0
2024-05,NM,4.1
2024-06,NM,4.2
2024-07,NM,4.2
2024-08,NM,4.3
2024-09,NM,4.2
2024-10,NM,4.2
2024-11,NM,4.2
2024-12,NM,4.2
2025-01,NM,4.1
2025-02,NM,4.1
2025-03,NM,4.1
2025-04,NM,4.1
2025-05,NM,4.0
2025-06,NM,4.0
2025-07,NM,4.0
2025-08,NM,4.1
2025-09,NM,4.2
2025-11,NM,4.3
2025-12,NM,4.3
2026-01,NM,4.5
2026-02,NM,4.7
2026-03,NM,4.8
2026-04,NM,4.9
2026-05,NM,4.9
2026-06,NM,4.8
1990-01,NY,5.2
1990-02,NY,5.1
1990-03,NY,5.1
1990-04,NY,5.0
1990-05,NY,5.0
1990-06,NY,5.0
1990-07,NY,5.1
1990-08,NY,5.3
1990-09,NY,5.4
1990-10,NY,5.7
1990-11,NY,5.9
1990-12,NY,6.2
1991-01,NY,6.4
1991-02,NY,6.7
1991-03,NY,7.0
1991-04,NY,7.2
1991-05,NY,7.3
1991-06,NY,7.4
1991-07,NY,7.4
1991-08,NY,7.4
1991-09,NY,7.5
1991-10,NY,7.6
1991-11,NY,7.8
1991-12,NY,8.0
1992-01,NY,8.3
1992-02,NY,8.4
1992-03,NY,8.6
1992-04,NY,8.7
1992-05,NY,8.8
1992-06,NY,8.9
1992-07,NY,8.9
1992-08,NY,9.0
1992-09,NY,8.9
1992-10,NY,8.8
1992-11,NY,8.7
1992-12,NY,8.6
1993-01,NY,8.4
1993-02,NY,8.3
1993-03,NY,8.1
1993-04,NY,8.0
1993-05,NY,7.9
1993-06,NY,7.9
1993-07,NY,7.9
1993-08,NY,7.8
1993-09,NY,7.8
1993-10,NY,7.8
1993-11,NY,7.8
1993-12,NY,7.7
1994-01,NY,7.7
1994-02,NY,7.5
1994-03,NY,7.4
1994-04,NY,7.3
1994-05,NY,7.1
1994-06,NY,7.0
1994-07,NY,6.8
1994-08,NY,6.7
1994-09,NY,6.6
1994-10,NY,6.5
1994-11,NY,6.3
1994-12,NY,6.2
1995-01,NY,6.1
1995-02,NY,6.2
1995-03,NY,6.2
1995-04,NY,6.3
1995-05,NY,6.3
1995-06,NY,6.4
1995-07,NY,6.4
1995-08,NY,6.5
1995-09,NY,6.4
1995-10,NY,6.4
1995-11,NY,6.4
1995-12,NY,6.3
1996-01,NY,6.3
1996-02,NY,6.3
1996-03,NY,6.3
1996-04,NY,6.3
1996-05,NY,6.3
1996-06,NY,6.2
1996-07,NY,6.2
1996-08,NY,6.1
1996-09,NY,6.1
1996-10,NY,6.1
1996-11,NY,6.3
1996-12,NY,6.4
1997-01,NY,6.5
1997-02,NY,6.5
1997-03,NY,6.6
1997-04,NY,6.6
1997-05,NY,6.6
1997-06,NY,6.5
1997-07,NY,6.5
1997-08,NY,6.4
1997-09,NY,6.3
1997-10,NY,6.2
1997-11,NY,6.2
1997-12,NY,6.1
1998-01,NY,6.0
1998-02,NY,5.9
1998-03,NY,5.8
1998-04,NY,5.7
1998-05,NY,5.6
1998-06,NY,5.5
1998-07,NY,5.5
1998-08,NY,5.5
1998-09,NY,5.4
1998-10,NY,5.4
1998-11,NY,5.4
1998-12,NY,5.3
1999-01,NY,5.3
1999-02,NY,5.3
1999-03,NY,5.3
1999-04,NY,5.3
1999-05,NY,5.3
1999-06,NY,5.3
1999-07,NY,5.3
1999-08,NY,5.2
1999-09,NY,5.2
1999-10,NY,5.0
1999-11,NY,4.9
1999-12,NY,4.8
2000-01,NY,4.7
2000-02,NY,4.6
2000-03,NY,4.6
2000-04,NY,4.6
2000-05,NY,4.5
2000-06,NY,4.5
2000-07,NY,4.5
2000-08,NY,4.5
2000-09,NY,4.5
2000-10,NY,4.4
2000-11,NY,4.3
2000-12,NY,4.3
2001-01,NY,4.2
2001-02,NY,4.2
2001-03,NY,4.2
2001-04,NY,4.3
2001-05,NY,4.4
2001-06,NY,4.6
2001-07,NY,4.8
2001-08,NY,5.0
2001-09,NY,5.3
2001-10,NY,5.6
2001-11,NY,5.8
2001-12,NY,6.0
2002-01,NY,6.2
2002-02,NY,6.3
2002-03,NY,6.3
2002-04,NY,6.3
2002-05,NY,6.3
2002-06,NY,6.2
2002-07,NY,6.1
2002-08,NY,6.1
2002-09,NY,6.1
2002-10,NY,6.1
2002-11,NY,6.2
2002-12,NY,6.2
2003-01,NY,6.3
2003-02,NY,6.3
2003-03,NY,6.4
2003-04,NY,6.4
2003-05,NY,6.4
2003-06,NY,6.5
2003-07,NY,6.5
2003-08,NY,6.5
2003-09,NY,6.5
2003-10,NY,6.4
2003-11,NY,6.4
2003-12,NY,6.4
2004-01,NY,6.3
2004-02,NY,6.3
2004-03,NY,6.2
2004-04,NY,6.2
2004-05,NY,6.0
2004-06,NY,5.9
2004-07,NY,5.8
2004-08,NY,5.6
2004-09,NY,5.5
2004-10,NY,5.4
2004-11,NY,5.3
2004-12,NY,5.2
2005-01,NY,5.1
2005-02,NY,5.1
2005-03,NY,5.0
2005-04,NY,4.9
2005-05,NY,4.9
2005-06,NY,4.9
2005-07,NY,4.9
2005-08,NY,5.0
2005-09,NY,5.0
2005-10,NY,4.9
2005-11,NY,4.9
2005-12,NY,4.8
2006-01,NY,4.8
2006-02,NY,4.7
2006-03,NY,4.7
2006-04,NY,4.6
2006-05,NY,4.6
2006-06,NY,4.6
2006-07,NY,4.5
2006-08,NY,4.4
2006-09,NY,4.4
2006-10,NY,4.3
2006-11,NY,4.2
2006-12,NY,4.2
2007-01,NY,4.2
2007-02,NY,4.2
2007-03,NY,4.2
2007-04,NY,4.2
2007-05,NY,4.3
2007-06,NY,4.4
2007-07,NY,4.5
2007-08,NY,4.5
2007-09,NY,4.6
2007-10,NY,4.6
2007-11,NY,4.7
2007-12,NY,4.7
2008-01,NY,4.7
2008-02,NY,4.7
2008-03,NY,4.8
2008-04,NY,4.9
2008-05,NY,5.0
2008-06,NY,5.1
2008-07,NY,5.3
2008-08,NY,5.5
2008-09,NY,5.7
2008-10,NY,6.0
2008-11,NY,6.3
2008-12,NY,6.7
2009-01,NY,7.1
2009-02,NY,7.5
2009-03,NY,7.9
2009-04,NY,8.2
2009-05,NY,8.4
2009-06,NY,8.5
2009-07,NY,8.6
2009-08,NY,8.7
2009-09,NY,8.8
2009-10,NY,8.9
2009-11,NY,9.0
2009-12,NY,9.0
2010-01,NY,9.0
2010-02,NY,9.0
2010-03,NY,8.9
2010-04,NY,8.9
2010-05,NY,8.8
2010-06,NY,8.7
2010-07,NY,8.7
2010-08,NY,8.6
2010-09,NY,8.6
2010-10,NY,8.6
2010-11,NY,8.5
2010-12,NY,8.5
2011-01,NY,8.4
2011-02,NY,8.3
2011-03,NY,8.2
2011-04,NY,8.2
2011-05,NY,8.2
2011-06,NY,8.3
2011-07,NY,8.3
2011-08,NY,8.4
2011-09,NY,8.4
2011-10,NY,8.5
2011-11,NY,8.5
2011-12,NY,8.6
2012-01,NY,8.6
2012-02,NY,8.7
2012-03,NY,8.7
2012-04,NY,8.8
2012-05,NY,8.8
2012-06,NY,8.8
2012-07,NY,8.8
2012-08,NY,8.7
2012-09,NY,8.6
2012-10,NY,8.5
2012-11,NY,8.4
2012-12,NY,8.4
2013-01,NY,8.3
2013-02,NY,8.2
2013-03,NY,8.1
2013-04,NY,8.0
2013-05,NY,8.0
2013-06,NY,7.9
2013-07,NY,7.9
2013-08,NY,7.8
2013-09,NY,7.7
2013-10,NY,7.5
2013-11,NY,7.3
2013-12,NY,7.1
2014-01,NY,7.0
2014-02,NY,6.8
2014-03,NY,6.7
2014-04,NY,6.6
2014-05,NY,6.4
2014-06,NY,6.3
2014-07,NY,6.2
2014-08,NY,6.1
2014-09,NY,6.0
2014-10,NY,5.9
2014-11,NY,5.8
2014-12,NY,5.7
2015-01,NY,5.7
2015-02,NY,5.6
2015-03,NY,5.6
2015-04,NY,5.5
2015-05,NY,5.4
2015-06,NY,5.3
2015-07,NY,5.1
2015-08,NY,5.0
2015-09,NY,4.9
2015-10,NY,4.9
2015-11,NY,4.8
2015-12,NY,4.8
2016-01,NY,4.8
2016-02,NY,4.8
2016-03,NY,4.8
2016-04,NY,4.8
2016-05,NY,4.8
2016-06,NY,4.9
2016-07,NY,4.9
2016-08,NY,5.0
2016-09,NY,5.0
2016-10,NY,5.0
2016-11,NY,4.9
2016-12,NY,4.8
2017-01,NY,4.7
2017-02,NY,4.6
2017-03,NY,4.6
2017-04,NY,4.6
2017-05,NY,4.6
2017-06,NY,4.6
2017-07,NY,4.7
2017-08,NY,4.7
2017-09,NY,4.7
2017-10,NY,4.7
2017-11,NY,4.6
2017-12,NY,4.6
2018-01,NY,4.5
2018-02,NY,4.4
2018-03,NY,4.3
2018-04,NY,4.2
2018-05,NY,4.1
2018-06,NY,4.0
2018-07,NY,3.9
2018-08,NY,3.9
2018-09,NY,3.9
2018-10,NY,4.0
2018-11,NY,4.0
2018-12,NY,4.0
2019-01,NY,4.0
2019-02,NY,3.9
2019-03,NY,3.9
2019-04,NY,3.8
2019-05,NY,3.8
2019-06,NY,3.8
2019-07,NY,3.8
2019-08,NY,3.9
2019-09,NY,3.9
2019-10,NY,3.9
2019-11,NY,4.0
2019-12,NY,4.0
2020-01,NY,4.1
2020-02,NY,4.2
2020-03,NY,4.2
2020-04,NY,15.7
2020-05,NY,16.7
2020-06,NY,13.6
2020-07,NY,12.6
2020-08,NY,10.8
2020-09,NY,10.2
2020-10,NY,9.2
2020-11,NY,8.9
2020-12,NY,8.7
2021-01,NY,8.5
2021-02,NY,8.3
2021-03,NY,8.1
2021-04,NY,7.9
2021-05,NY,7.5
2021-06,NY,7.5
2021-07,NY,7.0
2021-08,NY,6.8
2021-09,NY,6.2
2021-10,NY,5.9
2021-11,NY,5.5
2021-12,NY,5.4
2022-01,NY,5.2
2022-02,NY,4.8
2022-03,NY,4.6
2022-04,NY,4.5
2022-05,NY,4.3
2022-06,NY,4.2
2022-07,NY,4.0
2022-08,NY,3.8
2022-09,NY,3.9
2022-10,NY,4.0
2022-11,NY,4.0
2022-12,NY,4.0
2023-01,NY,4.0
2023-02,NY,4.0
2023-03,NY,4.0
2023-04,NY,3.9
2023-05,NY,3.9
2023-06,NY,3.9
2023-07,NY,4.0
2023-08,NY,4.0
2023-09,NY,4.1
2023-10,NY,4.1
2023-11,NY,4.2
2023-12,NY,4.2
2024-01,NY,4.1
2024-02,NY,4.1
2024-03,NY,4.1
2024-04,NY,4.2
2024-05,NY,4.2
2024-06,NY,4.2
2024-07,NY,4.2
2024-08,NY,4.2
2024-09,NY,4.2
2024-10,NY,4.1
2024-11,NY,4.1
2024-12,NY,4.1
2025-01,NY,4.1
2025-02,NY,4.1
2025-03,NY,4.1
2025-04,NY,4.1
2025-05,NY,4.2
2025-06,NY,4.3
2025-07,NY,4.4
2025-08,NY,4.5
2025-09,NY,4.6
2025-11,NY,4.6
2025-12,NY,4.6
2026-01,NY,4.6
2026-02,NY,4.6
2026-03,NY,4.6
2026-04,NY,4.6
2026-05,NY,4.6
2026-06,NY,4.6
1990-01,NC,3.5
1990-02,NC,3.5
1990-03,NC,3.6
1990-04,NC,3.6
1990-05,NC,3.7
1990-06,NC,3.9
1990-07,NC,4.0
1990-08,NC,4.2
1990-09,NC,4.5
1990-10,NC,4.7
1990-11,NC,5.0
1990-12,NC,5.3
1991-01,NC,5.5
1991-02,NC,5.7
1991-03,NC,5.9
1991-04,NC,6.0
1991-05,NC,6.0
1991-06,NC,6.0
1991-07,NC,5.9
1991-08,NC,5.9
1991-09,NC,5.9
1991-10,NC,6.0
1991-11,NC,6.1
1991-12,NC,6.2
1992-01,NC,6.3
1992-02,NC,6.3
1992-03,NC,6.4
1992-04,NC,6.4
1992-05,NC,6.4
1992-06,NC,6.3
1992-07,NC,6.3
1992-08,NC,6.3
1992-09,NC,6.2
1992-10,NC,6.1
1992-11,NC,6.0
1992-12,NC,5.9
1993-01,NC,5.7
1993-02,NC,5.6
1993-03,NC,5.5
1993-04,NC,5.4
1993-05,NC,5.3
1993-06,NC,5.2
1993-07,NC,5.0
1993-08,NC,4.9
1993-09,NC,4.8
1993-10,NC,4.7
1993-11,NC,4.7
1993-12,NC,4.6
1994-01,NC,4.6
1994-02,NC,4.5
1994-03,NC,4.5
1994-04,NC,4.5
1994-05,NC,4.5
1994-06,NC,4.4
1994-07,NC,4.5
1994-08,NC,4.4
1994-09,NC,4.4
1994-10,NC,4.3
1994-11,NC,4.2
1994-12,NC,4.1
1995-01,NC,4.1
1995-02,NC,4.1
1995-03,NC,4.1
1995-04,NC,4.2
1995-05,NC,4.3
1995-06,NC,4.4
1995-07,NC,4.5
1995-08,NC,4.5
1995-09,NC,4.5
1995-10,NC,4.5
1995-11,NC,4.6
1995-12,NC,4.6
1996-01,NC,4.6
1996-02,NC,4.6
1996-03,NC,4.6
1996-04,NC,4.5
1996-05,NC,4.4
1996-06,NC,4.4
1996-07,NC,4.3
1996-08,NC,4.2
1996-09,NC,4.2
1996-10,NC,4.1
1996-11,NC,4.1
1996-12,NC,4.1
1997-01,NC,4.0
1997-02,NC,4.0
1997-03,NC,3.9
1997-04,NC,3.9
1997-05,NC,3.9
1997-06,NC,3.8
1997-07,NC,3.8
1997-08,NC,3.8
1997-09,NC,3.7
1997-10,NC,3.7
1997-11,NC,3.7
1997-12,NC,3.7
1998-01,NC,3.8
1998-02,NC,3.7
1998-03,NC,3.7
1998-04,NC,3.7
1998-05,NC,3.6
1998-06,NC,3.5
1998-07,NC,3.5
1998-08,NC,3.5
1998-09,NC,3.4
1998-10,NC,3.4
1998-11,NC,3.3
1998-12,NC,3.2
1999-01,NC,3.2
1999-02,NC,3.2
1999-03,NC,3.2
1999-04,NC,3.2
1999-05,NC,3.2
1999-06,NC,3.3
1999-07,NC,3.3
1999-08,NC,3.4
1999-09,NC,3.4
1999-10,NC,3.4
1999-11,NC,3.4
1999-12,NC,3.4
2000-01,NC,3.4
2000-02,NC,3.4
2000-03,NC,3.4
2000-04,NC,3.5
2000-05,NC,3.6
2000-06,NC,3.7
2000-07,NC,3.8
2000-08,NC,3.9
2000-09,NC,4.0
2000-10,NC,4.0
2000-11,NC,4.1
2000-12,NC,4.2
2001-01,NC,4.4
2001-02,NC,4.6
2001-03,NC,4.8
2001-04,NC,4.9
2001-05,NC,5.1
2001-06,NC,5.3
2001-07,NC,5.5
2001-08,NC,5.7
2001-09,NC,6.0
2001-10,NC,6.2
2001-11,NC,6.5
2001-12,NC,6.7
2002-01,NC,6.8
2002-02,NC,6.8
2002-03,NC,6.8
2002-04,NC,6.7
2002-05,NC,6.6
2002-06,NC,6.5
2002-07,NC,6.4
2002-08,NC,6.3
2002-09,NC,6.3
2002-10,NC,6.3
2002-11,NC,6.4
2002-12,NC,6.4
2003-01,NC,6.3
2003-02,NC,6.3
2003-03,NC,6.3
2003-04,NC,6.4
2003-05,NC,6.4
2003-06,NC,6.5
2003-07,NC,6.4
2003-08,NC,6.4
2003-09,NC,6.2
2003-10,NC,6.1
2003-11,NC,6.0
2003-12,NC,5.8
2004-01,NC,5.8
2004-02,NC,5.7
2004-03,NC,5.7
2004-04,NC,5.6
2004-05,NC,5.5
2004-06,NC,5.4
2004-07,NC,5.4
2004-08,NC,5.3
2004-09,NC,5.3
2004-10,NC,5.3
2004-11,NC,5.3
2004-12,NC,5.3
2005-01,NC,5.4
2005-02,NC,5.4
2005-03,NC,5.3
2005-04,NC,5.3
2005-05,NC,5.3
2005-06,NC,5.3
2005-07,NC,5.2
2005-08,NC,5.2
2005-09,NC,5.2
2005-10,NC,5.1
2005-11,NC,5.0
2005-12,NC,4.9
2006-01,NC,4.8
2006-02,NC,4.7
2006-03,NC,4.6
2006-04,NC,4.6
2006-05,NC,4.7
2006-06,NC,4.7
2006-07,NC,4.8
2006-08,NC,4.8
2006-09,NC,4.8
2006-10,NC,4.8
2006-11,NC,4.8
2006-12,NC,4.7
2007-01,NC,4.6
2007-02,NC,4.6
2007-03,NC,4.5
2007-04,NC,4.5
2007-05,NC,4.6
2007-06,NC,4.6
2007-07,NC,4.7
2007-08,NC,4.8
2007-09,NC,4.9
2007-10,NC,4.9
2007-11,NC,5.0
2007-12,NC,4.9
2008-01,NC,4.9
2008-02,NC,4.9
2008-03,NC,4.9
2008-04,NC,5.1
2008-05,NC,5.2
2008-06,NC,5.4
2008-07,NC,5.6
2008-08,NC,5.7
2008-09,NC,5.8
2008-10,NC,6.0
2008-11,NC,8.3
2008-12,NC,9.4
2009-01,NC,10.0
2009-02,NC,10.5
2009-03,NC,10.8
2009-04,NC,10.9
2009-05,NC,11.0
2009-06,NC,11.0
2009-07,NC,10.9
2009-08,NC,10.8
2009-09,NC,10.8
2009-10,NC,10.8
2009-11,NC,10.9
2009-12,NC,11.1
2010-01,NC,11.2
2010-02,NC,11.2
2010-03,NC,11.2
2010-04,NC,11.0
2010-05,NC,10.9
2010-06,NC,10.6
2010-07,NC,10.6
2010-08,NC,10.6
2010-09,NC,10.5
2010-10,NC,10.5
2010-11,NC,10.7
2010-12,NC,10.6
2011-01,NC,10.5
2011-02,NC,10.4
2011-03,NC,10.3
2011-04,NC,10.3
2011-05,NC,10.3
2011-06,NC,10.4
2011-07,NC,10.5
2011-08,NC,10.5
2011-09,NC,10.5
2011-10,NC,10.4
2011-11,NC,10.1
2011-12,NC,10.0
2012-01,NC,9.8
2012-02,NC,9.7
2012-03,NC,9.6
2012-04,NC,9.5
2012-05,NC,9.6
2012-06,NC,9.6
2012-07,NC,9.7
2012-08,NC,9.6
2012-09,NC,9.5
2012-10,NC,9.5
2012-11,NC,9.5
2012-12,NC,9.6
2013-01,NC,9.7
2013-02,NC,9.2
2013-03,NC,8.9
2013-04,NC,8.5
2013-05,NC,8.2
2013-06,NC,7.9
2013-07,NC,7.5
2013-08,NC,7.3
2013-09,NC,6.6
2013-10,NC,6.6
2013-11,NC,6.5
2013-12,NC,6.4
2014-01,NC,6.4
2014-02,NC,6.3
2014-03,NC,6.3
2014-04,NC,6.3
2014-05,NC,6.2
2014-06,NC,6.2
2014-07,NC,6.1
2014-08,NC,6.1
2014-09,NC,6.0
2014-10,NC,5.9
2014-11,NC,5.8
2014-12,NC,5.8
2015-01,NC,5.7
2015-02,NC,5.7
2015-03,NC,5.8
2015-04,NC,5.8
2015-05,NC,5.8
2015-06,NC,5.8
2015-07,NC,5.7
2015-08,NC,5.7
2015-09,NC,5.6
2015-10,NC,5.5
2015-11,NC,5.4
2015-12,NC,5.4
2016-01,NC,5.3
2016-02,NC,5.2
2016-03,NC,5.2
2016-04,NC,5.1
2016-05,NC,5.0
2016-06,NC,5.0
2016-07,NC,5.0
2016-08,NC,5.1
2016-09,NC,5.1
2016-10,NC,5.1
2016-11,NC,5.1
2016-12,NC,5.0
2017-01,NC,4.9
2017-02,NC,4.8
2017-03,NC,4.7
2017-04,NC,4.6
2017-05,NC,4.5
2017-06,NC,4.5
2017-07,NC,4.5
2017-08,NC,4.5
2017-09,NC,4.5
2017-10,NC,4.4
2017-11,NC,4.4
2017-12,NC,4.3
2018-01,NC,4.2
2018-02,NC,4.2
2018-03,NC,4.1
2018-04,NC,4.0
2018-05,NC,3.9
2018-06,NC,3.9
2018-07,NC,3.9
2018-08,NC,3.9
2018-09,NC,4.0
2018-10,NC,4.0
2018-11,NC,4.0
2018-12,NC,4.0
2019-01,NC,4.0
2019-02,NC,4.0
2019-03,NC,3.9
2019-04,NC,3.9
2019-05,NC,3.8
2019-06,NC,3.9
2019-07,NC,3.9
2019-08,NC,3.9
2019-09,NC,3.9
2019-10,NC,3.8
2019-11,NC,3.8
2019-12,NC,3.7
2020-01,NC,3.8
2020-02,NC,3.8
2020-03,NC,4.0
2020-04,NC,14.2
2020-05,NC,11.6
2020-06,NC,9.8
2020-07,NC,8.7
2020-08,NC,7.4
2020-09,NC,6.8
2020-10,NC,6.1
2020-11,NC,5.9
2020-12,NC,5.8
2021-01,NC,5.6
2021-02,NC,5.5
2021-03,NC,5.4
2021-04,NC,5.3
2021-05,NC,5.1
2021-06,NC,5.1
2021-07,NC,4.9
2021-08,NC,4.7
2021-09,NC,4.5
2021-10,NC,4.2
2021-11,NC,4.0
2021-12,NC,3.8
2022-01,NC,3.7
2022-02,NC,3.6
2022-03,NC,3.6
2022-04,NC,3.6
2022-05,NC,3.6
2022-06,NC,3.7
2022-07,NC,3.7
2022-08,NC,3.8
2022-09,NC,3.8
2022-10,NC,3.7
2022-11,NC,3.7
2022-12,NC,3.6
2023-01,NC,3.6
2023-02,NC,3.5
2023-03,NC,3.5
2023-04,NC,3.4
2023-05,NC,3.4
2023-06,NC,3.4
2023-07,NC,3.4
2023-08,NC,3.5
2023-09,NC,3.5
2023-10,NC,3.5
2023-11,NC,3.5
2023-12,NC,3.5
2024-01,NC,3.5
2024-02,NC,3.5
2024-03,NC,3.6
2024-04,NC,3.6
2024-05,NC,3.6
2024-06,NC,3.6
2024-07,NC,3.7
2024-08,NC,3.7
2024-09,NC,3.7
2024-10,NC,3.7
2024-11,NC,3.7
2024-12,NC,3.8
2025-01,NC,3.8
2025-02,NC,3.8
2025-03,NC,3.8
2025-04,NC,3.8
2025-05,NC,3.8
2025-06,NC,3.8
2025-07,NC,3.9
2025-08,NC,3.9
2025-09,NC,3.9
2025-11,NC,3.8
2025-12,NC,3.8
2026-01,NC,3.8
2026-02,NC,3.8
2026-03,NC,3.7
2026-04,NC,3.7
2026-05,NC,3.7
2026-06,NC,3.6
1990-01,ND,4.2
1990-02,ND,4.2
1990-03,ND,4.1
1990-04,ND,4.1
1990-05,ND,4.1
1990-06,ND,4.1
1990-07,ND,4.1
1990-08,ND,4.2
1990-09,ND,4.2
1990-10,ND,4.2
1990-11,ND,4.2
1990-12,ND,4.2
1991-01,ND,4.2
1991-02,ND,4.3
1991-03,ND,4.4
1991-04,ND,4.4
1991-05,ND,4.5
1991-06,ND,4.5
1991-07,ND,4.4
1991-08,ND,4.3
1991-09,ND,4.3
1991-10,ND,4.3
1991-11,ND,4.3
1991-12,ND,4.4
1992-01,ND,4.4
1992-02,ND,4.5
1992-03,ND,4.5
1992-04,ND,4.6
1992-05,ND,4.6
1992-06,ND,4.6
1992-07,ND,4.6
1992-08,ND,4.6
1992-09,ND,4.5
1992-10,ND,4.5
1992-11,ND,4.5
1992-12,ND,4.5
1993-01,ND,4.4
1993-02,ND,4.4
1993-03,ND,4.4
1993-04,ND,4.3
1993-05,ND,4.3
1993-06,ND,4.3
1993-07,ND,4.2
1993-08,ND,4.2
1993-09,ND,4.2
1993-10,ND,4.1
1993-11,ND,4.1
1993-12,ND,4.1
1994-01,ND,4.0
1994-02,ND,4.0
1994-03,ND,3.9
1994-04,ND,3.8
1994-05,ND,3.7
1994-06,ND,3.6
1994-07,ND,3.6
1994-08,ND,3.6
1994-09,ND,3.6
1994-10,ND,3.6
1994-11,ND,3.6
1994-12,ND,3.5
1995-01,ND,3.5
1995-02,ND,3.4
1995-03,ND,3.4
1995-04,ND,3.4
1995-05,ND,3.3
1995-06,ND,3.3
1995-07,ND,3.3
1995-08,ND,3.3
1995-09,ND,3.3
1995-10,ND,3.3
1995-11,ND,3.2
1995-12,ND,3.2
1996-01,ND,3.2
1996-02,ND,3.2
1996-03,ND,3.2
1996-04,ND,3.2
1996-05,ND,3.2
1996-06,ND,3.1
1996-07,ND,3.1
1996-08,ND,3.1
1996-09,ND,3.1
1996-10,ND,3.1
1996-11,ND,3.1
1996-12,ND,3.1
1997-01,ND,3.1
1997-02,ND,3.1
1997-03,ND,3.1
1997-04,ND,3.1
1997-05,ND,3.1
1997-06,ND,3.0
1997-07,ND,3.0
1997-08,ND,2.9
1997-09,ND,2.8
1997-10,ND,2.7
1997-11,ND,2.7
1997-12,ND,2.7
1998-01,ND,2.7
1998-02,ND,2.7
1998-03,ND,2.8
1998-04,ND,2.8
1998-05,ND,2.9
1998-06,ND,2.9
1998-07,ND,3.0
1998-08,ND,3.1
1998-09,ND,3.1
1998-10,ND,3.2
1998-11,ND,3.2
1998-12,ND,3.2
1999-01,ND,3.2
1999-02,ND,3.2
1999-03,ND,3.2
1999-04,ND,3.2
1999-05,ND,3.2
1999-06,ND,3.2
1999-07,ND,3.2
1999-08,ND,3.2
1999-09,ND,3.1
1999-10,ND,3.1
1999-11,ND,3.0
1999-12,ND,3.0
2000-01,ND,3.0
2000-02,ND,3.0
2000-03,ND,2.9
2000-04,ND,2.9
2000-05,ND,2.9
2000-06,ND,2.9
2000-07,ND,2.9
2000-08,ND,2.9
2000-09,ND,2.9
2000-10,ND,2.9
2000-11,ND,2.9
2000-12,ND,2.8
2001-01,ND,2.8
2001-02,ND,2.8
2001-03,ND,2.7
2001-04,ND,2.7
2001-05,ND,2.7
2001-06,ND,2.7
2001-07,ND,2.7
2001-08,ND,2.8
2001-09,ND,2.9
2001-10,ND,2.9
2001-11,ND,3.0
2001-12,ND,3.1
2002-01,ND,3.2
2002-02,ND,3.3
2002-03,ND,3.4
2002-04,ND,3.4
2002-05,ND,3.4
2002-06,ND,3.4
2002-07,ND,3.4
2002-08,ND,3.4
2002-09,ND,3.4
2002-10,ND,3.4
2002-11,ND,3.4
2002-12,ND,3.4
2003-01,ND,3.4
2003-02,ND,3.4
2003-03,ND,3.4
2003-04,ND,3.5
2003-05,ND,3.5
2003-06,ND,3.5
2003-07,ND,3.5
2003-08,ND,3.5
2003-09,ND,3.5
2003-10,ND,3.4
2003-11,ND,3.4
2003-12,ND,3.4
2004-01,ND,3.3
2004-02,ND,3.3
2004-03,ND,3.3
2004-04,ND,3.3
2004-05,ND,3.3
2004-06,ND,3.4
2004-07,ND,3.4
2004-08,ND,3.4
2004-09,ND,3.4
2004-10,ND,3.4
2004-11,ND,3.4
2004-12,ND,3.4
2005-01,ND,3.4
2005-02,ND,3.4
2005-03,ND,3.4
2005-04,ND,3.4
2005-05,ND,3.4
2005-06,ND,3.3
2005-07,ND,3.3
2005-08,ND,3.3
2005-09,ND,3.3
2005-10,ND,3.3
2005-11,ND,3.2
2005-12,ND,3.2
2006-01,ND,3.2
2006-02,ND,3.1
2006-03,ND,3.1
2006-04,ND,3.1
2006-05,ND,3.1
2006-06,ND,3.1
2006-07,ND,3.1
2006-08,ND,3.1
2006-09,ND,3.2
2006-10,ND,3.1
2006-11,ND,3.1
2006-12,ND,3.1
2007-01,ND,3.1
2007-02,ND,3.0
2007-03,ND,3.0
2007-04,ND,3.0
2007-05,ND,3.0
2007-06,ND,3.0
2007-07,ND,3.1
2007-08,ND,3.1
2007-09,ND,3.1
2007-10,ND,3.1
2007-11,ND,3.0
2007-12,ND,3.0
2008-01,ND,2.9
2008-02,ND,2.8
2008-03,ND,2.8
2008-04,ND,2.9
2008-05,ND,3.0
2008-06,ND,3.0
2008-07,ND,3.1
2008-08,ND,3.1
2008-09,ND,3.2
2008-10,ND,3.2
2008-11,ND,3.4
2008-12,ND,3.5
2009-01,ND,3.7
2009-02,ND,3.9
2009-03,ND,4.0
2009-04,ND,4.0
2009-05,ND,4.0
2009-06,ND,3.9
2009-07,ND,3.9
2009-08,ND,3.8
2009-09,ND,3.8
2009-10,ND,3.8
2009-11,ND,3.8
2009-12,ND,3.9
2010-01,ND,3.9
2010-02,ND,3.8
2010-03,ND,3.8
2010-04,ND,3.7
2010-05,ND,3.7
2010-06,ND,3.6
2010-07,ND,3.6
2010-08,ND,3.6
2010-09,ND,3.6
2010-10,ND,3.6
2010-11,ND,3.5
2010-12,ND,3.5
2011-01,ND,3.4
2011-02,ND,3.4
2011-03,ND,3.4
2011-04,ND,3.4
2011-05,ND,3.4
2011-06,ND,3.4
2011-07,ND,3.4
2011-08,ND,3.4
2011-09,ND,3.3
2011-10,ND,3.3
2011-11,ND,3.2
2011-12,ND,3.1
2012-01,ND,3.0
2012-02,ND,2.9
2012-03,ND,2.9
2012-04,ND,2.9
2012-05,ND,2.9
2012-06,ND,2.9
2012-07,ND,2.9
2012-08,ND,2.9
2012-09,ND,3.0
2012-10,ND,3.0
2012-11,ND,3.0
2012-12,ND,3.0
2013-01,ND,3.0
2013-02,ND,3.0
2013-03,ND,3.0
2013-04,ND,2.9
2013-05,ND,2.9
2013-06,ND,2.9
2013-07,ND,2.9
2013-08,ND,2.9
2013-09,ND,2.8
2013-10,ND,2.8
2013-11,ND,2.8
2013-12,ND,2.8
2014-01,ND,2.7
2014-02,ND,2.7
2014-03,ND,2.7
2014-04,ND,2.7
2014-05,ND,2.6
2014-06,ND,2.6
2014-07,ND,2.7
2014-08,ND,2.7
2014-09,ND,2.7
2014-10,ND,2.7
2014-11,ND,2.6
2014-12,ND,2.6
2015-01,ND,2.6
2015-02,ND,2.7
2015-03,ND,2.7
2015-04,ND,2.8
2015-05,ND,2.8
2015-06,ND,2.8
2015-07,ND,2.8
2015-08,ND,2.8
2015-09,ND,2.8
2015-10,ND,2.8
2015-11,ND,2.8
2015-12,ND,2.9
2016-01,ND,3.0
2016-02,ND,3.1
2016-03,ND,3.1
2016-04,ND,3.1
2016-05,ND,3.1
2016-06,ND,3.1
2016-07,ND,3.0
2016-08,ND,3.0
2016-09,ND,3.0
2016-10,ND,2.9
2016-11,ND,2.9
2016-12,ND,2.9
2017-01,ND,2.8
2017-02,ND,2.8
2017-03,ND,2.7
2017-04,ND,2.6
2017-05,ND,2.5
2017-06,ND,2.5
2017-07,ND,2.5
2017-08,ND,2.5
2017-09,ND,2.5
2017-10,ND,2.6
2017-11,ND,2.6
2017-12,ND,2.6
2018-01,ND,2.6
2018-02,ND,2.6
2018-03,ND,2.6
2018-04,ND,2.5
2018-05,ND,2.4
2018-06,ND,2.3
2018-07,ND,2.3
2018-08,ND,2.2
2018-09,ND,2.3
2018-10,ND,2.3
2018-11,ND,2.3
2018-12,ND,2.3
2019-01,ND,2.4
2019-02,ND,2.3
2019-03,ND,2.3
2019-04,ND,2.2
2019-05,ND,2.1
2019-06,ND,2.1
2019-07,ND,2.1
2019-08,ND,2.1
2019-09,ND,2.1
2019-10,ND,2.1
2019-11,ND,2.0
2019-12,ND,2.0
2020-01,ND,2.1
2020-02,ND,2.2
2020-03,ND,2.5
2020-04,ND,8.7
2020-05,ND,7.3
2020-06,ND,6.5
2020-07,ND,6.2
2020-08,ND,5.6
2020-09,ND,5.3
2020-10,ND,4.8
2020-11,ND,4.5
2020-12,ND,4.4
2021-01,ND,4.0
2021-02,ND,3.9
2021-03,ND,3.7
2021-04,ND,3.5
2021-05,ND,3.3
2021-06,ND,3.1
2021-07,ND,3.0
2021-08,ND,2.8
2021-09,ND,2.7
2021-10,ND,2.5
2021-11,ND,2.4
2021-12,ND,2.3
2022-01,ND,2.3
2022-02,ND,2.2
2022-03,ND,2.1
2022-04,ND,2.1
2022-05,ND,2.0
2022-06,ND,2.0
2022-07,ND,2.1
2022-08,ND,2.1
2022-09,ND,2.1
2022-10,ND,2.2
2022-11,ND,2.2
2022-12,ND,2.1
2023-01,ND,2.1
2023-02,ND,2.1
2023-03,ND,2.0
2023-04,ND,2.0
2023-05,ND,2.0
2023-06,ND,2.0
2023-07,ND,2.0
2023-08,ND,2.0
2023-09,ND,2.1
2023-10,ND,2.1
2023-11,ND,2.2
2023-12,ND,2.2
2024-01,ND,2.2
2024-02,ND,2.2
2024-03,ND,2.3
2024-04,ND,2.3
2024-05,ND,2.4
2024-06,ND,2.4
2024-07,ND,2.5
2024-08,ND,2.5
2024-09,ND,2.5
2024-10,ND,2.5
2024-11,ND,2.5
2024-12,ND,2.5
2025-01,ND,2.6
2025-02,ND,2.6
2025-03,ND,2.6
2025-04,ND,2.6
2025-05,ND,2.6
2025-06,ND,2.6
2025-07,ND,2.6
2025-08,ND,2.6
2025-09,ND,2.6
2025-11,ND,2.6
2025-12,ND,2.6
2026-01,ND,2.6
2026-02,ND,2.6
2026-03,ND,2.5
2026-04,ND,2.4
2026-05,ND,2.4
2026-06,ND,2.3
1990-01,OH,5.9
1990-02,OH,5.8
1990-03,OH,5.7
1990-04,OH,5.6
1990-05,OH,5.5
1990-06,OH,5.5
1990-07,OH,5.5
1990-08,OH,5.6
1990-09,OH,5.7
1990-10,OH,5.8
1990-11,OH,6.0
1990-12,OH,6.3
1991-01,OH,6.5
1991-02,OH,6.7
1991-03,OH,6.8
1991-04,OH,6.8
1991-05,OH,6.7
1991-06,OH,6.6
1991-07,OH,6.5
1991-08,OH,6.4
1991-09,OH,6.4
1991-10,OH,6.4
1991-11,OH,6.6
1991-12,OH,6.8
1992-01,OH,7.0
1992-02,OH,7.2
1992-03,OH,7.3
1992-04,OH,7.5
1992-05,OH,7.5
1992-06,OH,7.6
1992-07,OH,7.6
1992-08,OH,7.6
1992-09,OH,7.5
1992-10,OH,7.4
1992-11,OH,7.3
1992-12,OH,7.2
1993-01,OH,7.1
1993-02,OH,7.0
1993-03,OH,6.9
1993-04,OH,6.8
1993-05,OH,6.7
1993-06,OH,6.6
1993-07,OH,6.6
1993-08,OH,6.6
1993-09,OH,6.5
1993-10,OH,6.5
1993-11,OH,6.4
1993-12,OH,6.4
1994-01,OH,6.3
1994-02,OH,6.3
1994-03,OH,6.2
1994-04,OH,6.1
1994-05,OH,6.0
1994-06,OH,5.8
1994-07,OH,5.7
1994-08,OH,5.5
1994-09,OH,5.3
1994-10,OH,5.0
1994-11,OH,4.8
1994-12,OH,4.6
1995-01,OH,4.5
1995-02,OH,4.5
1995-03,OH,4.5
1995-04,OH,4.7
1995-05,OH,4.8
1995-06,OH,4.9
1995-07,OH,5.0
1995-08,OH,5.0
1995-09,OH,5.1
1995-10,OH,5.1
1995-11,OH,5.1
1995-12,OH,5.1
1996-01,OH,5.1
1996-02,OH,5.1
1996-03,OH,5.1
1996-04,OH,5.1
1996-05,OH,5.0
1996-06,OH,5.0
1996-07,OH,4.9
1996-08,OH,4.9
1996-09,OH,4.9
1996-10,OH,4.9
1996-11,OH,5.0
1996-12,OH,5.0
1997-01,OH,5.1
1997-02,OH,5.0
1997-03,OH,4.9
1997-04,OH,4.7
1997-05,OH,4.6
1997-06,OH,4.5
1997-07,OH,4.4
1997-08,OH,4.4
1997-09,OH,4.4
1997-10,OH,4.5
1997-11,OH,4.5
1997-12,OH,4.4
1998-01,OH,4.4
1998-02,OH,4.3
1998-03,OH,4.2
1998-04,OH,4.2
1998-05,OH,4.3
1998-06,OH,4.3
1998-07,OH,4.4
1998-08,OH,4.4
1998-09,OH,4.5
1998-10,OH,4.4
1998-11,OH,4.3
1998-12,OH,4.3
1999-01,OH,4.3
1999-02,OH,4.3
1999-03,OH,4.3
1999-04,OH,4.3
1999-05,OH,4.3
1999-06,OH,4.4
1999-07,OH,4.4
1999-08,OH,4.4
1999-09,OH,4.4
1999-10,OH,4.3
1999-11,OH,4.3
1999-12,OH,4.2
2000-01,OH,4.2
2000-02,OH,4.1
2000-03,OH,4.1
2000-04,OH,4.1
2000-05,OH,4.1
2000-06,OH,4.1
2000-07,OH,4.1
2000-08,OH,4.1
2000-09,OH,4.1
2000-10,OH,4.0
2000-11,OH,3.9
2000-12,OH,3.9
2001-01,OH,3.9
2001-02,OH,3.9
2001-03,OH,3.9
2001-04,OH,4.0
2001-05,OH,4.0
2001-06,OH,4.2
2001-07,OH,4.3
2001-08,OH,4.5
2001-09,OH,4.8
2001-10,OH,5.0
2001-11,OH,5.2
2001-12,OH,5.5
2002-01,OH,5.7
2002-02,OH,5.8
2002-03,OH,5.9
2002-04,OH,5.9
2002-05,OH,5.9
2002-06,OH,5.9
2002-07,OH,5.8
2002-08,OH,5.7
2002-09,OH,5.7
2002-10,OH,5.8
2002-11,OH,5.8
2002-12,OH,5.9
2003-01,OH,6.1
2003-02,OH,6.2
2003-03,OH,6.3
2003-04,OH,6.4
2003-05,OH,6.4
2003-06,OH,6.4
2003-07,OH,6.4
2003-08,OH,6.3
2003-09,OH,6.2
2003-10,OH,6.1
2003-11,OH,6.1
2003-12,OH,6.1
2004-01,OH,6.1
2004-02,OH,6.1
2004-03,OH,6.2
2004-04,OH,6.2
2004-05,OH,6.2
2004-06,OH,6.2
2004-07,OH,6.2
2004-08,OH,6.3
2004-09,OH,6.3
2004-10,OH,6.3
2004-11,OH,6.3
2004-12,OH,6.3
2005-01,OH,6.3
2005-02,OH,6.2
2005-03,OH,6.1
2005-04,OH,6.0
2005-05,OH,5.9
2005-06,OH,5.8
2005-07,OH,5.8
2005-08,OH,5.8
2005-09,OH,5.8
2005-10,OH,5.8
2005-11,OH,5.7
2005-12,OH,5.6
2006-01,OH,5.5
2006-02,OH,5.4
2006-03,OH,5.3
2006-04,OH,5.3
2006-05,OH,5.3
2006-06,OH,5.4
2006-07,OH,5.5
2006-08,OH,5.5
2006-09,OH,5.5
2006-10,OH,5.5
2006-11,OH,5.5
2006-12,OH,5.5
2007-01,OH,5.5
2007-02,OH,5.5
2007-03,OH,5.5
2007-04,OH,5.5
2007-05,OH,5.5
2007-06,OH,5.6
2007-07,OH,5.6
2007-08,OH,5.7
2007-09,OH,5.7
2007-10,OH,5.7
2007-11,OH,5.7
2007-12,OH,5.7
2008-01,OH,5.7
2008-02,OH,5.7
2008-03,OH,5.8
2008-04,OH,5.9
2008-05,OH,6.1
2008-06,OH,6.4
2008-07,OH,6.6
2008-08,OH,6.8
2008-09,OH,7.0
2008-10,OH,7.3
2008-11,OH,7.7
2008-12,OH,8.2
2009-01,OH,8.8
2009-02,OH,9.4
2009-03,OH,9.9
2009-04,OH,10.2
2009-05,OH,10.4
2009-06,OH,10.5
2009-07,OH,10.5
2009-08,OH,10.5
2009-09,OH,10.5
2009-10,OH,10.6
2009-11,OH,10.6
2009-12,OH,10.7
2010-01,OH,10.8
2010-02,OH,10.7
2010-03,OH,10.5
2010-04,OH,10.3
2010-05,OH,10.1
2010-06,OH,9.9
2010-07,OH,9.8
2010-08,OH,9.7
2010-09,OH,9.7
2010-10,OH,9.6
2010-11,OH,9.5
2010-12,OH,9.3
2011-01,OH,9.2
2011-02,OH,9.0
2011-03,OH,8.9
2011-04,OH,8.9
2011-05,OH,8.9
2011-06,OH,8.9
2011-07,OH,8.9
2011-08,OH,8.9
2011-09,OH,8.7
2011-10,OH,8.5
2011-11,OH,8.3
2011-12,OH,8.0
2012-01,OH,7.8
2012-02,OH,7.6
2012-03,OH,7.5
2012-04,OH,7.4
2012-05,OH,7.4
2012-06,OH,7.3
2012-07,OH,7.3
2012-08,OH,7.2
2012-09,OH,7.2
2012-10,OH,7.3
2012-11,OH,7.3
2012-12,OH,7.4
2013-01,OH,7.5
2013-02,OH,7.5
2013-03,OH,7.5
2013-04,OH,7.5
2013-05,OH,7.5
2013-06,OH,7.5
2013-07,OH,7.5
2013-08,OH,7.5
2013-09,OH,7.4
2013-10,OH,7.2
2013-11,OH,7.1
2013-12,OH,6.9
2014-01,OH,6.6
2014-02,OH,6.4
2014-03,OH,6.2
2014-04,OH,6.1
2014-05,OH,6.0
2014-06,OH,5.8
2014-07,OH,5.7
2014-08,OH,5.6
2014-09,OH,5.5
2014-10,OH,5.4
2014-11,OH,5.3
2014-12,OH,5.2
2015-01,OH,5.2
2015-02,OH,5.2
2015-03,OH,5.1
2015-04,OH,5.1
2015-05,OH,5.0
2015-06,OH,4.9
2015-07,OH,4.8
2015-08,OH,4.8
2015-09,OH,4.8
2015-10,OH,4.8
2015-11,OH,4.9
2015-12,OH,4.9
2016-01,OH,5.0
2016-02,OH,5.0
2016-03,OH,5.0
2016-04,OH,5.0
2016-05,OH,5.0
2016-06,OH,5.0
2016-07,OH,5.0
2016-08,OH,5.0
2016-09,OH,5.1
2016-10,OH,5.2
2016-11,OH,5.2
2016-12,OH,5.2
2017-01,OH,5.2
2017-02,OH,5.1
2017-03,OH,5.1
2017-04,OH,5.0
2017-05,OH,5.0
2017-06,OH,5.0
2017-07,OH,4.9
2017-08,OH,4.9
2017-09,OH,4.9
2017-10,OH,4.8
2017-11,OH,4.7
2017-12,OH,4.6
2018-01,OH,4.6
2018-02,OH,4.5
2018-03,OH,4.5
2018-04,OH,4.5
2018-05,OH,4.5
2018-06,OH,4.4
2018-07,OH,4.4
2018-08,OH,4.4
2018-09,OH,4.4
2018-10,OH,4.5
2018-11,OH,4.5
2018-12,OH,4.5
2019-01,OH,4.4
2019-02,OH,4.2
2019-03,OH,4.0
2019-04,OH,3.9
2019-05,OH,3.9
2019-06,OH,3.9
2019-07,OH,4.0
2019-08,OH,4.1
2019-09,OH,4.2
2019-10,OH,4.3
2019-11,OH,4.3
2019-12,OH,4.3
2020-01,OH,4.4
2020-02,OH,4.5
2020-03,OH,4.8
2020-04,OH,16.5
2020-05,OH,12.8
2020-06,OH,11.0
2020-07,OH,9.8
2020-08,OH,8.3
2020-09,OH,7.6
2020-10,OH,6.7
2020-11,OH,6.4
2020-12,OH,6.3
2021-01,OH,6.1
2021-02,OH,6.0
2021-03,OH,6.0
2021-04,OH,5.9
2021-05,OH,5.7
2021-06,OH,5.5
2021-07,OH,5.3
2021-08,OH,5.0
2021-09,OH,4.7
2021-10,OH,4.5
2021-11,OH,4.3
2021-12,OH,4.1
2022-01,OH,4.0
2022-02,OH,3.9
2022-03,OH,3.9
2022-04,OH,3.8
2022-05,OH,3.9
2022-06,OH,3.9
2022-07,OH,4.0
2022-08,OH,4.1
2022-09,OH,4.1
2022-10,OH,4.1
2022-11,OH,4.0
2022-12,OH,3.9
2023-01,OH,3.8
2023-02,OH,3.6
2023-03,OH,3.5
2023-04,OH,3.5
2023-05,OH,3.4
2023-06,OH,3.5
2023-07,OH,3.6
2023-08,OH,3.7
2023-09,OH,3.8
2023-10,OH,3.8
2023-11,OH,3.9
2023-12,OH,3.9
2024-01,OH,3.9
2024-02,OH,4.0
2024-03,OH,4.1
2024-04,OH,4.2
2024-05,OH,4.3
2024-06,OH,4.3
2024-07,OH,4.4
2024-08,OH,4.4
2024-09,OH,4.5
2024-10,OH,4.6
2024-11,OH,4.7
2024-12,OH,4.8
2025-01,OH,4.8
2025-02,OH,4.9
2025-03,OH,4.8
2025-04,OH,4.8
2025-05,OH,4.7
2025-06,OH,4.6
2025-07,OH,4.5
2025-08,OH,4.4
2025-09,OH,4.3
2025-11,OH,4.3
2025-12,OH,4.4
2026-01,OH,4.3
2026-02,OH,4.2
2026-03,OH,4.1
2026-04,OH,3.9
2026-05,OH,3.7
2026-06,OH,3.6
1990-01,OK,5.4
1990-02,OK,5.3
1990-03,OK,5.2
1990-04,OK,5.2
1990-05,OK,5.0
1990-06,OK,5.1
1990-07,OK,5.2
1990-08,OK,5.3
1990-09,OK,5.5
1990-10,OK,5.7
1990-11,OK,5.9
1990-12,OK,6.0
1991-01,OK,6.1
1991-02,OK,6.1
1991-03,OK,6.1
1991-04,OK,6.0
1991-05,OK,6.0
1991-06,OK,6.0
1991-07,OK,6.0
1991-08,OK,5.9
1991-09,OK,5.9
1991-10,OK,5.9
1991-11,OK,6.0
1991-12,OK,6.0
1992-01,OK,6.1
1992-02,OK,6.1
1992-03,OK,6.1
1992-04,OK,6.1
1992-05,OK,6.0
1992-06,OK,6.0
1992-07,OK,5.9
1992-08,OK,5.8
1992-09,OK,5.7
1992-10,OK,5.6
1992-11,OK,5.5
1992-12,OK,5.5
1993-01,OK,5.5
1993-02,OK,5.5
1993-03,OK,5.6
1993-04,OK,5.7
1993-05,OK,5.7
1993-06,OK,5.8
1993-07,OK,5.8
1993-08,OK,5.7
1993-09,OK,5.7
1993-10,OK,5.6
1993-11,OK,5.6
1993-12,OK,5.6
1994-01,OK,5.7
1994-02,OK,5.6
1994-03,OK,5.6
1994-04,OK,5.6
1994-05,OK,5.5
1994-06,OK,5.4
1994-07,OK,5.3
1994-08,OK,5.2
1994-09,OK,5.1
1994-10,OK,5.0
1994-11,OK,4.9
1994-12,OK,4.7
1995-01,OK,4.6
1995-02,OK,4.5
1995-03,OK,4.5
1995-04,OK,4.5
1995-05,OK,4.5
1995-06,OK,4.5
1995-07,OK,4.5
1995-08,OK,4.5
1995-09,OK,4.5
1995-10,OK,4.4
1995-11,OK,4.4
1995-12,OK,4.3
1996-01,OK,4.3
1996-02,OK,4.2
1996-03,OK,4.2
1996-04,OK,4.1
1996-05,OK,4.0
1996-06,OK,3.9
1996-07,OK,3.8
1996-08,OK,3.8
1996-09,OK,3.9
1996-10,OK,3.9
1996-11,OK,4.0
1996-12,OK,4.0
1997-01,OK,4.1
1997-02,OK,4.0
1997-03,OK,4.0
1997-04,OK,4.0
1997-05,OK,4.0
1997-06,OK,4.0
1997-07,OK,4.0
1997-08,OK,4.0
1997-09,OK,3.9
1997-10,OK,3.9
1997-11,OK,3.8
1997-12,OK,3.8
1998-01,OK,3.8
1998-02,OK,3.8
1998-03,OK,3.9
1998-04,OK,4.0
1998-05,OK,4.1
1998-06,OK,4.2
1998-07,OK,4.3
1998-08,OK,4.3
1998-09,OK,4.2
1998-10,OK,4.2
1998-11,OK,4.1
1998-12,OK,4.0
1999-01,OK,3.9
1999-02,OK,3.8
1999-03,OK,3.7
1999-04,OK,3.6
1999-05,OK,3.5
1999-06,OK,3.5
1999-07,OK,3.4
1999-08,OK,3.3
1999-09,OK,3.3
1999-10,OK,3.3
1999-11,OK,3.2
1999-12,OK,3.2
2000-01,OK,3.1
2000-02,OK,3.1
2000-03,OK,3.0
2000-04,OK,3.0
2000-05,OK,3.0
2000-06,OK,3.0
2000-07,OK,3.0
2000-08,OK,3.0
2000-09,OK,3.0
2000-10,OK,2.9
2000-11,OK,2.9
2000-12,OK,2.9
2001-01,OK,3.0
2001-02,OK,3.0
2001-03,OK,3.1
2001-04,OK,3.2
2001-05,OK,3.3
2001-06,OK,3.4
2001-07,OK,3.6
2001-08,OK,3.8
2001-09,OK,4.0
2001-10,OK,4.2
2001-11,OK,4.4
2001-12,OK,4.5
2002-01,OK,4.6
2002-02,OK,4.6
2002-03,OK,4.6
2002-04,OK,4.6
2002-05,OK,4.6
2002-06,OK,4.5
2002-07,OK,4.5
2002-08,OK,4.5
2002-09,OK,4.5
2002-10,OK,4.7
2002-11,OK,4.8
2002-12,OK,4.9
2003-01,OK,5.1
2003-02,OK,5.2
2003-03,OK,5.3
2003-04,OK,5.5
2003-05,OK,5.6
2003-06,OK,5.6
2003-07,OK,5.6
2003-08,OK,5.6
2003-09,OK,5.5
2003-10,OK,5.3
2003-11,OK,5.2
2003-12,OK,5.1
2004-01,OK,5.1
2004-02,OK,5.0
2004-03,OK,4.9
2004-04,OK,4.9
2004-05,OK,4.8
2004-06,OK,4.7
2004-07,OK,4.6
2004-08,OK,4.5
2004-09,OK,4.5
2004-10,OK,4.5
2004-11,OK,4.5
2004-12,OK,4.5
2005-01,OK,4.5
2005-02,OK,4.5
2005-03,OK,4.4
2005-04,OK,4.4
2005-05,OK,4.3
2005-06,OK,4.3
2005-07,OK,4.3
2005-08,OK,4.3
2005-09,OK,4.3
2005-10,OK,4.3
2005-11,OK,4.2
2005-12,OK,4.1
2006-01,OK,4.0
2006-02,OK,3.9
2006-03,OK,3.8
2006-04,OK,3.8
2006-05,OK,3.8
2006-06,OK,3.8
2006-07,OK,3.9
2006-08,OK,3.9
2006-09,OK,3.9
2006-10,OK,4.0
2006-11,OK,4.0
2006-12,OK,4.1
2007-01,OK,4.1
2007-02,OK,4.1
2007-03,OK,4.1
2007-04,OK,4.1
2007-05,OK,4.1
2007-06,OK,4.0
2007-07,OK,4.0
2007-08,OK,4.0
2007-09,OK,3.9
2007-10,OK,3.8
2007-11,OK,3.7
2007-12,OK,3.6
2008-01,OK,3.4
2008-02,OK,3.3
2008-03,OK,3.2
2008-04,OK,3.2
2008-05,OK,3.3
2008-06,OK,3.4
2008-07,OK,3.5
2008-08,OK,3.6
2008-09,OK,3.7
2008-10,OK,3.9
2008-11,OK,4.2
2008-12,OK,4.6
2009-01,OK,5.1
2009-02,OK,5.6
2009-03,OK,6.1
2009-04,OK,6.5
2009-05,OK,6.7
2009-06,OK,6.8
2009-07,OK,6.9
2009-08,OK,6.9
2009-09,OK,6.9
2009-10,OK,6.9
2009-11,OK,6.9
2009-12,OK,6.9
2010-01,OK,6.9
2010-02,OK,6.9
2010-03,OK,6.8
2010-04,OK,6.7
2010-05,OK,6.5
2010-06,OK,6.4
2010-07,OK,6.3
2010-08,OK,6.3
2010-09,OK,6.2
2010-10,OK,6.2
2010-11,OK,6.1
2010-12,OK,6.0
2011-01,OK,5.9
2011-02,OK,5.7
2011-03,OK,5.6
2011-04,OK,5.5
2011-05,OK,5.5
2011-06,OK,5.5
2011-07,OK,5.5
2011-08,OK,5.6
2011-09,OK,5.6
2011-10,OK,5.5
2011-11,OK,5.5
2011-12,OK,5.4
2012-01,OK,5.2
2012-02,OK,5.1
2012-03,OK,5.1
2012-04,OK,5.0
2012-05,OK,5.0
2012-06,OK,5.1
2012-07,OK,5.1
2012-08,OK,5.0
2012-09,OK,5.0
2012-10,OK,5.1
2012-11,OK,5.1
2012-12,OK,5.1
2013-01,OK,5.2
2013-02,OK,5.2
2013-03,OK,5.2
2013-04,OK,5.2
2013-05,OK,5.1
2013-06,OK,5.1
2013-07,OK,5.1
2013-08,OK,5.1
2013-09,OK,5.1
2013-10,OK,5.1
2013-11,OK,5.0
2013-12,OK,5.0
2014-01,OK,4.9
2014-02,OK,4.7
2014-03,OK,4.6
2014-04,OK,4.5
2014-05,OK,4.4
2014-06,OK,4.3
2014-07,OK,4.3
2014-08,OK,4.2
2014-09,OK,4.1
2014-10,OK,4.1
2014-11,OK,4.0
2014-12,OK,4.0
2015-01,OK,4.0
2015-02,OK,4.1
2015-03,OK,4.2
2015-04,OK,4.3
2015-05,OK,4.3
2015-06,OK,4.4
2015-07,OK,4.4
2015-08,OK,4.3
2015-09,OK,4.3
2015-10,OK,4.3
2015-11,OK,4.4
2015-12,OK,4.4
2016-01,OK,4.5
2016-02,OK,4.5
2016-03,OK,4.6
2016-04,OK,4.6
2016-05,OK,4.7
2016-06,OK,4.8
2016-07,OK,4.8
2016-08,OK,4.8
2016-09,OK,4.7
2016-10,OK,4.7
2016-11,OK,4.6
2016-12,OK,4.5
2017-01,OK,4.4
2017-02,OK,4.3
2017-03,OK,4.2
2017-04,OK,4.1
2017-05,OK,4.0
2017-06,OK,4.0
2017-07,OK,4.0
2017-08,OK,4.0
2017-09,OK,3.9
2017-10,OK,3.9
2017-11,OK,3.8
2017-12,OK,3.8
2018-01,OK,3.7
2018-02,OK,3.6
2018-03,OK,3.5
2018-04,OK,3.4
2018-05,OK,3.3
2018-06,OK,3.2
2018-07,OK,3.1
2018-08,OK,3.1
2018-09,OK,3.1
2018-10,OK,3.1
2018-11,OK,3.2
2018-12,OK,3.2
2019-01,OK,3.2
2019-02,OK,3.2
2019-03,OK,3.1
2019-04,OK,3.1
2019-05,OK,3.0
2019-06,OK,3.0
2019-07,OK,3.1
2019-08,OK,3.1
2019-09,OK,3.2
2019-10,OK,3.2
2019-11,OK,3.1
2019-12,OK,3.1
2020-01,OK,3.1
2020-02,OK,3.2
2020-03,OK,3.2
2020-04,OK,12.5
2020-05,OK,9.8
2020-06,OK,8.2
2020-07,OK,7.4
2020-08,OK,6.3
2020-09,OK,5.9
2020-10,OK,5.5
2020-11,OK,5.3
2020-12,OK,5.2
2021-01,OK,5.0
2021-02,OK,4.9
2021-03,OK,4.8
2021-04,OK,4.7
2021-05,OK,4.5
2021-06,OK,4.3
2021-07,OK,4.0
2021-08,OK,3.7
2021-09,OK,3.4
2021-10,OK,3.1
2021-11,OK,2.9
2021-12,OK,2.9
2022-01,OK,2.9
2022-02,OK,2.9
2022-03,OK,2.9
2022-04,OK,2.9
2022-05,OK,3.0
2022-06,OK,3.0
2022-07,OK,3.1
2022-08,OK,3.1
2022-09,OK,3.1
2022-10,OK,3.1
2022-11,OK,3.1
2022-12,OK,3.0
2023-01,OK,3.0
2023-02,OK,3.0
2023-03,OK,2.9
2023-04,OK,2.9
2023-05,OK,3.0
2023-06,OK,3.0
2023-07,OK,3.1
2023-08,OK,3.2
2023-09,OK,3.3
2023-10,OK,3.4
2023-11,OK,3.4
2023-12,OK,3.4
2024-01,OK,3.3
2024-02,OK,3.3
2024-03,OK,3.3
2024-04,OK,3.3
2024-05,OK,3.2
2024-06,OK,3.2
2024-07,OK,3.2
2024-08,OK,3.2
2024-09,OK,3.1
2024-10,OK,3.1
2024-11,OK,3.1
2024-12,OK,3.1
2025-01,OK,3.1
2025-02,OK,3.1
2025-03,OK,3.1
2025-04,OK,3.1
2025-05,OK,3.1
2025-06,OK,3.2
2025-07,OK,3.3
2025-08,OK,3.4
2025-09,OK,3.6
2025-11,OK,3.7
2025-12,OK,3.7
2026-01,OK,3.9
2026-02,OK,3.9
2026-03,OK,3.9
2026-04,OK,4.0
2026-05,OK,4.1
2026-06,OK,4.2
1990-01,OR,5.1
1990-02,OR,5.1
1990-03,OR,5.0
1990-04,OR,5.1
1990-05,OR,5.2
1990-06,OR,5.4
1990-07,OR,5.5
1990-08,OR,5.6
1990-09,OR,5.7
1990-10,OR,5.7
1990-11,OR,5.7
1990-12,OR,5.7
1991-01,OR,5.7
1991-02,OR,5.8
1991-03,OR,5.8
1991-04,OR,5.8
1991-05,OR,5.9
1991-06,OR,6.0
1991-07,OR,6.1
1991-08,OR,6.2
1991-09,OR,6.4
1991-10,OR,6.6
1991-11,OR,6.8
1991-12,OR,7.0
1992-01,OR,7.2
1992-02,OR,7.3
1992-03,OR,7.3
1992-04,OR,7.3
1992-05,OR,7.3
1992-06,OR,7.2
1992-07,OR,7.2
1992-08,OR,7.2
1992-09,OR,7.2
1992-10,OR,7.2
1992-11,OR,7.2
1992-12,OR,7.2
1993-01,OR,7.2
1993-02,OR,7.2
1993-03,OR,7.2
1993-04,OR,7.2
1993-05,OR,7.3
1993-06,OR,7.2
1993-07,OR,7.2
1993-08,OR,7.0
1993-09,OR,6.9
1993-10,OR,6.7
1993-11,OR,6.5
1993-12,OR,6.3
1994-01,OR,6.1
1994-02,OR,6.0
1994-03,OR,5.8
1994-04,OR,5.6
1994-05,OR,5.4
1994-06,OR,5.3
1994-07,OR,5.1
1994-08,OR,5.0
1994-09,OR,4.9
1994-10,OR,4.8
1994-11,OR,4.7
1994-12,OR,4.6
1995-01,OR,4.5
1995-02,OR,4.5
1995-03,OR,4.6
1995-04,OR,4.7
1995-05,OR,4.7
1995-06,OR,4.8
1995-07,OR,4.8
1995-08,OR,4.8
1995-09,OR,4.8
1995-10,OR,4.9
1995-11,OR,5.0
1995-12,OR,5.1
1996-01,OR,5.2
1996-02,OR,5.4
1996-03,OR,5.5
1996-04,OR,5.5
1996-05,OR,5.5
1996-06,OR,5.5
1996-07,OR,5.5
1996-08,OR,5.6
1996-09,OR,5.6
1996-10,OR,5.7
1996-11,OR,5.8
1996-12,OR,5.9
1997-01,OR,5.9
1997-02,OR,5.9
1997-03,OR,5.8
1997-04,OR,5.7
1997-05,OR,5.6
1997-06,OR,5.5
1997-07,OR,5.4
1997-08,OR,5.4
1997-09,OR,5.4
1997-10,OR,5.4
1997-11,OR,5.3
1997-12,OR,5.3
1998-01,OR,5.3
1998-02,OR,5.3
1998-03,OR,5.4
1998-04,OR,5.5
1998-05,OR,5.6
1998-06,OR,5.7
1998-07,OR,5.8
1998-08,OR,5.8
1998-09,OR,5.8
1998-10,OR,5.9
1998-11,OR,5.8
1998-12,OR,5.8
1999-01,OR,5.7
1999-02,OR,5.6
1999-03,OR,5.6
1999-04,OR,5.6
1999-05,OR,5.6
1999-06,OR,5.6
1999-07,OR,5.6
1999-08,OR,5.5
1999-09,OR,5.4
1999-10,OR,5.3
1999-11,OR,5.2
1999-12,OR,5.1
2000-01,OR,5.0
2000-02,OR,5.0
2000-03,OR,5.1
2000-04,OR,5.1
2000-05,OR,5.2
2000-06,OR,5.3
2000-07,OR,5.3
2000-08,OR,5.3
2000-09,OR,5.3
2000-10,OR,5.2
2000-11,OR,5.2
2000-12,OR,5.2
2001-01,OR,5.3
2001-02,OR,5.4
2001-03,OR,5.6
2001-04,OR,5.8
2001-05,OR,5.9
2001-06,OR,6.1
2001-07,OR,6.3
2001-08,OR,6.5
2001-09,OR,6.9
2001-10,OR,7.2
2001-11,OR,7.5
2001-12,OR,7.8
2002-01,OR,7.8
2002-02,OR,7.8
2002-03,OR,7.7
2002-04,OR,7.5
2002-05,OR,7.4
2002-06,OR,7.3
2002-07,OR,7.2
2002-08,OR,7.2
2002-09,OR,7.3
2002-10,OR,7.3
2002-11,OR,7.4
2002-12,OR,7.5
2003-01,OR,7.7
2003-02,OR,7.8
2003-03,OR,8.0
2003-04,OR,8.2
2003-05,OR,8.3
2003-06,OR,8.3
2003-07,OR,8.3
2003-08,OR,8.2
2003-09,OR,8.0
2003-10,OR,7.9
2003-11,OR,7.8
2003-12,OR,7.7
2004-01,OR,7.7
2004-02,OR,7.7
2004-03,OR,7.6
2004-04,OR,7.6
2004-05,OR,7.5
2004-06,OR,7.4
2004-07,OR,7.3
2004-08,OR,7.2
2004-09,OR,7.2
2004-10,OR,7.0
2004-11,OR,6.9
2004-12,OR,6.7
2005-01,OR,6.6
2005-02,OR,6.5
2005-03,OR,6.4
2005-04,OR,6.3
2005-05,OR,6.3
2005-06,OR,6.2
2005-07,OR,6.2
2005-08,OR,6.1
2005-09,OR,6.0
2005-10,OR,5.9
2005-11,OR,5.8
2005-12,OR,5.7
2006-01,OR,5.6
2006-02,OR,5.5
2006-03,OR,5.5
2006-04,OR,5.4
2006-05,OR,5.4
2006-06,OR,5.4
2006-07,OR,5.4
2006-08,OR,5.4
2006-09,OR,5.3
2006-10,OR,5.3
2006-11,OR,5.3
2006-12,OR,5.2
2007-01,OR,5.1
2007-02,OR,5.1
2007-03,OR,5.0
2007-04,OR,5.0
2007-05,OR,5.0
2007-06,OR,5.1
2007-07,OR,5.2
2007-08,OR,5.3
2007-09,OR,5.3
2007-10,OR,5.3
2007-11,OR,5.3
2007-12,OR,5.2
2008-01,OR,5.1
2008-02,OR,5.0
2008-03,OR,5.1
2008-04,OR,5.2
2008-05,OR,5.4
2008-06,OR,5.7
2008-07,OR,6.1
2008-08,OR,6.5
2008-09,OR,7.0
2008-10,OR,7.5
2008-11,OR,8.2
2008-12,OR,8.9
2009-01,OR,9.6
2009-02,OR,10.2
2009-03,OR,10.7
2009-04,OR,11.0
2009-05,OR,11.1
2009-06,OR,11.0
2009-07,OR,10.9
2009-08,OR,10.7
2009-09,OR,10.6
2009-10,OR,10.6
2009-11,OR,10.6
2009-12,OR,10.6
2010-01,OR,10.7
2010-02,OR,10.7
2010-03,OR,10.7
2010-04,OR,10.7
2010-05,OR,10.6
2010-06,OR,10.6
2010-07,OR,10.6
2010-08,OR,10.5
2010-09,OR,10.5
2010-10,OR,10.5
2010-11,OR,10.4
2010-12,OR,10.2
2011-01,OR,9.9
2011-02,OR,9.7
2011-03,OR,9.6
2011-04,OR,9.5
2011-05,OR,9.5
2011-06,OR,9.5
2011-07,OR,9.5
2011-08,OR,9.5
2011-09,OR,9.4
2011-10,OR,9.3
2011-11,OR,9.1
2011-12,OR,9.0
2012-01,OR,8.9
2012-02,OR,8.8
2012-03,OR,8.8
2012-04,OR,8.8
2012-05,OR,8.8
2012-06,OR,8.8
2012-07,OR,8.7
2012-08,OR,8.7
2012-09,OR,8.6
2012-10,OR,8.6
2012-11,OR,8.5
2012-12,OR,8.5
2013-01,OR,8.4
2013-02,OR,8.3
2013-03,OR,8.2
2013-04,OR,8.1
2013-05,OR,7.9
2013-06,OR,7.8
2013-07,OR,7.7
2013-08,OR,7.5
2013-09,OR,7.4
2013-10,OR,7.3
2013-11,OR,7.2
2013-12,OR,7.2
2014-01,OR,7.2
2014-02,OR,7.1
2014-03,OR,7.0
2014-04,OR,6.9
2014-05,OR,6.8
2014-06,OR,6.7
2014-07,OR,6.6
2014-08,OR,6.5
2014-09,OR,6.4
2014-10,OR,6.3
2014-11,OR,6.2
2014-12,OR,6.0
2015-01,OR,5.8
2015-02,OR,5.8
2015-03,OR,5.7
2015-04,OR,5.6
2015-05,OR,5.6
2015-06,OR,5.5
2015-07,OR,5.5
2015-08,OR,5.4
2015-09,OR,5.3
2015-10,OR,5.2
2015-11,OR,5.1
2015-12,OR,5.0
2016-01,OR,5.0
2016-02,OR,4.9
2016-03,OR,4.9
2016-04,OR,4.9
2016-05,OR,4.9
2016-06,OR,4.9
2016-07,OR,4.9
2016-08,OR,4.8
2016-09,OR,4.7
2016-10,OR,4.5
2016-11,OR,4.4
2016-12,OR,4.2
2017-01,OR,4.1
2017-02,OR,4.0
2017-03,OR,4.0
2017-04,OR,3.9
2017-05,OR,4.0
2017-06,OR,4.0
2017-07,OR,4.1
2017-08,OR,4.1
2017-09,OR,4.1
2017-10,OR,4.2
2017-11,OR,4.2
2017-12,OR,4.1
2018-01,OR,4.1
2018-02,OR,4.1
2018-03,OR,4.0
2018-04,OR,3.9
2018-05,OR,3.9
2018-06,OR,3.8
2018-07,OR,3.9
2018-08,OR,3.9
2018-09,OR,4.1
2018-10,OR,4.2
2018-11,OR,4.2
2018-12,OR,4.3
2019-01,OR,4.2
2019-02,OR,4.1
2019-03,OR,4.0
2019-04,OR,3.9
2019-05,OR,3.8
2019-06,OR,3.7
2019-07,OR,3.7
2019-08,OR,3.6
2019-09,OR,3.5
2019-10,OR,3.4
2019-11,OR,3.4
2019-12,OR,3.4
2020-01,OR,3.4
2020-02,OR,3.6
2020-03,OR,3.7
2020-04,OR,13.7
2020-05,OR,11.8
2020-06,OR,10.2
2020-07,OR,9.2
2020-08,OR,7.9
2020-09,OR,7.5
2020-10,OR,6.8
2020-11,OR,6.6
2020-12,OR,6.5
2021-01,OR,6.3
2021-02,OR,6.2
2021-03,OR,6.1
2021-04,OR,5.9
2021-05,OR,5.6
2021-06,OR,5.4
2021-07,OR,5.0
2021-08,OR,4.7
2021-09,OR,4.4
2021-10,OR,4.2
2021-11,OR,4.0
2021-12,OR,4.0
2022-01,OR,3.9
2022-02,OR,3.8
2022-03,OR,3.7
2022-04,OR,3.8
2022-05,OR,3.8
2022-06,OR,3.9
2022-07,OR,3.9
2022-08,OR,4.0
2022-09,OR,4.1
2022-10,OR,4.2
2022-11,OR,4.2
2022-12,OR,4.0
2023-01,OR,3.9
2023-02,OR,3.7
2023-03,OR,3.6
2023-04,OR,3.6
2023-05,OR,3.6
2023-06,OR,3.7
2023-07,OR,3.7
2023-08,OR,3.8
2023-09,OR,3.9
2023-10,OR,3.9
2023-11,OR,4.0
2023-12,OR,4.1
2024-01,OR,4.1
2024-02,OR,4.1
2024-03,OR,4.2
2024-04,OR,4.2
2024-05,OR,4.2
2024-06,OR,4.2
2024-07,OR,4.2
2024-08,OR,4.3
2024-09,OR,4.4
2024-10,OR,4.4
2024-11,OR,4.5
2024-12,OR,4.7
2025-01,OR,4.8
2025-02,OR,4.9
2025-03,OR,5.0
2025-04,OR,5.1
2025-05,OR,5.2
2025-06,OR,5.2
2025-07,OR,5.3
2025-08,OR,5.3
2025-09,OR,5.3
2025-11,OR,5.3
2025-12,OR,5.3
2026-01,OR,5.2
2026-02,OR,5.2
2026-03,OR,5.2
2026-04,OR,5.2
2026-05,OR,5.2
2026-06,OR,5.2
1990-01,PA,5.2
1990-02,PA,5.2
1990-03,PA,5.2
1990-04,PA,5.2
1990-05,PA,5.2
1990-06,PA,5.3
1990-07,PA,5.4
1990-08,PA,5.5
1990-09,PA,5.7
1990-10,PA,5.9
1990-11,PA,6.1
1990-12,PA,6.3
1991-01,PA,6.6
1991-02,PA,6.8
1991-03,PA,6.9
1991-04,PA,7.0
1991-05,PA,7.0
1991-06,PA,6.9
1991-07,PA,6.9
1991-08,PA,6.8
1991-09,PA,6.9
1991-10,PA,7.0
1991-11,PA,7.1
1991-12,PA,7.2
1992-01,PA,7.3
1992-02,PA,7.4
1992-03,PA,7.4
1992-04,PA,7.4
1992-05,PA,7.5
1992-06,PA,7.5
1992-07,PA,7.5
1992-08,PA,7.5
1992-09,PA,7.4
1992-10,PA,7.3
1992-11,PA,7.2
1992-12,PA,7.1
1993-01,PA,7.0
1993-02,PA,7.0
1993-03,PA,6.9
1993-04,PA,6.9
1993-05,PA,6.9
1993-06,PA,6.9
1993-07,PA,6.9
1993-08,PA,6.8
1993-09,PA,6.8
1993-10,PA,6.7
1993-11,PA,6.7
1993-12,PA,6.7
1994-01,PA,6.6
1994-02,PA,6.6
1994-03,PA,6.6
1994-04,PA,6.5
1994-05,PA,6.5
1994-06,PA,6.4
1994-07,PA,6.3
1994-08,PA,6.2
1994-09,PA,6.2
1994-10,PA,6.1
1994-11,PA,5.9
1994-12,PA,5.8
1995-01,PA,5.7
1995-02,PA,5.7
1995-03,PA,5.8
1995-04,PA,5.9
1995-05,PA,5.9
1995-06,PA,6.0
1995-07,PA,6.0
1995-08,PA,6.0
1995-09,PA,6.0
1995-10,PA,6.0
1995-11,PA,6.0
1995-12,PA,6.0
1996-01,PA,5.9
1996-02,PA,5.9
1996-03,PA,5.8
1996-04,PA,5.7
1996-05,PA,5.6
1996-06,PA,5.5
1996-07,PA,5.3
1996-08,PA,5.3
1996-09,PA,5.2
1996-10,PA,5.2
1996-11,PA,5.3
1996-12,PA,5.3
1997-01,PA,5.3
1997-02,PA,5.3
1997-03,PA,5.3
1997-04,PA,5.2
1997-05,PA,5.2
1997-06,PA,5.2
1997-07,PA,5.2
1997-08,PA,5.1
1997-09,PA,5.0
1997-10,PA,5.0
1997-11,PA,4.9
1997-12,PA,4.8
1998-01,PA,4.8
1998-02,PA,4.8
1998-03,PA,4.7
1998-04,PA,4.7
1998-05,PA,4.7
1998-06,PA,4.7
1998-07,PA,4.7
1998-08,PA,4.7
1998-09,PA,4.7
1998-10,PA,4.7
1998-11,PA,4.6
1998-12,PA,4.6
1999-01,PA,4.5
1999-02,PA,4.5
1999-03,PA,4.5
1999-04,PA,4.5
1999-05,PA,4.5
1999-06,PA,4.5
1999-07,PA,4.6
1999-08,PA,4.6
1999-09,PA,4.5
1999-10,PA,4.5
1999-11,PA,4.4
1999-12,PA,4.3
2000-01,PA,4.2
2000-02,PA,4.1
2000-03,PA,4.1
2000-04,PA,4.1
2000-05,PA,4.2
2000-06,PA,4.2
2000-07,PA,4.3
2000-08,PA,4.3
2000-09,PA,4.3
2000-10,PA,4.3
2000-11,PA,4.3
2000-12,PA,4.3
2001-01,PA,4.3
2001-02,PA,4.4
2001-03,PA,4.5
2001-04,PA,4.5
2001-05,PA,4.6
2001-06,PA,4.7
2001-07,PA,4.8
2001-08,PA,4.9
2001-09,PA,5.1
2001-10,PA,5.2
2001-11,PA,5.4
2001-12,PA,5.5
2002-01,PA,5.6
2002-02,PA,5.6
2002-03,PA,5.6
2002-04,PA,5.6
2002-05,PA,5.5
2002-06,PA,5.5
2002-07,PA,5.4
2002-08,PA,5.4
2002-09,PA,5.5
2002-10,PA,5.5
2002-11,PA,5.6
2002-12,PA,5.7
2003-01,PA,5.8
2003-02,PA,5.8
2003-03,PA,5.8
2003-04,PA,5.8
2003-05,PA,5.8
2003-06,PA,5.8
2003-07,PA,5.7
2003-08,PA,5.7
2003-09,PA,5.6
2003-10,PA,5.6
2003-11,PA,5.5
2003-12,PA,5.5
2004-01,PA,5.4
2004-02,PA,5.4
2004-03,PA,5.4
2004-04,PA,5.4
2004-05,PA,5.4
2004-06,PA,5.4
2004-07,PA,5.4
2004-08,PA,5.3
2004-09,PA,5.3
2004-10,PA,5.3
2004-11,PA,5.2
2004-12,PA,5.2
2005-01,PA,5.2
2005-02,PA,5.2
2005-03,PA,5.1
2005-04,PA,5.1
2005-05,PA,5.0
2005-06,PA,5.0
2005-07,PA,4.9
2005-08,PA,4.9
2005-09,PA,4.9
2005-10,PA,4.9
2005-11,PA,4.9
2005-12,PA,4.8
2006-01,PA,4.8
2006-02,PA,4.7
2006-03,PA,4.7
2006-04,PA,4.7
2006-05,PA,4.8
2006-06,PA,4.8
2006-07,PA,4.8
2006-08,PA,4.8
2006-09,PA,4.7
2006-10,PA,4.7
2006-11,PA,4.6
2006-12,PA,4.6
2007-01,PA,4.5
2007-02,PA,4.5
2007-03,PA,4.4
2007-04,PA,4.4
2007-05,PA,4.4
2007-06,PA,4.5
2007-07,PA,4.6
2007-08,PA,4.7
2007-09,PA,4.7
2007-10,PA,4.8
2007-11,PA,4.8
2007-12,PA,4.8
2008-01,PA,4.8
2008-02,PA,4.8
2008-03,PA,4.9
2008-04,PA,4.9
2008-05,PA,5.0
2008-06,PA,5.1
2008-07,PA,5.3
2008-08,PA,5.4
2008-09,PA,5.6
2008-10,PA,5.9
2008-11,PA,6.2
2008-12,PA,6.7
2009-01,PA,7.1
2009-02,PA,7.5
2009-03,PA,7.8
2009-04,PA,8.0
2009-05,PA,8.2
2009-06,PA,8.2
2009-07,PA,8.3
2009-08,PA,8.2
2009-09,PA,8.2
2009-10,PA,8.2
2009-11,PA,8.2
2009-12,PA,8.3
2010-01,PA,8.4
2010-02,PA,8.4
2010-03,PA,8.4
2010-04,PA,8.3
2010-05,PA,8.2
2010-06,PA,8.1
2010-07,PA,8.0
2010-08,PA,8.0
2010-09,PA,8.0
2010-10,PA,7.9
2010-11,PA,7.9
2010-12,PA,7.8
2011-01,PA,7.7
2011-02,PA,7.6
2011-03,PA,7.6
2011-04,PA,7.6
2011-05,PA,7.7
2011-06,PA,7.7
2011-07,PA,7.8
2011-08,PA,7.8
2011-09,PA,7.8
2011-10,PA,7.8
2011-11,PA,7.7
2011-12,PA,7.6
2012-01,PA,7.5
2012-02,PA,7.4
2012-03,PA,7.5
2012-04,PA,7.5
2012-05,PA,7.6
2012-06,PA,7.7
2012-07,PA,7.7
2012-08,PA,7.7
2012-09,PA,7.6
2012-10,PA,7.6
2012-11,PA,7.6
2012-12,PA,7.6
2013-01,PA,7.5
2013-02,PA,7.4
2013-03,PA,7.3
2013-04,PA,7.2
2013-05,PA,7.1
2013-06,PA,7.1
2013-07,PA,7.0
2013-08,PA,7.0
2013-09,PA,6.9
2013-10,PA,6.8
2013-11,PA,6.7
2013-12,PA,6.6
2014-01,PA,6.5
2014-02,PA,6.4
2014-03,PA,6.3
2014-04,PA,6.2
2014-05,PA,6.1
2014-06,PA,6.0
2014-07,PA,5.9
2014-08,PA,5.8
2014-09,PA,5.7
2014-10,PA,5.6
2014-11,PA,5.6
2014-12,PA,5.5
2015-01,PA,5.5
2015-02,PA,5.6
2015-03,PA,5.6
2015-04,PA,5.5
2015-05,PA,5.5
2015-06,PA,5.4
2015-07,PA,5.4
2015-08,PA,5.3
2015-09,PA,5.3
2015-10,PA,5.3
2015-11,PA,5.3
2015-12,PA,5.3
2016-01,PA,5.3
2016-02,PA,5.3
2016-03,PA,5.3
2016-04,PA,5.4
2016-05,PA,5.4
2016-06,PA,5.4
2016-07,PA,5.4
2016-08,PA,5.4
2016-09,PA,5.3
2016-10,PA,5.3
2016-11,PA,5.3
2016-12,PA,5.2
2017-01,PA,5.2
2017-02,PA,5.1
2017-03,PA,5.1
2017-04,PA,5.0
2017-05,PA,5.0
2017-06,PA,4.9
2017-07,PA,4.9
2017-08,PA,4.9
2017-09,PA,4.9
2017-10,PA,4.9
2017-11,PA,4.9
2017-12,PA,4.9
2018-01,PA,4.8
2018-02,PA,4.7
2018-03,PA,4.6
2018-04,PA,4.5
2018-05,PA,4.4
2018-06,PA,4.3
2018-07,PA,4.3
2018-08,PA,4.2
2018-09,PA,4.2
2018-10,PA,4.3
2018-11,PA,4.3
2018-12,PA,4.3
2019-01,PA,4.3
2019-02,PA,4.3
2019-03,PA,4.3
2019-04,PA,4.2
2019-05,PA,4.2
2019-06,PA,4.2
2019-07,PA,4.2
2019-08,PA,4.2
2019-09,PA,4.3
2019-10,PA,4.3
2019-11,PA,4.3
2019-12,PA,4.4
2020-01,PA,4.4
2020-02,PA,4.6
2020-03,PA,4.8
2020-04,PA,16.1
2020-05,PA,12.9
2020-06,PA,11.3
2020-07,PA,10.4
2020-08,PA,9.3
2020-09,PA,8.7
2020-10,PA,8.1
2020-11,PA,7.8
2020-12,PA,7.6
2021-01,PA,7.4
2021-02,PA,7.1
2021-03,PA,6.8
2021-04,PA,6.6
2021-05,PA,6.3
2021-06,PA,6.2
2021-07,PA,5.9
2021-08,PA,5.6
2021-09,PA,5.3
2021-10,PA,5.0
2021-11,PA,4.7
2021-12,PA,4.5
2022-01,PA,4.3
2022-02,PA,4.3
2022-03,PA,4.2
2022-04,PA,4.2
2022-05,PA,4.2
2022-06,PA,4.2
2022-07,PA,4.2
2022-08,PA,4.1
2022-09,PA,4.1
2022-10,PA,4.0
2022-11,PA,4.0
2022-12,PA,3.9
2023-01,PA,3.9
2023-02,PA,3.8
2023-03,PA,3.7
2023-04,PA,3.6
2023-05,PA,3.6
2023-06,PA,3.5
2023-07,PA,3.5
2023-08,PA,3.6
2023-09,PA,3.6
2023-10,PA,3.7
2023-11,PA,3.7
2023-12,PA,3.7
2024-01,PA,3.7
2024-02,PA,3.7
2024-03,PA,3.7
2024-04,PA,3.7
2024-05,PA,3.7
2024-06,PA,3.8
2024-07,PA,3.8
2024-08,PA,3.8
2024-09,PA,3.9
2024-10,PA,3.9
2024-11,PA,4.0
2024-12,PA,4.0
2025-01,PA,4.1
2025-02,PA,4.1
2025-03,PA,4.2
2025-04,PA,4.2
2025-05,PA,4.2
2025-06,PA,4.3
2025-07,PA,4.4
2025-08,PA,4.4
2025-09,PA,4.4
2025-11,PA,4.4
2025-12,PA,4.4
2026-01,PA,4.3
2026-02,PA,4.2
2026-03,PA,4.2
2026-04,PA,4.2
2026-05,PA,4.2
2026-06,PA,4.1
1990-01,RI,5.4
1990-02,RI,5.6
1990-03,RI,5.7
1990-04,RI,5.9
1990-05,RI,6.1
1990-06,RI,6.2
1990-07,RI,6.3
1990-08,RI,6.4
1990-09,RI,6.5
1990-10,RI,6.6
1990-11,RI,6.9
1990-12,RI,7.1
1991-01,RI,7.4
1991-02,RI,7.7
1991-03,RI,7.9
1991-04,RI,8.0
1991-05,RI,8.2
1991-06,RI,8.3
1991-07,RI,8.4
1991-08,RI,8.5
1991-09,RI,8.6
1991-10,RI,8.7
1991-11,RI,8.8
1991-12,RI,8.9
1992-01,RI,9.0
1992-02,RI,9.1
1992-03,RI,9.1
1992-04,RI,9.2
1992-05,RI,9.2
1992-06,RI,9.2
1992-07,RI,9.2
1992-08,RI,9.1
1992-09,RI,9.0
1992-10,RI,8.8
1992-11,RI,8.6
1992-12,RI,8.5
1993-01,RI,8.3
1993-02,RI,8.2
1993-03,RI,8.1
1993-04,RI,7.9
1993-05,RI,7.8
1993-06,RI,7.6
1993-07,RI,7.4
1993-08,RI,7.3
1993-09,RI,7.3
1993-10,RI,7.3
1993-11,RI,7.3
1993-12,RI,7.3
1994-01,RI,7.2
1994-02,RI,7.1
1994-03,RI,6.9
1994-04,RI,6.8
1994-05,RI,6.7
1994-06,RI,6.6
1994-07,RI,6.6
1994-08,RI,6.6
1994-09,RI,6.5
1994-10,RI,6.5
1994-11,RI,6.3
1994-12,RI,6.3
1995-01,RI,6.2
1995-02,RI,6.3
1995-03,RI,6.4
1995-04,RI,6.5
1995-05,RI,6.6
1995-06,RI,6.6
1995-07,RI,6.6
1995-08,RI,6.4
1995-09,RI,6.3
1995-10,RI,6.1
1995-11,RI,5.9
1995-12,RI,5.7
1996-01,RI,5.6
1996-02,RI,5.4
1996-03,RI,5.3
1996-04,RI,5.2
1996-05,RI,5.0
1996-06,RI,5.0
1996-07,RI,4.9
1996-08,RI,5.0
1996-09,RI,5.0
1996-10,RI,5.1
1996-11,RI,5.3
1996-12,RI,5.4
1997-01,RI,5.5
1997-02,RI,5.5
1997-03,RI,5.6
1997-04,RI,5.6
1997-05,RI,5.5
1997-06,RI,5.5
1997-07,RI,5.4
1997-08,RI,5.3
1997-09,RI,5.2
1997-10,RI,5.1
1997-11,RI,5.0
1997-12,RI,5.0
1998-01,RI,5.0
1998-02,RI,4.9
1998-03,RI,4.9
1998-04,RI,4.7
1998-05,RI,4.6
1998-06,RI,4.5
1998-07,RI,4.5
1998-08,RI,4.5
1998-09,RI,4.5
1998-10,RI,4.4
1998-11,RI,4.3
1998-12,RI,4.2
1999-01,RI,4.1
1999-02,RI,4.0
1999-03,RI,3.9
1999-04,RI,4.0
1999-05,RI,4.0
1999-06,RI,4.1
1999-07,RI,4.3
1999-08,RI,4.3
1999-09,RI,4.4
1999-10,RI,4.4
1999-11,RI,4.4
1999-12,RI,4.3
2000-01,RI,4.3
2000-02,RI,4.2
2000-03,RI,4.1
2000-04,RI,4.1
2000-05,RI,4.1
2000-06,RI,4.1
2000-07,RI,4.0
2000-08,RI,4.0
2000-09,RI,3.9
2000-10,RI,3.9
2000-11,RI,3.9
2000-12,RI,4.0
2001-01,RI,4.1
2001-02,RI,4.3
2001-03,RI,4.4
2001-04,RI,4.5
2001-05,RI,4.6
2001-06,RI,4.6
2001-07,RI,4.5
2001-08,RI,4.5
2001-09,RI,4.5
2001-10,RI,4.6
2001-11,RI,4.6
2001-12,RI,4.7
2002-01,RI,4.7
2002-02,RI,4.7
2002-03,RI,4.7
2002-04,RI,4.7
2002-05,RI,4.7
2002-06,RI,4.8
2002-07,RI,5.0
2002-08,RI,5.2
2002-09,RI,5.4
2002-10,RI,5.5
2002-11,RI,5.6
2002-12,RI,5.6
2003-01,RI,5.6
2003-02,RI,5.6
2003-03,RI,5.6
2003-04,RI,5.6
2003-05,RI,5.6
2003-06,RI,5.6
2003-07,RI,5.5
2003-08,RI,5.5
2003-09,RI,5.4
2003-10,RI,5.4
2003-11,RI,5.4
2003-12,RI,5.5
2004-01,RI,5.6
2004-02,RI,5.6
2004-03,RI,5.7
2004-04,RI,5.7
2004-05,RI,5.6
2004-06,RI,5.5
2004-07,RI,5.3
2004-08,RI,5.1
2004-09,RI,4.9
2004-10,RI,4.8
2004-11,RI,4.8
2004-12,RI,4.8
2005-01,RI,4.8
2005-02,RI,4.9
2005-03,RI,4.9
2005-04,RI,4.9
2005-05,RI,5.0
2005-06,RI,5.1
2005-07,RI,5.2
2005-08,RI,5.3
2005-09,RI,5.4
2005-10,RI,5.4
2005-11,RI,5.4
2005-12,RI,5.4
2006-01,RI,5.4
2006-02,RI,5.3
2006-03,RI,5.4
2006-04,RI,5.4
2006-05,RI,5.4
2006-06,RI,5.4
2006-07,RI,5.3
2006-08,RI,5.3
2006-09,RI,5.2
2006-10,RI,5.1
2006-11,RI,5.0
2006-12,RI,4.9
2007-01,RI,4.8
2007-02,RI,4.7
2007-03,RI,4.7
2007-04,RI,4.7
2007-05,RI,4.8
2007-06,RI,4.9
2007-07,RI,5.1
2007-08,RI,5.2
2007-09,RI,5.4
2007-10,RI,5.5
2007-11,RI,5.7
2007-12,RI,5.9
2008-01,RI,6.1
2008-02,RI,6.2
2008-03,RI,6.5
2008-04,RI,6.7
2008-05,RI,7.0
2008-06,RI,7.4
2008-07,RI,7.8
2008-08,RI,8.1
2008-09,RI,8.4
2008-10,RI,8.7
2008-11,RI,9.1
2008-12,RI,9.5
2009-01,RI,10.0
2009-02,RI,10.4
2009-03,RI,10.8
2009-04,RI,11.1
2009-05,RI,11.2
2009-06,RI,11.3
2009-07,RI,11.4
2009-08,RI,11.4
2009-09,RI,11.5
2009-10,RI,11.6
2009-11,RI,11.6
2009-12,RI,11.7
2010-01,RI,11.8
2010-02,RI,11.8
2010-03,RI,11.8
2010-04,RI,11.8
2010-05,RI,11.7
2010-06,RI,11.6
2010-07,RI,11.5
2010-08,RI,11.5
2010-09,RI,11.5
2010-10,RI,11.5
2010-11,RI,11.5
2010-12,RI,11.4
2011-01,RI,11.3
2011-02,RI,11.2
2011-03,RI,11.1
2011-04,RI,11.0
2011-05,RI,11.0
2011-06,RI,11.1
2011-07,RI,11.1
2011-08,RI,11.1
2011-09,RI,11.1
2011-10,RI,11.1
2011-11,RI,11.1
2011-12,RI,11.0
2012-01,RI,10.9
2012-02,RI,10.8
2012-03,RI,10.7
2012-04,RI,10.6
2012-05,RI,10.5
2012-06,RI,10.4
2012-07,RI,10.3
2012-08,RI,10.2
2012-09,RI,10.0
2012-10,RI,9.9
2012-11,RI,9.7
2012-12,RI,9.6
2013-01,RI,9.6
2013-02,RI,9.5
2013-03,RI,9.5
2013-04,RI,9.5
2013-05,RI,9.6
2013-06,RI,9.6
2013-07,RI,9.6
2013-08,RI,9.6
2013-09,RI,9.5
2013-10,RI,9.4
2013-11,RI,9.3
2013-12,RI,9.1
2014-01,RI,8.9
2014-02,RI,8.7
2014-03,RI,8.5
2014-04,RI,8.2
2014-05,RI,8.0
2014-06,RI,7.8
2014-07,RI,7.6
2014-08,RI,7.5
2014-09,RI,7.3
2014-10,RI,7.1
2014-11,RI,6.9
2014-12,RI,6.7
2015-01,RI,6.5
2015-02,RI,6.4
2015-03,RI,6.4
2015-04,RI,6.3
2015-05,RI,6.2
2015-06,RI,6.0
2015-07,RI,5.9
2015-08,RI,5.8
2015-09,RI,5.7
2015-10,RI,5.7
2015-11,RI,5.7
2015-12,RI,5.6
2016-01,RI,5.6
2016-02,RI,5.5
2016-03,RI,5.5
2016-04,RI,5.4
2016-05,RI,5.4
2016-06,RI,5.3
2016-07,RI,5.3
2016-08,RI,5.2
2016-09,RI,5.1
2016-10,RI,5.0
2016-11,RI,4.9
2016-12,RI,4.7
2017-01,RI,4.6
2017-02,RI,4.5
2017-03,RI,4.5
2017-04,RI,4.4
2017-05,RI,4.4
2017-06,RI,4.4
2017-07,RI,4.4
2017-08,RI,4.5
2017-09,RI,4.5
2017-10,RI,4.5
2017-11,RI,4.5
2017-12,RI,4.5
2018-01,RI,4.5
2018-02,RI,4.4
2018-03,RI,4.3
2018-04,RI,4.1
2018-05,RI,4.0
2018-06,RI,4.0
2018-07,RI,3.9
2018-08,RI,3.9
2018-09,RI,3.9
2018-10,RI,3.9
2018-11,RI,3.9
2018-12,RI,3.8
2019-01,RI,3.8
2019-02,RI,3.7
2019-03,RI,3.6
2019-04,RI,3.5
2019-05,RI,3.5
2019-06,RI,3.5
2019-07,RI,3.5
2019-08,RI,3.5
2019-09,RI,3.5
2019-10,RI,3.4
2019-11,RI,3.4
2019-12,RI,3.4
2020-01,RI,3.5
2020-02,RI,3.6
2020-03,RI,3.7
2020-04,RI,17.9
2020-05,RI,15.4
2020-06,RI,13.4
2020-07,RI,12.2
2020-08,RI,10.4
2020-09,RI,10.0
2020-10,RI,7.0
2020-11,RI,7.0
2020-12,RI,7.0
2021-01,RI,6.6
2021-02,RI,6.4
2021-03,RI,6.2
2021-04,RI,6.2
2021-05,RI,6.1
2021-06,RI,6.1
2021-07,RI,5.9
2021-08,RI,5.6
2021-09,RI,5.1
2021-10,RI,4.6
2021-11,RI,4.1
2021-12,RI,3.7
2022-01,RI,3.5
2022-02,RI,3.3
2022-03,RI,3.2
2022-04,RI,3.1
2022-05,RI,3.1
2022-06,RI,3.2
2022-07,RI,3.3
2022-08,RI,3.4
2022-09,RI,3.3
2022-10,RI,3.2
2022-11,RI,3.1
2022-12,RI,3.0
2023-01,RI,2.9
2023-02,RI,2.8
2023-03,RI,2.7
2023-04,RI,2.7
2023-05,RI,2.7
2023-06,RI,2.7
2023-07,RI,2.7
2023-08,RI,2.9
2023-09,RI,3.1
2023-10,RI,3.3
2023-11,RI,3.5
2023-12,RI,3.7
2024-01,RI,3.8
2024-02,RI,3.9
2024-03,RI,4.0
2024-04,RI,4.1
2024-05,RI,4.2
2024-06,RI,4.3
2024-07,RI,4.4
2024-08,RI,4.4
2024-09,RI,4.4
2024-10,RI,4.5
2024-11,RI,4.5
2024-12,RI,4.5
2025-01,RI,4.5
2025-02,RI,4.5
2025-03,RI,4.5
2025-04,RI,4.4
2025-05,RI,4.4
2025-06,RI,4.3
2025-07,RI,4.2
2025-08,RI,4.3
2025-09,RI,4.3
2025-11,RI,4.4
2025-12,RI,4.4
2026-01,RI,4.5
2026-02,RI,4.6
2026-03,RI,4.7
2026-04,RI,4.5
2026-05,RI,4.3
2026-06,RI,4.1
1990-01,SC,4.7
1990-02,SC,4.7
1990-03,SC,4.6
1990-04,SC,4.7
1990-05,SC,4.7
1990-06,SC,4.8
1990-07,SC,4.9
1990-08,SC,4.9
1990-09,SC,5.0
1990-10,SC,5.1
1990-11,SC,5.3
1990-12,SC,5.4
1991-01,SC,5.6
1991-02,SC,5.7
1991-03,SC,5.8
1991-04,SC,5.9
1991-05,SC,6.0
1991-06,SC,6.0
1991-07,SC,6.1
1991-08,SC,6.2
1991-09,SC,6.4
1991-10,SC,6.5
1991-11,SC,6.6
1991-12,SC,6.7
1992-01,SC,6.7
1992-02,SC,6.7
1992-03,SC,6.7
1992-04,SC,6.7
1992-05,SC,6.7
1992-06,SC,6.7
1992-07,SC,6.7
1992-08,SC,6.7
1992-09,SC,6.7
1992-10,SC,6.8
1992-11,SC,6.9
1992-12,SC,7.0
1993-01,SC,7.2
1993-02,SC,7.3
1993-03,SC,7.5
1993-04,SC,7.6
1993-05,SC,7.6
1993-06,SC,7.6
1993-07,SC,7.5
1993-08,SC,7.3
1993-09,SC,7.2
1993-10,SC,7.0
1993-11,SC,6.9
1993-12,SC,6.9
1994-01,SC,6.9
1994-02,SC,6.8
1994-03,SC,6.7
1994-04,SC,6.6
1994-05,SC,6.4
1994-06,SC,6.2
1994-07,SC,6.1
1994-08,SC,5.9
1994-09,SC,5.8
1994-10,SC,5.7
1994-11,SC,5.5
1994-12,SC,5.3
1995-01,SC,5.2
1995-02,SC,5.0
1995-03,SC,5.0
1995-04,SC,4.9
1995-05,SC,4.9
1995-06,SC,5.0
1995-07,SC,5.0
1995-08,SC,5.1
1995-09,SC,5.2
1995-10,SC,5.3
1995-11,SC,5.3
1995-12,SC,5.4
1996-01,SC,5.4
1996-02,SC,5.5
1996-03,SC,5.6
1996-04,SC,5.7
1996-05,SC,5.7
1996-06,SC,5.8
1996-07,SC,5.8
1996-08,SC,5.8
1996-09,SC,5.8
1996-10,SC,5.7
1996-11,SC,5.7
1996-12,SC,5.7
1997-01,SC,5.6
1997-02,SC,5.4
1997-03,SC,5.2
1997-04,SC,5.0
1997-05,SC,4.8
1997-06,SC,4.6
1997-07,SC,4.4
1997-08,SC,4.1
1997-09,SC,3.9
1997-10,SC,3.8
1997-11,SC,3.6
1997-12,SC,3.5
1998-01,SC,3.4
1998-02,SC,3.3
1998-03,SC,3.3
1998-04,SC,3.4
1998-05,SC,3.4
1998-06,SC,3.6
1998-07,SC,3.7
1998-08,SC,3.8
1998-09,SC,3.9
1998-10,SC,3.9
1998-11,SC,3.9
1998-12,SC,4.0
1999-01,SC,4.0
1999-02,SC,4.0
1999-03,SC,4.0
1999-04,SC,4.1
1999-05,SC,4.1
1999-06,SC,4.1
1999-07,SC,4.2
1999-08,SC,4.3
1999-09,SC,4.3
1999-10,SC,4.3
1999-11,SC,4.3
1999-12,SC,4.2
2000-01,SC,4.0
2000-02,SC,3.9
2000-03,SC,3.8
2000-04,SC,3.7
2000-05,SC,3.7
2000-06,SC,3.7
2000-07,SC,3.6
2000-08,SC,3.6
2000-09,SC,3.5
2000-10,SC,3.5
2000-11,SC,3.6
2000-12,SC,3.8
2001-01,SC,4.1
2001-02,SC,4.4
2001-03,SC,4.6
2001-04,SC,4.8
2001-05,SC,5.0
2001-06,SC,5.1
2001-07,SC,5.3
2001-08,SC,5.4
2001-09,SC,5.6
2001-10,SC,5.8
2001-11,SC,5.9
2001-12,SC,6.0
2002-01,SC,6.0
2002-02,SC,6.0
2002-03,SC,6.0
2002-04,SC,6.0
2002-05,SC,6.0
2002-06,SC,6.0
2002-07,SC,5.9
2002-08,SC,6.0
2002-09,SC,6.1
2002-10,SC,6.2
2002-11,SC,6.3
2002-12,SC,6.4
2003-01,SC,6.5
2003-02,SC,6.5
2003-03,SC,6.6
2003-04,SC,6.7
2003-05,SC,6.8
2003-06,SC,6.9
2003-07,SC,6.9
2003-08,SC,6.9
2003-09,SC,6.9
2003-10,SC,6.8
2003-11,SC,6.8
2003-12,SC,6.7
2004-01,SC,6.8
2004-02,SC,6.8
2004-03,SC,6.9
2004-04,SC,7.0
2004-05,SC,7.0
2004-06,SC,7.0
2004-07,SC,7.0
2004-08,SC,6.9
2004-09,SC,6.9
2004-10,SC,6.9
2004-11,SC,6.9
2004-12,SC,7.0
2005-01,SC,7.0
2005-02,SC,6.9
2005-03,SC,6.9
2005-04,SC,6.8
2005-05,SC,6.7
2005-06,SC,6.7
2005-07,SC,6.7
2005-08,SC,6.7
2005-09,SC,6.8
2005-10,SC,6.8
2005-11,SC,6.7
2005-12,SC,6.7
2006-01,SC,6.6
2006-02,SC,6.5
2006-03,SC,6.5
2006-04,SC,6.5
2006-05,SC,6.5
2006-06,SC,6.5
2006-07,SC,6.4
2006-08,SC,6.3
2006-09,SC,6.2
2006-10,SC,6.1
2006-11,SC,6.1
2006-12,SC,6.0
2007-01,SC,5.9
2007-02,SC,5.8
2007-03,SC,5.7
2007-04,SC,5.6
2007-05,SC,5.5
2007-06,SC,5.5
2007-07,SC,5.5
2007-08,SC,5.5
2007-09,SC,5.6
2007-10,SC,5.6
2007-11,SC,5.6
2007-12,SC,5.6
2008-01,SC,5.6
2008-02,SC,5.6
2008-03,SC,5.8
2008-04,SC,6.0
2008-05,SC,6.2
2008-06,SC,6.6
2008-07,SC,6.9
2008-08,SC,7.2
2008-09,SC,7.6
2008-10,SC,8.0
2008-11,SC,8.5
2008-12,SC,9.0
2009-01,SC,9.5
2009-02,SC,10.0
2009-03,SC,10.4
2009-04,SC,10.7
2009-05,SC,10.9
2009-06,SC,11.1
2009-07,SC,11.2
2009-08,SC,11.3
2009-09,SC,11.5
2009-10,SC,11.6
2009-11,SC,11.7
2009-12,SC,11.7
2010-01,SC,11.7
2010-02,SC,11.6
2010-03,SC,11.4
2010-04,SC,11.3
2010-05,SC,11.1
2010-06,SC,11.0
2010-07,SC,10.9
2010-08,SC,10.9
2010-09,SC,10.8
2010-10,SC,10.8
2010-11,SC,10.8
2010-12,SC,10.7
2011-01,SC,10.6
2011-02,SC,10.6
2011-03,SC,10.6
2011-04,SC,10.6
2011-05,SC,10.6
2011-06,SC,10.6
2011-07,SC,10.5
2011-08,SC,10.4
2011-09,SC,10.2
2011-10,SC,10.0
2011-11,SC,9.9
2011-12,SC,9.7
2012-01,SC,9.6
2012-02,SC,9.5
2012-03,SC,9.4
2012-04,SC,9.4
2012-05,SC,9.3
2012-06,SC,9.2
2012-07,SC,9.0
2012-08,SC,8.8
2012-09,SC,8.7
2012-10,SC,8.6
2012-11,SC,8.5
2012-12,SC,8.4
2013-01,SC,8.4
2013-02,SC,8.2
2013-03,SC,8.1
2013-04,SC,7.9
2013-05,SC,7.7
2013-06,SC,7.6
2013-07,SC,7.4
2013-08,SC,7.2
2013-09,SC,7.0
2013-10,SC,6.8
2013-11,SC,6.5
2013-12,SC,6.3
2014-01,SC,6.2
2014-02,SC,6.0
2014-03,SC,6.0
2014-04,SC,6.0
2014-05,SC,6.1
2014-06,SC,6.2
2014-07,SC,6.4
2014-08,SC,6.5
2014-09,SC,6.6
2014-10,SC,6.6
2014-11,SC,6.5
2014-12,SC,6.5
2015-01,SC,6.4
2015-02,SC,6.4
2015-03,SC,6.3
2015-04,SC,6.2
2015-05,SC,6.1
2015-06,SC,6.0
2015-07,SC,5.8
2015-08,SC,5.7
2015-09,SC,5.6
2015-10,SC,5.5
2015-11,SC,5.4
2015-12,SC,5.4
2016-01,SC,5.3
2016-02,SC,5.3
2016-03,SC,5.2
2016-04,SC,5.1
2016-05,SC,5.1
2016-06,SC,5.0
2016-07,SC,4.9
2016-08,SC,4.7
2016-09,SC,4.7
2016-10,SC,4.6
2016-11,SC,4.5
2016-12,SC,4.4
2017-01,SC,4.4
2017-02,SC,4.3
2017-03,SC,4.2
2017-04,SC,4.2
2017-05,SC,4.1
2017-06,SC,4.1
2017-07,SC,4.2
2017-08,SC,4.2
2017-09,SC,4.2
2017-10,SC,4.2
2017-11,SC,4.2
2017-12,SC,4.0
2018-01,SC,3.9
2018-02,SC,3.7
2018-03,SC,3.5
2018-04,SC,3.3
2018-05,SC,3.2
2018-06,SC,3.2
2018-07,SC,3.3
2018-08,SC,3.3
2018-09,SC,3.3
2018-10,SC,3.3
2018-11,SC,3.2
2018-12,SC,3.2
2019-01,SC,3.2
2019-02,SC,3.2
2019-03,SC,3.1
2019-04,SC,3.1
2019-05,SC,2.9
2019-06,SC,2.7
2019-07,SC,2.6
2019-08,SC,2.5
2019-09,SC,2.4
2019-10,SC,2.4
2019-11,SC,2.5
2019-12,SC,2.6
2020-01,SC,2.8
2020-02,SC,2.9
2020-03,SC,3.1
2020-04,SC,11.7
2020-05,SC,9.3
2020-06,SC,7.8
2020-07,SC,7.1
2020-08,SC,6.2
2020-09,SC,5.8
2020-10,SC,5.3
2020-11,SC,5.1
2020-12,SC,4.9
2021-01,SC,4.6
2021-02,SC,4.5
2021-03,SC,4.3
2021-04,SC,4.2
2021-05,SC,4.1
2021-06,SC,4.0
2021-07,SC,3.9
2021-08,SC,3.8
2021-09,SC,3.6
2021-10,SC,3.5
2021-11,SC,3.4
2021-12,SC,3.3
2022-01,SC,3.3
2022-02,SC,3.2
2022-03,SC,3.2
2022-04,SC,3.2
2022-05,SC,3.2
2022-06,SC,3.2
2022-07,SC,3.2
2022-08,SC,3.2
2022-09,SC,3.2
2022-10,SC,3.2
2022-11,SC,3.2
2022-12,SC,3.1
2023-01,SC,3.1
2023-02,SC,3.0
2023-03,SC,3.0
2023-04,SC,2.9
2023-05,SC,2.8
2023-06,SC,2.8
2023-07,SC,2.8
2023-08,SC,2.8
2023-09,SC,2.9
2023-10,SC,3.0
2023-11,SC,3.2
2023-12,SC,3.3
2024-01,SC,3.4
2024-02,SC,3.6
2024-03,SC,3.7
2024-04,SC,3.9
2024-05,SC,4.1
2024-06,SC,4.3
2024-07,SC,4.4
2024-08,SC,4.5
2024-09,SC,4.5
2024-10,SC,4.4
2024-11,SC,4.3
2024-12,SC,4.2
2025-01,SC,4.1
2025-02,SC,4.1
2025-03,SC,4.2
2025-04,SC,4.2
2025-05,SC,4.3
2025-06,SC,4.4
2025-07,SC,4.4
2025-08,SC,4.6
2025-09,SC,4.7
2025-11,SC,4.8
2025-12,SC,4.8
2026-01,SC,4.9
2026-02,SC,5.0
2026-03,SC,4.9
2026-04,SC,4.8
2026-05,SC,4.6
2026-06,SC,4.4
1990-01,SD,3.7
1990-02,SD,3.7
1990-03,SD,3.6
1990-04,SD,3.6
1990-05,SD,3.6
1990-06,SD,3.6
1990-07,SD,3.6
1990-08,SD,3.6
1990-09,SD,3.6
1990-10,SD,3.6
1990-11,SD,3.6
1990-12,SD,3.6
1991-01,SD,3.6
1991-02,SD,3.6
1991-03,SD,3.6
1991-04,SD,3.6
1991-05,SD,3.6
1991-06,SD,3.6
1991-07,SD,3.5
1991-08,SD,3.5
1991-09,SD,3.5
1991-10,SD,3.4
1991-11,SD,3.4
1991-12,SD,3.4
1992-01,SD,3.4
1992-02,SD,3.4
1992-03,SD,3.4
1992-04,SD,3.4
1992-05,SD,3.5
1992-06,SD,3.5
1992-07,SD,3.5
1992-08,SD,3.5
1992-09,SD,3.4
1992-10,SD,3.4
1992-11,SD,3.5
1992-12,SD,3.5
1993-01,SD,3.6
1993-02,SD,3.6
1993-03,SD,3.6
1993-04,SD,3.6
1993-05,SD,3.5
1993-06,SD,3.5
1993-07,SD,3.4
1993-08,SD,3.4
1993-09,SD,3.4
1993-10,SD,3.3
1993-11,SD,3.3
1993-12,SD,3.3
1994-01,SD,3.3
1994-02,SD,3.3
1994-03,SD,3.3
1994-04,SD,3.3
1994-05,SD,3.2
1994-06,SD,3.2
1994-07,SD,3.2
1994-08,SD,3.3
1994-09,SD,3.3
1994-10,SD,3.3
1994-11,SD,3.2
1994-12,SD,3.1
1995-01,SD,3.1
1995-02,SD,3.1
1995-03,SD,3.1
1995-04,SD,3.1
1995-05,SD,3.2
1995-06,SD,3.2
1995-07,SD,3.2
1995-08,SD,3.2
1995-09,SD,3.2
1995-10,SD,3.2
1995-11,SD,3.2
1995-12,SD,3.3
1996-01,SD,3.3
1996-02,SD,3.3
1996-03,SD,3.4
1996-04,SD,3.4
1996-05,SD,3.3
1996-06,SD,3.3
1996-07,SD,3.2
1996-08,SD,3.2
1996-09,SD,3.2
1996-10,SD,3.2
1996-11,SD,3.2
1996-12,SD,3.2
1997-01,SD,3.1
1997-02,SD,3.1
1997-03,SD,3.0
1997-04,SD,2.9
1997-05,SD,2.9
1997-06,SD,2.9
1997-07,SD,2.9
1997-08,SD,2.9
1997-09,SD,2.9
1997-10,SD,2.9
1997-11,SD,2.9
1997-12,SD,2.9
1998-01,SD,2.9
1998-02,SD,2.9
1998-03,SD,2.9
1998-04,SD,2.9
1998-05,SD,2.9
1998-06,SD,2.9
1998-07,SD,2.9
1998-08,SD,2.9
1998-09,SD,2.9
1998-10,SD,2.9
1998-11,SD,2.8
1998-12,SD,2.8
1999-01,SD,2.8
1999-02,SD,2.7
1999-03,SD,2.7
1999-04,SD,2.8
1999-05,SD,2.8
1999-06,SD,2.8
1999-07,SD,2.8
1999-08,SD,2.8
1999-09,SD,2.7
1999-10,SD,2.6
1999-11,SD,2.6
1999-12,SD,2.5
2000-01,SD,2.4
2000-02,SD,2.4
2000-03,SD,2.4
2000-04,SD,2.4
2000-05,SD,2.4
2000-06,SD,2.5
2000-07,SD,2.5
2000-08,SD,2.6
2000-09,SD,2.6
2000-10,SD,2.6
2000-11,SD,2.7
2000-12,SD,2.7
2001-01,SD,2.7
2001-02,SD,2.8
2001-03,SD,2.8
2001-04,SD,2.9
2001-05,SD,2.9
2001-06,SD,2.9
2001-07,SD,3.0
2001-08,SD,3.0
2001-09,SD,3.1
2001-10,SD,3.2
2001-11,SD,3.3
2001-12,SD,3.4
2002-01,SD,3.5
2002-02,SD,3.5
2002-03,SD,3.4
2002-04,SD,3.4
2002-05,SD,3.3
2002-06,SD,3.2
2002-07,SD,3.1
2002-08,SD,3.1
2002-09,SD,3.1
2002-10,SD,3.1
2002-11,SD,3.2
2002-12,SD,3.2
2003-01,SD,3.3
2003-02,SD,3.3
2003-03,SD,3.4
2003-04,SD,3.4
2003-05,SD,3.5
2003-06,SD,3.5
2003-07,SD,3.6
2003-08,SD,3.6
2003-09,SD,3.6
2003-10,SD,3.5
2003-11,SD,3.5
2003-12,SD,3.5
2004-01,SD,3.4
2004-02,SD,3.4
2004-03,SD,3.5
2004-04,SD,3.5
2004-05,SD,3.5
2004-06,SD,3.6
2004-07,SD,3.6
2004-08,SD,3.6
2004-09,SD,3.6
2004-10,SD,3.7
2004-11,SD,3.7
2004-12,SD,3.7
2005-01,SD,3.7
2005-02,SD,3.7
2005-03,SD,3.7
2005-04,SD,3.7
2005-05,SD,3.6
2005-06,SD,3.5
2005-07,SD,3.5
2005-08,SD,3.4
2005-09,SD,3.4
2005-10,SD,3.4
2005-11,SD,3.3
2005-12,SD,3.3
2006-01,SD,3.2
2006-02,SD,3.0
2006-03,SD,3.0
2006-04,SD,2.9
2006-05,SD,2.9
2006-06,SD,3.0
2006-07,SD,3.0
2006-08,SD,3.0
2006-09,SD,3.1
2006-10,SD,3.0
2006-11,SD,3.0
2006-12,SD,3.0
2007-01,SD,2.9
2007-02,SD,2.9
2007-03,SD,2.9
2007-04,SD,2.8
2007-05,SD,2.8
2007-06,SD,2.8
2007-07,SD,2.9
2007-08,SD,2.9
2007-09,SD,2.9
2007-10,SD,2.9
2007-11,SD,2.8
2007-12,SD,2.7
2008-01,SD,2.6
2008-02,SD,2.6
2008-03,SD,2.6
2008-04,SD,2.7
2008-05,SD,2.8
2008-06,SD,2.9
2008-07,SD,3.1
2008-08,SD,3.2
2008-09,SD,3.3
2008-10,SD,3.5
2008-11,SD,3.7
2008-12,SD,3.9
2009-01,SD,4.2
2009-02,SD,4.4
2009-03,SD,4.6
2009-04,SD,4.7
2009-05,SD,4.8
2009-06,SD,4.7
2009-07,SD,4.7
2009-08,SD,4.6
2009-09,SD,4.6
2009-10,SD,4.6
2009-11,SD,4.6
2009-12,SD,4.7
2010-01,SD,4.8
2010-02,SD,4.8
2010-03,SD,4.9
2010-04,SD,4.9
2010-05,SD,4.9
2010-06,SD,4.9
2010-07,SD,4.8
2010-08,SD,4.8
2010-09,SD,4.8
2010-10,SD,4.9
2010-11,SD,4.9
2010-12,SD,4.9
2011-01,SD,4.9
2011-02,SD,4.9
2011-03,SD,4.8
2011-04,SD,4.7
2011-05,SD,4.6
2011-06,SD,4.5
2011-07,SD,4.5
2011-08,SD,4.5
2011-09,SD,4.4
2011-10,SD,4.4
2011-11,SD,4.3
2011-12,SD,4.2
2012-01,SD,4.1
2012-02,SD,4.1
2012-03,SD,4.0
2012-04,SD,4.0
2012-05,SD,4.0
2012-06,SD,4.1
2012-07,SD,4.1
2012-08,SD,4.0
2012-09,SD,4.0
2012-10,SD,4.0
2012-11,SD,3.9
2012-12,SD,3.9
2013-01,SD,3.9
2013-02,SD,3.8
2013-03,SD,3.8
2013-04,SD,3.8
2013-05,SD,3.8
2013-06,SD,3.7
2013-07,SD,3.7
2013-08,SD,3.7
2013-09,SD,3.6
2013-10,SD,3.6
2013-11,SD,3.5
2013-12,SD,3.5
2014-01,SD,3.5
2014-02,SD,3.5
2014-03,SD,3.4
2014-04,SD,3.4
2014-05,SD,3.4
2014-06,SD,3.3
2014-07,SD,3.3
2014-08,SD,3.3
2014-09,SD,3.3
2014-10,SD,3.3
2014-11,SD,3.2
2014-12,SD,3.2
2015-01,SD,3.2
2015-02,SD,3.2
2015-03,SD,3.1
2015-04,SD,3.1
2015-05,SD,3.1
2015-06,SD,3.1
2015-07,SD,3.0
2015-08,SD,3.0
2015-09,SD,2.9
2015-10,SD,2.9
2015-11,SD,2.9
2015-12,SD,2.8
2016-01,SD,2.8
2016-02,SD,2.8
2016-03,SD,2.8
2016-04,SD,2.9
2016-05,SD,2.9
2016-06,SD,3.0
2016-07,SD,3.1
2016-08,SD,3.1
2016-09,SD,3.1
2016-10,SD,3.2
2016-11,SD,3.2
2016-12,SD,3.1
2017-01,SD,3.1
2017-02,SD,3.1
2017-03,SD,3.0
2017-04,SD,3.0
2017-05,SD,3.0
2017-06,SD,3.0
2017-07,SD,3.0
2017-08,SD,3.0
2017-09,SD,3.0
2017-10,SD,3.0
2017-11,SD,3.0
2017-12,SD,3.0
2018-01,SD,2.9
2018-02,SD,2.9
2018-03,SD,2.9
2018-04,SD,2.8
2018-05,SD,2.8
2018-06,SD,2.7
2018-07,SD,2.7
2018-08,SD,2.7
2018-09,SD,2.7
2018-10,SD,2.7
2018-11,SD,2.7
2018-12,SD,2.7
2019-01,SD,2.8
2019-02,SD,2.8
2019-03,SD,2.8
2019-04,SD,2.8
2019-05,SD,2.8
2019-06,SD,2.8
2019-07,SD,2.8
2019-08,SD,2.7
2019-09,SD,2.7
2019-10,SD,2.7
2019-11,SD,2.6
2019-12,SD,2.6
2020-01,SD,2.5
2020-02,SD,2.5
2020-03,SD,2.4
2020-04,SD,8.8
2020-05,SD,6.6
2020-06,SD,5.3
2020-07,SD,4.7
2020-08,SD,3.9
2020-09,SD,3.6
2020-10,SD,3.3
2020-11,SD,3.1
2020-12,SD,3.0
2021-01,SD,2.8
2021-02,SD,2.8
2021-03,SD,2.8
2021-04,SD,2.8
2021-05,SD,2.8
2021-06,SD,2.7
2021-07,SD,2.6
2021-08,SD,2.5
2021-09,SD,2.4
2021-10,SD,2.3
2021-11,SD,2.1
2021-12,SD,2.0
2022-01,SD,1.9
2022-02,SD,1.9
2022-03,SD,1.9
2022-04,SD,1.9
2022-05,SD,1.9
2022-06,SD,1.9
2022-07,SD,1.9
2022-08,SD,2.0
2022-09,SD,2.0
2022-10,SD,2.0
2022-11,SD,1.9
2022-12,SD,1.9
2023-01,SD,1.8
2023-02,SD,1.8
2023-03,SD,1.8
2023-04,SD,1.8
2023-05,SD,1.8
2023-06,SD,1.8
2023-07,SD,1.8
2023-08,SD,1.8
2023-09,SD,1.8
2023-10,SD,1.8
2023-11,SD,1.8
2023-12,SD,1.8
2024-01,SD,1.8
2024-02,SD,1.7
2024-03,SD,1.7
2024-04,SD,1.8
2024-05,SD,1.8
2024-06,SD,1.8
2024-07,SD,1.8
2024-08,SD,1.9
2024-09,SD,1.9
2024-10,SD,1.9
2024-11,SD,1.9
2024-12,SD,1.9
2025-01,SD,2.0
2025-02,SD,2.0
2025-03,SD,2.0
2025-04,SD,2.0
2025-05,SD,2.0
2025-06,SD,2.0
2025-07,SD,2.0
2025-08,SD,2.1
2025-09,SD,2.1
2025-11,SD,2.2
2025-12,SD,2.2
2026-01,SD,2.2
2026-02,SD,2.3
2026-03,SD,2.3
2026-04,SD,2.2
2026-05,SD,2.1
2026-06,SD,2.0
1990-01,TN,5.0
1990-02,TN,5.0
1990-03,TN,5.0
1990-04,TN,5.1
1990-05,TN,5.1
1990-06,TN,5.2
1990-07,TN,5.3
1990-08,TN,5.4
1990-09,TN,5.5
1990-10,TN,5.7
1990-11,TN,5.9
1990-12,TN,6.2
1991-01,TN,6.4
1991-02,TN,6.5
1991-03,TN,6.7
1991-04,TN,6.7
1991-05,TN,6.7
1991-06,TN,6.7
1991-07,TN,6.7
1991-08,TN,6.7
1991-09,TN,6.7
1991-10,TN,6.7
1991-11,TN,6.7
1991-12,TN,6.8
1992-01,TN,6.8
1992-02,TN,6.7
1992-03,TN,6.7
1992-04,TN,6.6
1992-05,TN,6.5
1992-06,TN,6.4
1992-07,TN,6.3
1992-08,TN,6.3
1992-09,TN,6.3
1992-10,TN,6.3
1992-11,TN,6.2
1992-12,TN,6.2
1993-01,TN,6.2
1993-02,TN,6.2
1993-03,TN,6.1
1993-04,TN,6.1
1993-05,TN,6.0
1993-06,TN,5.9
1993-07,TN,5.8
1993-08,TN,5.7
1993-09,TN,5.5
1993-10,TN,5.4
1993-11,TN,5.3
1993-12,TN,5.2
1994-01,TN,5.2
1994-02,TN,5.1
1994-03,TN,5.0
1994-04,TN,4.9
1994-05,TN,4.8
1994-06,TN,4.8
1994-07,TN,4.7
1994-08,TN,4.7
1994-09,TN,4.7
1994-10,TN,4.6
1994-11,TN,4.6
1994-12,TN,4.5
1995-01,TN,4.6
1995-02,TN,4.7
1995-03,TN,4.8
1995-04,TN,5.0
1995-05,TN,5.2
1995-06,TN,5.3
1995-07,TN,5.4
1995-08,TN,5.4
1995-09,TN,5.3
1995-10,TN,5.3
1995-11,TN,5.3
1995-12,TN,5.2
1996-01,TN,5.2
1996-02,TN,5.2
1996-03,TN,5.2
1996-04,TN,5.1
1996-05,TN,5.1
1996-06,TN,5.1
1996-07,TN,5.1
1996-08,TN,5.1
1996-09,TN,5.2
1996-10,TN,5.3
1996-11,TN,5.4
1996-12,TN,5.4
1997-01,TN,5.5
1997-02,TN,5.5
1997-03,TN,5.4
1997-04,TN,5.4
1997-05,TN,5.4
1997-06,TN,5.4
1997-07,TN,5.3
1997-08,TN,5.2
1997-09,TN,5.1
1997-10,TN,5.0
1997-11,TN,4.8
1997-12,TN,4.7
1998-01,TN,4.6
1998-02,TN,4.5
1998-03,TN,4.4
1998-04,TN,4.4
1998-05,TN,4.3
1998-06,TN,4.3
1998-07,TN,4.3
1998-08,TN,4.3
1998-09,TN,4.3
1998-10,TN,4.3
1998-11,TN,4.3
1998-12,TN,4.2
1999-01,TN,4.2
1999-02,TN,4.1
1999-03,TN,4.1
1999-04,TN,4.0
1999-05,TN,4.0
1999-06,TN,3.9
1999-07,TN,3.9
1999-08,TN,3.9
1999-09,TN,3.9
1999-10,TN,3.9
1999-11,TN,3.8
1999-12,TN,3.8
2000-01,TN,3.7
2000-02,TN,3.7
2000-03,TN,3.7
2000-04,TN,3.8
2000-05,TN,3.8
2000-06,TN,3.9
2000-07,TN,3.9
2000-08,TN,3.9
2000-09,TN,3.9
2000-10,TN,3.9
2000-11,TN,3.9
2000-12,TN,3.9
2001-01,TN,4.0
2001-02,TN,4.0
2001-03,TN,4.1
2001-04,TN,4.2
2001-05,TN,4.3
2001-06,TN,4.4
2001-07,TN,4.6
2001-08,TN,4.7
2001-09,TN,4.9
2001-10,TN,5.1
2001-11,TN,5.3
2001-12,TN,5.5
2002-01,TN,5.6
2002-02,TN,5.6
2002-03,TN,5.5
2002-04,TN,5.4
2002-05,TN,5.3
2002-06,TN,5.1
2002-07,TN,5.0
2002-08,TN,4.9
2002-09,TN,4.9
2002-10,TN,4.9
2002-11,TN,4.9
2002-12,TN,5.0
2003-01,TN,5.1
2003-02,TN,5.3
2003-03,TN,5.4
2003-04,TN,5.5
2003-05,TN,5.6
2003-06,TN,5.7
2003-07,TN,5.8
2003-08,TN,5.8
2003-09,TN,5.7
2003-10,TN,5.6
2003-11,TN,5.5
2003-12,TN,5.4
2004-01,TN,5.3
2004-02,TN,5.2
2004-03,TN,5.2
2004-04,TN,5.1
2004-05,TN,5.2
2004-06,TN,5.2
2004-07,TN,5.3
2004-08,TN,5.4
2004-09,TN,5.5
2004-10,TN,5.5
2004-11,TN,5.6
2004-12,TN,5.7
2005-01,TN,5.7
2005-02,TN,5.7
2005-03,TN,5.7
2005-04,TN,5.6
2005-05,TN,5.5
2005-06,TN,5.4
2005-07,TN,5.4
2005-08,TN,5.4
2005-09,TN,5.4
2005-10,TN,5.4
2005-11,TN,5.4
2005-12,TN,5.4
2006-01,TN,5.4
2006-02,TN,5.4
2006-03,TN,5.4
2006-04,TN,5.4
2006-05,TN,5.4
2006-06,TN,5.4
2006-07,TN,5.4
2006-08,TN,5.2
2006-09,TN,5.1
2006-10,TN,5.0
2006-11,TN,4.8
2006-12,TN,4.7
2007-01,TN,4.6
2007-02,TN,4.5
2007-03,TN,4.4
2007-04,TN,4.3
2007-05,TN,4.3
2007-06,TN,4.4
2007-07,TN,4.5
2007-08,TN,4.7
2007-09,TN,4.8
2007-10,TN,5.0
2007-11,TN,5.1
2007-12,TN,5.2
2008-01,TN,5.2
2008-02,TN,5.3
2008-03,TN,5.5
2008-04,TN,5.7
2008-05,TN,6.0
2008-06,TN,6.3
2008-07,TN,6.5
2008-08,TN,6.8
2008-09,TN,7.1
2008-10,TN,7.4
2008-11,TN,7.9
2008-12,TN,8.4
2009-01,TN,9.0
2009-02,TN,9.6
2009-03,TN,10.1
2009-04,TN,10.4
2009-05,TN,10.7
2009-06,TN,10.8
2009-07,TN,10.8
2009-08,TN,10.8
2009-09,TN,10.7
2009-10,TN,10.6
2009-11,TN,10.6
2009-12,TN,10.5
2010-01,TN,10.5
2010-02,TN,10.3
2010-03,TN,10.2
2010-04,TN,10.0
2010-05,TN,9.7
2010-06,TN,9.6
2010-07,TN,9.5
2010-08,TN,9.5
2010-09,TN,9.5
2010-10,TN,9.6
2010-11,TN,9.6
2010-12,TN,9.6
2011-01,TN,9.5
2011-02,TN,9.4
2011-03,TN,9.3
2011-04,TN,9.2
2011-05,TN,9.2
2011-06,TN,9.1
2011-07,TN,9.1
2011-08,TN,9.0
2011-09,TN,8.9
2011-10,TN,8.8
2011-11,TN,8.6
2011-12,TN,8.4
2012-01,TN,8.2
2012-02,TN,8.1
2012-03,TN,8.0
2012-04,TN,8.0
2012-05,TN,8.0
2012-06,TN,8.0
2012-07,TN,7.9
2012-08,TN,7.8
2012-09,TN,7.8
2012-10,TN,7.7
2012-11,TN,7.8
2012-12,TN,7.8
2013-01,TN,7.9
2013-02,TN,7.9
2013-03,TN,7.9
2013-04,TN,7.9
2013-05,TN,7.8
2013-06,TN,7.8
2013-07,TN,7.7
2013-08,TN,7.6
2013-09,TN,7.5
2013-10,TN,7.3
2013-11,TN,7.2
2013-12,TN,7.0
2014-01,TN,6.9
2014-02,TN,6.8
2014-03,TN,6.7
2014-04,TN,6.7
2014-05,TN,6.7
2014-06,TN,6.6
2014-07,TN,6.6
2014-08,TN,6.5
2014-09,TN,6.5
2014-10,TN,6.4
2014-11,TN,6.3
2014-12,TN,6.2
2015-01,TN,6.1
2015-02,TN,6.0
2015-03,TN,5.9
2015-04,TN,5.8
2015-05,TN,5.7
2015-06,TN,5.6
2015-07,TN,5.5
2015-08,TN,5.4
2015-09,TN,5.3
2015-10,TN,5.1
2015-11,TN,5.0
2015-12,TN,4.9
2016-01,TN,4.8
2016-02,TN,4.7
2016-03,TN,4.7
2016-04,TN,4.7
2016-05,TN,4.7
2016-06,TN,4.7
2016-07,TN,4.7
2016-08,TN,4.8
2016-09,TN,4.8
2016-10,TN,4.8
2016-11,TN,4.8
2016-12,TN,4.7
2017-01,TN,4.5
2017-02,TN,4.3
2017-03,TN,4.1
2017-04,TN,3.9
2017-05,TN,3.7
2017-06,TN,3.6
2017-07,TN,3.5
2017-08,TN,3.4
2017-09,TN,3.4
2017-10,TN,3.4
2017-11,TN,3.5
2017-12,TN,3.5
2018-01,TN,3.5
2018-02,TN,3.5
2018-03,TN,3.5
2018-04,TN,3.5
2018-05,TN,3.5
2018-06,TN,3.5
2018-07,TN,3.5
2018-08,TN,3.5
2018-09,TN,3.5
2018-10,TN,3.5
2018-11,TN,3.5
2018-12,TN,3.5
2019-01,TN,3.5
2019-02,TN,3.4
2019-03,TN,3.4
2019-04,TN,3.4
2019-05,TN,3.3
2019-06,TN,3.2
2019-07,TN,3.2
2019-08,TN,3.2
2019-09,TN,3.3
2019-10,TN,3.3
2019-11,TN,3.4
2019-12,TN,3.4
2020-01,TN,3.4
2020-02,TN,3.5
2020-03,TN,3.5
2020-04,TN,15.7
2020-05,TN,12.1
2020-06,TN,10.2
2020-07,TN,9.0
2020-08,TN,7.6
2020-09,TN,7.1
2020-10,TN,6.3
2020-11,TN,5.9
2020-12,TN,5.6
2021-01,TN,5.3
2021-02,TN,5.2
2021-03,TN,5.1
2021-04,TN,5.0
2021-05,TN,4.9
2021-06,TN,4.7
2021-07,TN,4.4
2021-08,TN,4.2
2021-09,TN,3.9
2021-10,TN,3.7
2021-11,TN,3.5
2021-12,TN,3.4
2022-01,TN,3.4
2022-02,TN,3.4
2022-03,TN,3.3
2022-04,TN,3.3
2022-05,TN,3.3
2022-06,TN,3.3
2022-07,TN,3.3
2022-08,TN,3.3
2022-09,TN,3.4
2022-10,TN,3.4
2022-11,TN,3.4
2022-12,TN,3.4
2023-01,TN,3.4
2023-02,TN,3.3
2023-03,TN,3.3
2023-04,TN,3.2
2023-05,TN,3.2
2023-06,TN,3.2
2023-07,TN,3.2
2023-08,TN,3.2
2023-09,TN,3.2
2023-10,TN,3.3
2023-11,TN,3.3
2023-12,TN,3.2
2024-01,TN,3.2
2024-02,TN,3.2
2024-03,TN,3.2
2024-04,TN,3.2
2024-05,TN,3.3
2024-06,TN,3.3
2024-07,TN,3.4
2024-08,TN,3.5
2024-09,TN,3.5
2024-10,TN,3.6
2024-11,TN,3.6
2024-12,TN,3.5
2025-01,TN,3.5
2025-02,TN,3.5
2025-03,TN,3.5
2025-04,TN,3.5
2025-05,TN,3.5
2025-06,TN,3.5
2025-07,TN,3.5
2025-08,TN,3.5
2025-09,TN,3.5
2025-11,TN,3.6
2025-12,TN,3.6
2026-01,TN,3.5
2026-02,TN,3.6
2026-03,TN,3.6
2026-04,TN,3.6
2026-05,TN,3.6
2026-06,TN,3.5
1990-01,TX,6.3
1990-02,TX,6.3
1990-03,TX,6.2
1990-04,TX,6.2
1990-05,TX,6.2
1990-06,TX,6.3
1990-07,TX,6.3
1990-08,TX,6.4
1990-09,TX,6.4
1990-10,TX,6.5
1990-11,TX,6.6
1990-12,TX,6.7
1991-01,TX,6.8
1991-02,TX,6.8
1991-03,TX,6.9
1991-04,TX,6.9
1991-05,TX,6.9
1991-06,TX,6.9
1991-07,TX,6.9
1991-08,TX,6.9
1991-09,TX,7.0
1991-10,TX,7.1
1991-11,TX,7.3
1991-12,TX,7.4
1992-01,TX,7.5
1992-02,TX,7.6
1992-03,TX,7.7
1992-04,TX,7.8
1992-05,TX,7.8
1992-06,TX,7.8
1992-07,TX,7.8
1992-08,TX,7.8
1992-09,TX,7.7
1992-10,TX,7.7
1992-11,TX,7.7
1992-12,TX,7.6
1993-01,TX,7.6
1993-02,TX,7.5
1993-03,TX,7.4
1993-04,TX,7.3
1993-05,TX,7.2
1993-06,TX,7.2
1993-07,TX,7.2
1993-08,TX,7.1
1993-09,TX,7.1
1993-10,TX,7.1
1993-11,TX,7.1
1993-12,TX,7.0
1994-01,TX,7.0
1994-02,TX,7.0
1994-03,TX,6.9
1994-04,TX,6.9
1994-05,TX,6.8
1994-06,TX,6.7
1994-07,TX,6.6
1994-08,TX,6.4
1994-09,TX,6.3
1994-10,TX,6.2
1994-11,TX,6.1
1994-12,TX,5.9
1995-01,TX,5.9
1995-02,TX,5.9
1995-03,TX,5.9
1995-04,TX,6.0
1995-05,TX,6.1
1995-06,TX,6.2
1995-07,TX,6.2
1995-08,TX,6.2
1995-09,TX,6.3
1995-10,TX,6.3
1995-11,TX,6.2
1995-12,TX,6.2
1996-01,TX,6.1
1996-02,TX,6.1
1996-03,TX,6.0
1996-04,TX,5.9
1996-05,TX,5.8
1996-06,TX,5.7
1996-07,TX,5.6
1996-08,TX,5.5
1996-09,TX,5.5
1996-10,TX,5.5
1996-11,TX,5.6
1996-12,TX,5.7
1997-01,TX,5.7
1997-02,TX,5.7
1997-03,TX,5.7
1997-04,TX,5.6
1997-05,TX,5.5
1997-06,TX,5.5
1997-07,TX,5.4
1997-08,TX,5.3
1997-09,TX,5.2
1997-10,TX,5.1
1997-11,TX,5.0
1997-12,TX,5.0
1998-01,TX,4.9
1998-02,TX,4.9
1998-03,TX,4.9
1998-04,TX,4.9
1998-05,TX,5.0
1998-06,TX,5.0
1998-07,TX,5.1
1998-08,TX,5.1
1998-09,TX,5.1
1998-10,TX,5.0
1998-11,TX,4.9
1998-12,TX,4.8
1999-01,TX,4.7
1999-02,TX,4.7
1999-03,TX,4.7
1999-04,TX,4.7
1999-05,TX,4.7
1999-06,TX,4.7
1999-07,TX,4.7
1999-08,TX,4.7
1999-09,TX,4.7
1999-10,TX,4.8
1999-11,TX,4.8
1999-12,TX,4.8
2000-01,TX,4.7
2000-02,TX,4.7
2000-03,TX,4.6
2000-04,TX,4.5
2000-05,TX,4.4
2000-06,TX,4.4
2000-07,TX,4.3
2000-08,TX,4.3
2000-09,TX,4.2
2000-10,TX,4.1
2000-11,TX,4.1
2000-12,TX,4.1
2001-01,TX,4.1
2001-02,TX,4.2
2001-03,TX,4.3
2001-04,TX,4.5
2001-05,TX,4.6
2001-06,TX,4.8
2001-07,TX,5.0
2001-08,TX,5.2
2001-09,TX,5.4
2001-10,TX,5.6
2001-11,TX,5.8
2001-12,TX,6.0
2002-01,TX,6.1
2002-02,TX,6.2
2002-03,TX,6.3
2002-04,TX,6.3
2002-05,TX,6.4
2002-06,TX,6.4
2002-07,TX,6.4
2002-08,TX,6.4
2002-09,TX,6.4
2002-10,TX,6.4
2002-11,TX,6.5
2002-12,TX,6.6
2003-01,TX,6.7
2003-02,TX,6.8
2003-03,TX,6.8
2003-04,TX,6.9
2003-05,TX,6.9
2003-06,TX,7.0
2003-07,TX,6.9
2003-08,TX,6.9
2003-09,TX,6.7
2003-10,TX,6.6
2003-11,TX,6.5
2003-12,TX,6.4
2004-01,TX,6.3
2004-02,TX,6.2
2004-03,TX,6.2
2004-04,TX,6.2
2004-05,TX,6.1
2004-06,TX,6.0
2004-07,TX,5.9
2004-08,TX,5.9
2004-09,TX,5.9
2004-10,TX,5.9
2004-11,TX,5.9
2004-12,TX,5.8
2005-01,TX,5.8
2005-02,TX,5.7
2005-03,TX,5.6
2005-04,TX,5.5
2005-05,TX,5.4
2005-06,TX,5.3
2005-07,TX,5.3
2005-08,TX,5.4
2005-09,TX,5.4
2005-10,TX,5.5
2005-11,TX,5.4
2005-12,TX,5.4
2006-01,TX,5.3
2006-02,TX,5.2
2006-03,TX,5.2
2006-04,TX,5.2
2006-05,TX,5.2
2006-06,TX,5.1
2006-07,TX,5.0
2006-08,TX,4.9
2006-09,TX,4.8
2006-10,TX,4.7
2006-11,TX,4.6
2006-12,TX,4.5
2007-01,TX,4.4
2007-02,TX,4.4
2007-03,TX,4.4
2007-04,TX,4.3
2007-05,TX,4.3
2007-06,TX,4.3
2007-07,TX,4.3
2007-08,TX,4.3
2007-09,TX,4.3
2007-10,TX,4.4
2007-11,TX,4.4
2007-12,TX,4.3
2008-01,TX,4.3
2008-02,TX,4.3
2008-03,TX,4.3
2008-04,TX,4.4
2008-05,TX,4.5
2008-06,TX,4.7
2008-07,TX,4.8
2008-08,TX,5.0
2008-09,TX,5.2
2008-10,TX,5.4
2008-11,TX,5.6
2008-12,TX,5.9
2009-01,TX,6.1
2009-02,TX,6.3
2009-03,TX,6.4
2009-04,TX,6.5
2009-05,TX,7.6
2009-06,TX,8.1
2009-07,TX,8.3
2009-08,TX,8.3
2009-09,TX,8.4
2009-10,TX,8.4
2009-11,TX,8.3
2009-12,TX,8.4
2010-01,TX,8.4
2010-02,TX,8.4
2010-03,TX,8.4
2010-04,TX,8.3
2010-05,TX,8.2
2010-06,TX,8.1
2010-07,TX,8.1
2010-08,TX,8.1
2010-09,TX,8.2
2010-10,TX,8.2
2010-11,TX,8.3
2010-12,TX,8.3
2011-01,TX,8.2
2011-02,TX,8.2
2011-03,TX,8.1
2011-04,TX,8.1
2011-05,TX,8.2
2011-06,TX,8.3
2011-07,TX,8.4
2011-08,TX,8.2
2011-09,TX,8.1
2011-10,TX,7.8
2011-11,TX,7.5
2011-12,TX,7.3
2012-01,TX,7.1
2012-02,TX,7.0
2012-03,TX,6.7
2012-04,TX,6.8
2012-05,TX,6.8
2012-06,TX,6.8
2012-07,TX,6.7
2012-08,TX,6.6
2012-09,TX,6.5
2012-10,TX,6.5
2012-11,TX,6.5
2012-12,TX,6.5
2013-01,TX,6.5
2013-02,TX,6.6
2013-03,TX,6.6
2013-04,TX,6.5
2013-05,TX,6.5
2013-06,TX,6.4
2013-07,TX,6.3
2013-08,TX,6.3
2013-09,TX,6.2
2013-10,TX,6.1
2013-11,TX,6.0
2013-12,TX,5.8
2014-01,TX,5.7
2014-02,TX,5.6
2014-03,TX,5.5
2014-04,TX,5.4
2014-05,TX,5.3
2014-06,TX,5.2
2014-07,TX,5.2
2014-08,TX,5.1
2014-09,TX,5.0
2014-10,TX,4.9
2014-11,TX,4.7
2014-12,TX,4.6
2015-01,TX,4.5
2015-02,TX,4.5
2015-03,TX,4.5
2015-04,TX,4.4
2015-05,TX,4.4
2015-06,TX,4.4
2015-07,TX,4.4
2015-08,TX,4.5
2015-09,TX,4.5
2015-10,TX,4.5
2015-11,TX,4.5
2015-12,TX,4.5
2016-01,TX,4.5
2016-02,TX,4.5
2016-03,TX,4.5
2016-04,TX,4.5
2016-05,TX,4.6
2016-06,TX,4.7
2016-07,TX,4.7
2016-08,TX,4.8
2016-09,TX,4.8
2016-10,TX,4.8
2016-11,TX,4.8
2016-12,TX,4.8
2017-01,TX,4.8
2017-02,TX,4.7
2017-03,TX,4.7
2017-04,TX,4.6
2017-05,TX,4.4
2017-06,TX,4.3
2017-07,TX,4.2
2017-08,TX,4.2
2017-09,TX,4.1
2017-10,TX,4.1
2017-11,TX,4.1
2017-12,TX,4.1
2018-01,TX,4.1
2018-02,TX,4.1
2018-03,TX,4.0
2018-04,TX,4.0
2018-05,TX,4.0
2018-06,TX,3.9
2018-07,TX,3.9
2018-08,TX,3.8
2018-09,TX,3.8
2018-10,TX,3.8
2018-11,TX,3.8
2018-12,TX,3.8
2019-01,TX,3.7
2019-02,TX,3.7
2019-03,TX,3.6
2019-04,TX,3.5
2019-05,TX,3.4
2019-06,TX,3.4
2019-07,TX,3.5
2019-08,TX,3.5
2019-09,TX,3.5
2019-10,TX,3.5
2019-11,TX,3.5
2019-12,TX,3.5
2020-01,TX,3.5
2020-02,TX,3.6
2020-03,TX,5.0
2020-04,TX,12.8
2020-05,TX,11.7
2020-06,TX,10.1
2020-07,TX,9.3
2020-08,TX,8.0
2020-09,TX,7.7
2020-10,TX,7.1
2020-11,TX,7.0
2020-12,TX,6.9
2021-01,TX,6.8
2021-02,TX,6.6
2021-03,TX,6.4
2021-04,TX,6.2
2021-05,TX,6.0
2021-06,TX,5.8
2021-07,TX,5.6
2021-08,TX,5.3
2021-09,TX,5.0
2021-10,TX,4.8
2021-11,TX,4.6
2021-12,TX,4.5
2022-01,TX,4.3
2022-02,TX,4.1
2022-03,TX,4.0
2022-04,TX,3.9
2022-05,TX,3.8
2022-06,TX,3.8
2022-07,TX,3.8
2022-08,TX,3.7
2022-09,TX,3.8
2022-10,TX,3.9
2022-11,TX,4.0
2022-12,TX,4.1
2023-01,TX,4.1
2023-02,TX,4.1
2023-03,TX,4.1
2023-04,TX,4.0
2023-05,TX,4.0
2023-06,TX,4.0
2023-07,TX,4.0
2023-08,TX,4.0
2023-09,TX,4.0
2023-10,TX,4.0
2023-11,TX,4.0
2023-12,TX,4.0
2024-01,TX,4.0
2024-02,TX,4.0
2024-03,TX,4.0
2024-04,TX,4.1
2024-05,TX,4.1
2024-06,TX,4.1
2024-07,TX,4.2
2024-08,TX,4.2
2024-09,TX,4.2
2024-10,TX,4.2
2024-11,TX,4.2
2024-12,TX,4.1
2025-01,TX,4.1
2025-02,TX,4.1
2025-03,TX,4.1
2025-04,TX,4.1
2025-05,TX,4.1
2025-06,TX,4.1
2025-07,TX,4.2
2025-08,TX,4.2
2025-09,TX,4.3
2025-11,TX,4.3
2025-12,TX,4.3
2026-01,TX,4.3
2026-02,TX,4.3
2026-03,TX,4.3
2026-04,TX,4.3
2026-05,TX,4.3
2026-06,TX,4.4
1990-01,UT,4.5
1990-02,UT,4.4
1990-03,UT,4.4
1990-04,UT,4.4
1990-05,UT,4.3
1990-06,UT,4.3
1990-07,UT,4.3
1990-08,UT,4.3
1990-09,UT,4.3
1990-10,UT,4.3
1990-11,UT,4.4
1990-12,UT,4.5
1991-01,UT,4.6
1991-02,UT,4.6
1991-03,UT,4.7
1991-04,UT,4.7
1991-05,UT,4.8
1991-06,UT,4.8
1991-07,UT,4.8
1991-08,UT,4.8
1991-09,UT,4.8
1991-10,UT,4.8
1991-11,UT,4.8
1991-12,UT,4.9
1992-01,UT,4.9
1992-02,UT,5.0
1992-03,UT,5.0
1992-04,UT,5.0
1992-05,UT,5.0
1992-06,UT,4.9
1992-07,UT,4.9
1992-08,UT,4.8
1992-09,UT,4.8
1992-10,UT,4.7
1992-11,UT,4.7
1992-12,UT,4.6
1993-01,UT,4.5
1993-02,UT,4.4
1993-03,UT,4.3
1993-04,UT,4.2
1993-05,UT,4.2
1993-06,UT,4.1
1993-07,UT,4.0
1993-08,UT,3.9
1993-09,UT,3.8
1993-10,UT,3.8
1993-11,UT,3.7
1993-12,UT,3.7
1994-01,UT,3.7
1994-02,UT,3.7
1994-03,UT,3.7
1994-04,UT,3.7
1994-05,UT,3.7
1994-06,UT,3.7
1994-07,UT,3.8
1994-08,UT,3.8
1994-09,UT,3.8
1994-10,UT,3.8
1994-11,UT,3.8
1994-12,UT,3.7
1995-01,UT,3.6
1995-02,UT,3.6
1995-03,UT,3.5
1995-04,UT,3.5
1995-05,UT,3.5
1995-06,UT,3.5
1995-07,UT,3.4
1995-08,UT,3.4
1995-09,UT,3.4
1995-10,UT,3.3
1995-11,UT,3.3
1995-12,UT,3.3
1996-01,UT,3.4
1996-02,UT,3.4
1996-03,UT,3.4
1996-04,UT,3.4
1996-05,UT,3.4
1996-06,UT,3.3
1996-07,UT,3.3
1996-08,UT,3.3
1996-09,UT,3.4
1996-10,UT,3.4
1996-11,UT,3.4
1996-12,UT,3.4
1997-01,UT,3.3
1997-02,UT,3.3
1997-03,UT,3.2
1997-04,UT,3.1
1997-05,UT,3.1
1997-06,UT,3.1
1997-07,UT,3.1
1997-08,UT,3.1
1997-09,UT,3.1
1997-10,UT,3.1
1997-11,UT,3.2
1997-12,UT,3.3
1998-01,UT,3.4
1998-02,UT,3.4
1998-03,UT,3.5
1998-04,UT,3.6
1998-05,UT,3.6
1998-06,UT,3.6
1998-07,UT,3.6
1998-08,UT,3.6
1998-09,UT,3.6
1998-10,UT,3.6
1998-11,UT,3.6
1998-12,UT,3.6
1999-01,UT,3.6
1999-02,UT,3.6
1999-03,UT,3.6
1999-04,UT,3.6
1999-05,UT,3.6
1999-06,UT,3.6
1999-07,UT,3.6
1999-08,UT,3.5
1999-09,UT,3.5
1999-10,UT,3.4
1999-11,UT,3.3
1999-12,UT,3.2
2000-01,UT,3.1
2000-02,UT,3.1
2000-03,UT,3.1
2000-04,UT,3.2
2000-05,UT,3.2
2000-06,UT,3.3
2000-07,UT,3.3
2000-08,UT,3.4
2000-09,UT,3.5
2000-10,UT,3.5
2000-11,UT,3.6
2000-12,UT,3.7
2001-01,UT,3.8
2001-02,UT,3.9
2001-03,UT,3.9
2001-04,UT,4.0
2001-05,UT,4.1
2001-06,UT,4.2
2001-07,UT,4.4
2001-08,UT,4.5
2001-09,UT,4.7
2001-10,UT,4.9
2001-11,UT,5.0
2001-12,UT,5.2
2002-01,UT,5.3
2002-02,UT,5.4
2002-03,UT,5.5
2002-04,UT,5.6
2002-05,UT,5.7
2002-06,UT,5.7
2002-07,UT,5.7
2002-08,UT,5.8
2002-09,UT,5.8
2002-10,UT,5.8
2002-11,UT,5.9
2002-12,UT,5.8
2003-01,UT,5.8
2003-02,UT,5.8
2003-03,UT,5.7
2003-04,UT,5.7
2003-05,UT,5.6
2003-06,UT,5.6
2003-07,UT,5.6
2003-08,UT,5.5
2003-09,UT,5.5
2003-10,UT,5.4
2003-11,UT,5.4
2003-12,UT,5.3
2004-01,UT,5.3
2004-02,UT,5.3
2004-03,UT,5.3
2004-04,UT,5.2
2004-05,UT,5.2
2004-06,UT,5.1
2004-07,UT,5.0
2004-08,UT,4.9
2004-09,UT,4.8
2004-10,UT,4.7
2004-11,UT,4.6
2004-12,UT,4.6
2005-01,UT,4.5
2005-02,UT,4.5
2005-03,UT,4.4
2005-04,UT,4.3
2005-05,UT,4.2
2005-06,UT,4.1
2005-07,UT,4.0
2005-08,UT,3.9
2005-09,UT,3.8
2005-10,UT,3.7
2005-11,UT,3.6
2005-12,UT,3.5
2006-01,UT,3.4
2006-02,UT,3.3
2006-03,UT,3.2
2006-04,UT,3.1
2006-05,UT,3.0
2006-06,UT,2.9
2006-07,UT,2.8
2006-08,UT,2.7
2006-09,UT,2.6
2006-10,UT,2.5
2006-11,UT,2.5
2006-12,UT,2.4
2007-01,UT,2.4
2007-02,UT,2.4
2007-03,UT,2.4
2007-04,UT,2.4
2007-05,UT,2.5
2007-06,UT,2.5
2007-07,UT,2.5
2007-08,UT,2.6
2007-09,UT,2.7
2007-10,UT,2.7
2007-11,UT,2.8
2007-12,UT,2.8
2008-01,UT,2.8
2008-02,UT,2.9
2008-03,UT,2.9
2008-04,UT,3.0
2008-05,UT,3.0
2008-06,UT,3.1
2008-07,UT,3.2
2008-08,UT,3.3
2008-09,UT,3.4
2008-10,UT,3.5
2008-11,UT,3.6
2008-12,UT,5.4
2009-01,UT,6.3
2009-02,UT,6.9
2009-03,UT,7.2
2009-04,UT,7.3
2009-05,UT,7.5
2009-06,UT,7.7
2009-07,UT,7.8
2009-08,UT,8.0
2009-09,UT,8.1
2009-10,UT,8.2
2009-11,UT,8.2
2009-12,UT,8.3
2010-01,UT,8.4
2010-02,UT,8.4
2010-03,UT,8.4
2010-04,UT,8.4
2010-05,UT,8.3
2010-06,UT,8.2
2010-07,UT,8.2
2010-08,UT,8.2
2010-09,UT,8.2
2010-10,UT,8.1
2010-11,UT,8.2
2010-12,UT,8.1
2011-01,UT,8.0
2011-02,UT,7.9
2011-03,UT,7.9
2011-04,UT,7.9
2011-05,UT,7.9
2011-06,UT,7.9
2011-07,UT,7.6
2011-08,UT,7.2
2011-09,UT,6.7
2011-10,UT,6.3
2011-11,UT,5.8
2011-12,UT,5.5
2012-01,UT,5.3
2012-02,UT,4.7
2012-03,UT,4.8
2012-04,UT,4.8
2012-05,UT,4.8
2012-06,UT,4.8
2012-07,UT,4.8
2012-08,UT,4.7
2012-09,UT,4.7
2012-10,UT,4.6
2012-11,UT,4.6
2012-12,UT,4.5
2013-01,UT,4.5
2013-02,UT,4.4
2013-03,UT,4.4
2013-04,UT,4.3
2013-05,UT,4.3
2013-06,UT,4.2
2013-07,UT,4.2
2013-08,UT,4.1
2013-09,UT,4.1
2013-10,UT,4.0
2013-11,UT,3.9
2013-12,UT,3.9
2014-01,UT,3.8
2014-02,UT,3.7
2014-03,UT,3.7
2014-04,UT,3.6
2014-05,UT,3.6
2014-06,UT,3.6
2014-07,UT,3.6
2014-08,UT,3.6
2014-09,UT,3.6
2014-10,UT,3.6
2014-11,UT,3.6
2014-12,UT,3.5
2015-01,UT,3.5
2015-02,UT,3.5
2015-03,UT,3.5
2015-04,UT,3.5
2015-05,UT,3.5
2015-06,UT,3.5
2015-07,UT,3.5
2015-08,UT,3.5
2015-09,UT,3.5
2015-10,UT,3.5
2015-11,UT,3.5
2015-12,UT,3.5
2016-01,UT,3.5
2016-02,UT,3.5
2016-03,UT,3.5
2016-04,UT,3.4
2016-05,UT,3.4
2016-06,UT,3.3
2016-07,UT,3.3
2016-08,UT,3.3
2016-09,UT,3.2
2016-10,UT,3.2
2016-11,UT,3.2
2016-12,UT,3.2
2017-01,UT,3.2
2017-02,UT,3.2
2017-03,UT,3.2
2017-04,UT,3.2
2017-05,UT,3.2
2017-06,UT,3.2
2017-07,UT,3.2
2017-08,UT,3.1
2017-09,UT,3.1
2017-10,UT,3.1
2017-11,UT,3.1
2017-12,UT,3.1
2018-01,UT,3.0
2018-02,UT,3.0
2018-03,UT,3.0
2018-04,UT,2.9
2018-05,UT,2.9
2018-06,UT,2.9
2018-07,UT,2.9
2018-08,UT,2.9
2018-09,UT,2.9
2018-10,UT,2.9
2018-11,UT,2.9
2018-12,UT,2.8
2019-01,UT,2.8
2019-02,UT,2.7
2019-03,UT,2.7
2019-04,UT,2.6
2019-05,UT,2.6
2019-06,UT,2.5
2019-07,UT,2.5
2019-08,UT,2.5
2019-09,UT,2.4
2019-10,UT,2.4
2019-11,UT,2.4
2019-12,UT,2.4
2020-01,UT,2.5
2020-02,UT,2.5
2020-03,UT,2.5
2020-04,UT,10.0
2020-05,UT,7.7
2020-06,UT,6.4
2020-07,UT,5.7
2020-08,UT,4.8
2020-09,UT,4.5
2020-10,UT,4.0
2020-11,UT,3.8
2020-12,UT,3.6
2021-01,UT,3.4
2021-02,UT,3.3
2021-03,UT,3.1
2021-04,UT,3.0
2021-05,UT,2.9
2021-06,UT,2.8
2021-07,UT,2.7
2021-08,UT,2.6
2021-09,UT,2.4
2021-10,UT,2.4
2021-11,UT,2.3
2021-12,UT,2.2
2022-01,UT,2.2
2022-02,UT,2.3
2022-03,UT,2.3
2022-04,UT,2.3
2022-05,UT,2.3
2022-06,UT,2.3
2022-07,UT,2.4
2022-08,UT,2.4
2022-09,UT,2.5
2022-10,UT,2.5
2022-11,UT,2.5
2022-12,UT,2.6
2023-01,UT,2.6
2023-02,UT,2.6
2023-03,UT,2.6
2023-04,UT,2.6
2023-05,UT,2.6
2023-06,UT,2.6
2023-07,UT,2.7
2023-08,UT,2.8
2023-09,UT,2.8
2023-10,UT,2.9
2023-11,UT,2.9
2023-12,UT,3.0
2024-01,UT,3.0
2024-02,UT,3.1
2024-03,UT,3.1
2024-04,UT,3.2
2024-05,UT,3.3
2024-06,UT,3.3
2024-07,UT,3.4
2024-08,UT,3.4
2024-09,UT,3.4
2024-10,UT,3.4
2024-11,UT,3.3
2024-12,UT,3.3
2025-01,UT,3.3
2025-02,UT,3.4
2025-03,UT,3.4
2025-04,UT,3.4
2025-05,UT,3.5
2025-06,UT,3.5
2025-07,UT,3.5
2025-08,UT,3.6
2025-09,UT,3.6
2025-11,UT,3.7
2025-12,UT,3.7
2026-01,UT,3.8
2026-02,UT,3.8
2026-03,UT,3.8
2026-04,UT,3.8
2026-05,UT,3.7
2026-06,UT,3.6
1990-01,VT,4.1
1990-02,VT,4.2
1990-03,VT,4.3
1990-04,VT,4.4
1990-05,VT,4.5
1990-06,VT,4.6
1990-07,VT,4.7
1990-08,VT,4.9
1990-09,VT,5.1
1990-10,VT,5.4
1990-11,VT,5.6
1990-12,VT,5.9
1991-01,VT,6.2
1991-02,VT,6.4
1991-03,VT,6.6
1991-04,VT,6.7
1991-05,VT,6.7
1991-06,VT,6.6
1991-07,VT,6.4
1991-08,VT,6.2
1991-09,VT,6.1
1991-10,VT,6.0
1991-11,VT,6.1
1991-12,VT,6.1
1992-01,VT,6.2
1992-02,VT,6.2
1992-03,VT,6.2
1992-04,VT,6.2
1992-05,VT,6.1
1992-06,VT,6.1
1992-07,VT,6.0
1992-08,VT,6.0
1992-09,VT,5.9
1992-10,VT,5.8
1992-11,VT,5.8
1992-12,VT,5.6
1993-01,VT,5.5
1993-02,VT,5.4
1993-03,VT,5.3
1993-04,VT,5.2
1993-05,VT,5.1
1993-06,VT,5.0
1993-07,VT,4.9
1993-08,VT,4.9
1993-09,VT,4.8
1993-10,VT,4.8
1993-11,VT,4.7
1993-12,VT,4.7
1994-01,VT,4.6
1994-02,VT,4.6
1994-03,VT,4.5
1994-04,VT,4.5
1994-05,VT,4.4
1994-06,VT,4.4
1994-07,VT,4.4
1994-08,VT,4.4
1994-09,VT,4.4
1994-10,VT,4.3
1994-11,VT,4.2
1994-12,VT,4.1
1995-01,VT,4.1
1995-02,VT,4.1
1995-03,VT,4.1
1995-04,VT,4.1
1995-05,VT,4.2
1995-06,VT,4.2
1995-07,VT,4.2
1995-08,VT,4.3
1995-09,VT,4.2
1995-10,VT,4.2
1995-11,VT,4.2
1995-12,VT,4.2
1996-01,VT,4.2
1996-02,VT,4.2
1996-03,VT,4.2
1996-04,VT,4.2
1996-05,VT,4.2
1996-06,VT,4.2
1996-07,VT,4.2
1996-08,VT,4.2
1996-09,VT,4.2
1996-10,VT,4.2
1996-11,VT,4.2
1996-12,VT,4.2
1997-01,VT,4.2
1997-02,VT,4.2
1997-03,VT,4.1
1997-04,VT,4.1
1997-05,VT,4.0
1997-06,VT,3.9
1997-07,VT,3.9
1997-08,VT,3.8
1997-09,VT,3.7
1997-10,VT,3.7
1997-11,VT,3.7
1997-12,VT,3.6
1998-01,VT,3.6
1998-02,VT,3.6
1998-03,VT,3.5
1998-04,VT,3.5
1998-05,VT,3.4
1998-06,VT,3.4
1998-07,VT,3.4
1998-08,VT,3.4
1998-09,VT,3.3
1998-10,VT,3.3
1998-11,VT,3.2
1998-12,VT,3.2
1999-01,VT,3.2
1999-02,VT,3.1
1999-03,VT,3.1
1999-04,VT,3.1
1999-05,VT,3.1
1999-06,VT,3.1
1999-07,VT,3.1
1999-08,VT,3.1
1999-09,VT,3.0
1999-10,VT,3.0
1999-11,VT,3.0
1999-12,VT,2.9
2000-01,VT,2.8
2000-02,VT,2.7
2000-03,VT,2.7
2000-04,VT,2.7
2000-05,VT,2.7
2000-06,VT,2.8
2000-07,VT,2.8
2000-08,VT,2.8
2000-09,VT,2.8
2000-10,VT,2.8
2000-11,VT,2.8
2000-12,VT,2.9
2001-01,VT,2.9
2001-02,VT,3.0
2001-03,VT,3.1
2001-04,VT,3.1
2001-05,VT,3.2
2001-06,VT,3.2
2001-07,VT,3.2
2001-08,VT,3.2
2001-09,VT,3.3
2001-10,VT,3.4
2001-11,VT,3.5
2001-12,VT,3.5
2002-01,VT,3.6
2002-02,VT,3.7
2002-03,VT,3.7
2002-04,VT,3.8
2002-05,VT,3.9
2002-06,VT,3.9
2002-07,VT,3.9
2002-08,VT,4.0
2002-09,VT,4.1
2002-10,VT,4.2
2002-11,VT,4.2
2002-12,VT,4.3
2003-01,VT,4.4
2003-02,VT,4.4
2003-03,VT,4.4
2003-04,VT,4.4
2003-05,VT,4.4
2003-06,VT,4.4
2003-07,VT,4.4
2003-08,VT,4.4
2003-09,VT,4.3
2003-10,VT,4.3
2003-11,VT,4.2
2003-12,VT,4.1
2004-01,VT,4.0
2004-02,VT,3.9
2004-03,VT,3.8
2004-04,VT,3.8
2004-05,VT,3.7
2004-06,VT,3.6
2004-07,VT,3.6
2004-08,VT,3.5
2004-09,VT,3.5
2004-10,VT,3.5
2004-11,VT,3.4
2004-12,VT,3.4
2005-01,VT,3.4
2005-02,VT,3.4
2005-03,VT,3.4
2005-04,VT,3.4
2005-05,VT,3.4
2005-06,VT,3.4
2005-07,VT,3.5
2005-08,VT,3.5
2005-09,VT,3.5
2005-10,VT,3.6
2005-11,VT,3.6
2005-12,VT,3.6
2006-01,VT,3.5
2006-02,VT,3.5
2006-03,VT,3.5
2006-04,VT,3.5
2006-05,VT,3.6
2006-06,VT,3.7
2006-07,VT,3.7
2006-08,VT,3.8
2006-09,VT,3.8
2006-10,VT,3.9
2006-11,VT,3.9
2006-12,VT,3.8
2007-01,VT,3.8
2007-02,VT,3.8
2007-03,VT,3.8
2007-04,VT,3.8
2007-05,VT,3.8
2007-06,VT,3.8
2007-07,VT,3.9
2007-08,VT,3.9
2007-09,VT,4.0
2007-10,VT,4.0
2007-11,VT,4.0
2007-12,VT,4.0
2008-01,VT,4.0
2008-02,VT,4.0
2008-03,VT,4.0
2008-04,VT,4.1
2008-05,VT,4.2
2008-06,VT,4.3
2008-07,VT,4.4
2008-08,VT,4.5
2008-09,VT,4.7
2008-10,VT,4.9
2008-11,VT,5.2
2008-12,VT,5.5
2009-01,VT,5.9
2009-02,VT,6.2
2009-03,VT,6.5
2009-04,VT,6.7
2009-05,VT,6.7
2009-06,VT,6.7
2009-07,VT,6.7
2009-08,VT,6.6
2009-09,VT,6.6
2009-10,VT,6.5
2009-11,VT,6.5
2009-12,VT,6.6
2010-01,VT,6.6
2010-02,VT,6.5
2010-03,VT,6.5
2010-04,VT,6.4
2010-05,VT,6.3
2010-06,VT,6.2
2010-07,VT,6.1
2010-08,VT,6.0
2010-09,VT,6.0
2010-10,VT,6.0
2010-11,VT,6.0
2010-12,VT,5.9
2011-01,VT,5.8
2011-02,VT,5.7
2011-03,VT,5.6
2011-04,VT,5.5
2011-05,VT,5.5
2011-06,VT,5.4
2011-07,VT,5.4
2011-08,VT,5.3
2011-09,VT,5.3
2011-10,VT,5.2
2011-11,VT,5.1
2011-12,VT,5.0
2012-01,VT,4.9
2012-02,VT,4.8
2012-03,VT,4.8
2012-04,VT,4.8
2012-05,VT,4.8
2012-06,VT,4.9
2012-07,VT,4.9
2012-08,VT,4.8
2012-09,VT,4.8
2012-10,VT,4.7
2012-11,VT,4.6
2012-12,VT,4.6
2013-01,VT,4.6
2013-02,VT,4.5
2013-03,VT,4.5
2013-04,VT,4.5
2013-05,VT,4.5
2013-06,VT,4.5
2013-07,VT,4.5
2013-08,VT,4.4
2013-09,VT,4.4
2013-10,VT,4.3
2013-11,VT,4.2
2013-12,VT,4.1
2014-01,VT,4.1
2014-02,VT,4.0
2014-03,VT,4.0
2014-04,VT,3.9
2014-05,VT,3.9
2014-06,VT,3.9
2014-07,VT,3.9
2014-08,VT,3.9
2014-09,VT,3.9
2014-10,VT,3.9
2014-11,VT,3.8
2014-12,VT,3.7
2015-01,VT,3.7
2015-02,VT,3.6
2015-03,VT,3.6
2015-04,VT,3.5
2015-05,VT,3.5
2015-06,VT,3.5
2015-07,VT,3.5
2015-08,VT,3.4
2015-09,VT,3.4
2015-10,VT,3.4
2015-11,VT,3.3
2015-12,VT,3.3
2016-01,VT,3.2
2016-02,VT,3.2
2016-03,VT,3.2
2016-04,VT,3.1
2016-05,VT,3.1
2016-06,VT,3.1
2016-07,VT,3.1
2016-08,VT,3.1
2016-09,VT,3.1
2016-10,VT,3.1
2016-11,VT,3.1
2016-12,VT,3.1
2017-01,VT,3.1
2017-02,VT,3.1
2017-03,VT,3.1
2017-04,VT,3.0
2017-05,VT,2.9
2017-06,VT,2.9
2017-07,VT,2.9
2017-08,VT,2.9
2017-09,VT,2.9
2017-10,VT,2.9
2017-11,VT,2.9
2017-12,VT,2.8
2018-01,VT,2.8
2018-02,VT,2.8
2018-03,VT,2.7
2018-04,VT,2.6
2018-05,VT,2.5
2018-06,VT,2.5
2018-07,VT,2.4
2018-08,VT,2.4
2018-09,VT,2.4
2018-10,VT,2.3
2018-11,VT,2.3
2018-12,VT,2.3
2019-01,VT,2.3
2019-02,VT,2.2
2019-03,VT,2.1
2019-04,VT,2.0
2019-05,VT,2.0
2019-06,VT,2.0
2019-07,VT,2.0
2019-08,VT,2.1
2019-09,VT,2.1
2019-10,VT,2.2
2019-11,VT,2.1
2019-12,VT,2.1
2020-01,VT,2.1
2020-02,VT,2.2
2020-03,VT,2.4
2020-04,VT,14.1
2020-05,VT,9.6
2020-06,VT,7.7
2020-07,VT,6.6
2020-08,VT,5.4
2020-09,VT,4.9
2020-10,VT,4.3
2020-11,VT,4.2
2020-12,VT,4.3
2021-01,VT,4.2
2021-02,VT,4.2
2021-03,VT,4.2
2021-04,VT,4.1
2021-05,VT,3.9
2021-06,VT,3.6
2021-07,VT,3.4
2021-08,VT,3.2
2021-09,VT,3.0
2021-10,VT,2.8
2021-11,VT,2.7
2021-12,VT,2.5
2022-01,VT,2.4
2022-02,VT,2.3
2022-03,VT,2.3
2022-04,VT,2.2
2022-05,VT,2.3
2022-06,VT,2.3
2022-07,VT,2.3
2022-08,VT,2.4
2022-09,VT,2.4
2022-10,VT,2.4
2022-11,VT,2.3
2022-12,VT,2.2
2023-01,VT,2.1
2023-02,VT,2.0
2023-03,VT,1.9
2023-04,VT,1.8
2023-05,VT,1.8
2023-06,VT,1.8
2023-07,VT,1.9
2023-08,VT,1.9
2023-09,VT,2.0
2023-10,VT,2.0
2023-11,VT,2.0
2023-12,VT,2.0
2024-01,VT,2.0
2024-02,VT,2.1
2024-03,VT,2.1
2024-04,VT,2.1
2024-05,VT,2.2
2024-06,VT,2.3
2024-07,VT,2.3
2024-08,VT,2.4
2024-09,VT,2.4
2024-10,VT,2.5
2024-11,VT,2.5
2024-12,VT,2.5
2025-01,VT,2.6
2025-02,VT,2.6
2025-03,VT,2.6
2025-04,VT,2.6
2025-05,VT,2.6
2025-06,VT,2.6
2025-07,VT,2.6
2025-08,VT,2.6
2025-09,VT,2.6
2025-11,VT,2.7
2025-12,VT,2.7
2026-01,VT,2.7
2026-02,VT,2.6
2026-03,VT,2.6
2026-04,VT,2.6
2026-05,VT,2.6
2026-06,VT,2.6
1990-01,VA,3.9
1990-02,VA,3.9
1990-03,VA,3.9
1990-04,VA,4.0
1990-05,VA,4.1
1990-06,VA,4.2
1990-07,VA,4.4
1990-08,VA,4.6
1990-09,VA,4.8
1990-10,VA,5.0
1990-11,VA,5.2
1990-12,VA,5.4
1991-01,VA,5.6
1991-02,VA,5.8
1991-03,VA,5.9
1991-04,VA,5.9
1991-05,VA,5.9
1991-06,VA,5.8
1991-07,VA,5.7
1991-08,VA,5.7
1991-09,VA,5.7
1991-10,VA,5.8
1991-11,VA,5.9
1991-12,VA,6.1
1992-01,VA,6.2
1992-02,VA,6.2
1992-03,VA,6.3
1992-04,VA,6.3
1992-05,VA,6.2
1992-06,VA,6.2
1992-07,VA,6.1
1992-08,VA,6.0
1992-09,VA,5.9
1992-10,VA,5.8
1992-11,VA,5.7
1992-12,VA,5.5
1993-01,VA,5.4
1993-02,VA,5.3
1993-03,VA,5.3
1993-04,VA,5.2
1993-05,VA,5.2
1993-06,VA,5.1
1993-07,VA,5.1
1993-08,VA,5.1
1993-09,VA,5.0
1993-10,VA,5.0
1993-11,VA,5.0
1993-12,VA,5.0
1994-01,VA,5.0
1994-02,VA,5.0
1994-03,VA,4.9
1994-04,VA,4.9
1994-05,VA,4.9
1994-06,VA,4.8
1994-07,VA,4.8
1994-08,VA,4.7
1994-09,VA,4.6
1994-10,VA,4.6
1994-11,VA,4.5
1994-12,VA,4.4
1995-01,VA,4.3
1995-02,VA,4.3
1995-03,VA,4.3
1995-04,VA,4.4
1995-05,VA,4.4
1995-06,VA,4.4
1995-07,VA,4.5
1995-08,VA,4.5
1995-09,VA,4.5
1995-10,VA,4.5
1995-11,VA,4.5
1995-12,VA,4.4
1996-01,VA,4.4
1996-02,VA,4.4
1996-03,VA,4.3
1996-04,VA,4.3
1996-05,VA,4.3
1996-06,VA,4.2
1996-07,VA,4.2
1996-08,VA,4.2
1996-09,VA,4.1
1996-10,VA,4.1
1996-11,VA,4.1
1996-12,VA,4.1
1997-01,VA,4.1
1997-02,VA,4.1
1997-03,VA,4.0
1997-04,VA,3.9
1997-05,VA,3.8
1997-06,VA,3.7
1997-07,VA,3.6
1997-08,VA,3.4
1997-09,VA,3.3
1997-10,VA,3.2
1997-11,VA,3.1
1997-12,VA,3.0
1998-01,VA,3.0
1998-02,VA,2.9
1998-03,VA,2.9
1998-04,VA,2.8
1998-05,VA,2.8
1998-06,VA,2.8
1998-07,VA,2.8
1998-08,VA,2.8
1998-09,VA,2.8
1998-10,VA,2.8
1998-11,VA,2.8
1998-12,VA,2.7
1999-01,VA,2.7
1999-02,VA,2.7
1999-03,VA,2.6
1999-04,VA,2.7
1999-05,VA,2.7
1999-06,VA,2.7
1999-07,VA,2.7
1999-08,VA,2.7
1999-09,VA,2.7
1999-10,VA,2.7
1999-11,VA,2.6
1999-12,VA,2.6
2000-01,VA,2.5
2000-02,VA,2.4
2000-03,VA,2.4
2000-04,VA,2.3
2000-05,VA,2.3
2000-06,VA,2.3
2000-07,VA,2.3
2000-08,VA,2.2
2000-09,VA,2.2
2000-10,VA,2.2
2000-11,VA,2.2
2000-12,VA,2.2
2001-01,VA,2.3
2001-02,VA,2.4
2001-03,VA,2.6
2001-04,VA,2.7
2001-05,VA,2.9
2001-06,VA,3.0
2001-07,VA,3.2
2001-08,VA,3.4
2001-09,VA,3.6
2001-10,VA,3.8
2001-11,VA,4.0
2001-12,VA,4.1
2002-01,VA,4.2
2002-02,VA,4.3
2002-03,VA,4.3
2002-04,VA,4.3
2002-05,VA,4.3
2002-06,VA,4.2
2002-07,VA,4.2
2002-08,VA,4.1
2002-09,VA,4.1
2002-10,VA,4.1
2002-11,VA,4.1
2002-12,VA,4.1
2003-01,VA,4.1
2003-02,VA,4.2
2003-03,VA,4.2
2003-04,VA,4.2
2003-05,VA,4.2
2003-06,VA,4.2
2003-07,VA,4.2
2003-08,VA,4.1
2003-09,VA,4.1
2003-10,VA,4.0
2003-11,VA,3.9
2003-12,VA,3.9
2004-01,VA,3.9
2004-02,VA,3.8
2004-03,VA,3.8
2004-04,VA,3.8
2004-05,VA,3.8
2004-06,VA,3.7
2004-07,VA,3.7
2004-08,VA,3.7
2004-09,VA,3.6
2004-10,VA,3.6
2004-11,VA,3.6
2004-12,VA,3.6
2005-01,VA,3.6
2005-02,VA,3.6
2005-03,VA,3.6
2005-04,VA,3.6
2005-05,VA,3.5
2005-06,VA,3.5
2005-07,VA,3.5
2005-08,VA,3.5
2005-09,VA,3.5
2005-10,VA,3.4
2005-11,VA,3.3
2005-12,VA,3.3
2006-01,VA,3.2
2006-02,VA,3.1
2006-03,VA,3.0
2006-04,VA,3.0
2006-05,VA,3.0
2006-06,VA,3.1
2006-07,VA,3.1
2006-08,VA,3.1
2006-09,VA,3.1
2006-10,VA,3.1
2006-11,VA,3.1
2006-12,VA,3.0
2007-01,VA,3.0
2007-02,VA,2.9
2007-03,VA,2.9
2007-04,VA,2.9
2007-05,VA,2.9
2007-06,VA,3.0
2007-07,VA,3.0
2007-08,VA,3.1
2007-09,VA,3.2
2007-10,VA,3.3
2007-11,VA,3.3
2007-12,VA,3.4
2008-01,VA,3.4
2008-02,VA,3.4
2008-03,VA,3.5
2008-04,VA,3.6
2008-05,VA,3.7
2008-06,VA,3.9
2008-07,VA,4.0
2008-08,VA,4.2
2008-09,VA,4.4
2008-10,VA,4.6
2008-11,VA,4.9
2008-12,VA,5.3
2009-01,VA,5.8
2009-02,VA,6.2
2009-03,VA,6.5
2009-04,VA,6.7
2009-05,VA,6.9
2009-06,VA,6.9
2009-07,VA,7.0
2009-08,VA,7.0
2009-09,VA,7.0
2009-10,VA,7.0
2009-11,VA,7.1
2009-12,VA,7.1
2010-01,VA,7.1
2010-02,VA,7.1
2010-03,VA,7.0
2010-04,VA,7.0
2010-05,VA,6.9
2010-06,VA,6.8
2010-07,VA,6.7
2010-08,VA,6.7
2010-09,VA,6.7
2010-10,VA,6.6
2010-11,VA,6.6
2010-12,VA,6.5
2011-01,VA,6.4
2011-02,VA,6.3
2011-03,VA,6.3
2011-04,VA,6.2
2011-05,VA,6.3
2011-06,VA,6.3
2011-07,VA,6.3
2011-08,VA,6.4
2011-09,VA,6.3
2011-10,VA,6.3
2011-11,VA,6.2
2011-12,VA,6.1
2012-01,VA,6.0
2012-02,VA,6.0
2012-03,VA,5.9
2012-04,VA,5.9
2012-05,VA,5.9
2012-06,VA,5.9
2012-07,VA,5.8
2012-08,VA,5.8
2012-09,VA,5.7
2012-10,VA,5.7
2012-11,VA,5.6
2012-12,VA,5.6
2013-01,VA,5.6
2013-02,VA,5.6
2013-03,VA,5.6
2013-04,VA,5.6
2013-05,VA,5.6
2013-06,VA,5.6
2013-07,VA,5.6
2013-08,VA,5.5
2013-09,VA,5.5
2013-10,VA,5.4
2013-11,VA,5.4
2013-12,VA,5.3
2014-01,VA,5.3
2014-02,VA,5.3
2014-03,VA,5.2
2014-04,VA,5.2
2014-05,VA,5.2
2014-06,VA,5.1
2014-07,VA,5.1
2014-08,VA,5.0
2014-09,VA,4.9
2014-10,VA,4.9
2014-11,VA,4.8
2014-12,VA,4.8
2015-01,VA,4.7
2015-02,VA,4.7
2015-03,VA,4.6
2015-04,VA,4.6
2015-05,VA,4.5
2015-06,VA,4.4
2015-07,VA,4.3
2015-08,VA,4.2
2015-09,VA,4.2
2015-10,VA,4.1
2015-11,VA,4.1
2015-12,VA,4.1
2016-01,VA,4.0
2016-02,VA,4.0
2016-03,VA,4.0
2016-04,VA,4.0
2016-05,VA,4.0
2016-06,VA,4.0
2016-07,VA,4.0
2016-08,VA,4.0
2016-09,VA,4.0
2016-10,VA,4.0
2016-11,VA,4.0
2016-12,VA,4.0
2017-01,VA,4.0
2017-02,VA,3.9
2017-03,VA,3.8
2017-04,VA,3.7
2017-05,VA,3.7
2017-06,VA,3.6
2017-07,VA,3.5
2017-08,VA,3.5
2017-09,VA,3.5
2017-10,VA,3.5
2017-11,VA,3.4
2017-12,VA,3.4
2018-01,VA,3.4
2018-02,VA,3.3
2018-03,VA,3.2
2018-04,VA,3.1
2018-05,VA,2.9
2018-06,VA,2.8
2018-07,VA,2.8
2018-08,VA,2.8
2018-09,VA,2.8
2018-10,VA,2.9
2018-11,VA,3.0
2018-12,VA,3.0
2019-01,VA,3.1
2019-02,VA,3.0
2019-03,VA,2.9
2019-04,VA,2.8
2019-05,VA,2.7
2019-06,VA,2.5
2019-07,VA,2.5
2019-08,VA,2.5
2019-09,VA,2.6
2019-10,VA,2.7
2019-11,VA,2.7
2019-12,VA,2.7
2020-01,VA,2.8
2020-02,VA,2.9
2020-03,VA,3.2
2020-04,VA,11.9
2020-05,VA,10.0
2020-06,VA,8.9
2020-07,VA,8.3
2020-08,VA,7.3
2020-09,VA,6.7
2020-10,VA,5.9
2020-11,VA,5.3
2020-12,VA,5.0
2021-01,VA,4.8
2021-02,VA,4.7
2021-03,VA,4.6
2021-04,VA,4.4
2021-05,VA,4.2
2021-06,VA,4.0
2021-07,VA,3.8
2021-08,VA,3.5
2021-09,VA,3.3
2021-10,VA,3.1
2021-11,VA,2.9
2021-12,VA,2.8
2022-01,VA,2.7
2022-02,VA,2.6
2022-03,VA,2.6
2022-04,VA,2.6
2022-05,VA,2.5
2022-06,VA,2.6
2022-07,VA,2.6
2022-08,VA,2.7
2022-09,VA,2.8
2022-10,VA,2.9
2022-11,VA,2.9
2022-12,VA,2.9
2023-01,VA,2.9
2023-02,VA,2.8
2023-03,VA,2.7
2023-04,VA,2.6
2023-05,VA,2.6
2023-06,VA,2.5
2023-07,VA,2.6
2023-08,VA,2.6
2023-09,VA,2.7
2023-10,VA,2.8
2023-11,VA,2.8
2023-12,VA,2.8
2024-01,VA,2.8
2024-02,VA,2.8
2024-03,VA,2.8
2024-04,VA,2.8
2024-05,VA,2.8
2024-06,VA,2.9
2024-07,VA,2.9
2024-08,VA,3.0
2024-09,VA,3.0
2024-10,VA,3.1
2024-11,VA,3.1
2024-12,VA,3.1
2025-01,VA,3.2
2025-02,VA,3.2
2025-03,VA,3.3
2025-04,VA,3.3
2025-05,VA,3.3
2025-06,VA,3.2
2025-07,VA,3.3
2025-08,VA,3.3
2025-09,VA,3.4
2025-11,VA,3.6
2025-12,VA,3.6
2026-01,VA,3.7
2026-02,VA,3.8
2026-03,VA,3.8
2026-04,VA,3.8
2026-05,VA,3.8
2026-06,VA,3.7
1990-01,WA,5.4
1990-02,WA,5.2
1990-03,WA,5.1
1990-04,WA,5.1
1990-05,WA,5.0
1990-06,WA,5.0
1990-07,WA,5.0
1990-08,WA,5.0
1990-09,WA,5.0
1990-10,WA,5.2
1990-11,WA,5.4
1990-12,WA,5.6
1991-01,WA,5.7
1991-02,WA,5.9
1991-03,WA,6.0
1991-04,WA,6.0
1991-05,WA,6.1
1991-06,WA,6.1
1991-07,WA,6.1
1991-08,WA,6.1
1991-09,WA,6.2
1991-10,WA,6.4
1991-11,WA,6.5
1991-12,WA,6.6
1992-01,WA,6.8
1992-02,WA,6.8
1992-03,WA,6.9
1992-04,WA,7.0
1992-05,WA,7.1
1992-06,WA,7.1
1992-07,WA,7.2
1992-08,WA,7.3
1992-09,WA,7.4
1992-10,WA,7.5
1992-11,WA,7.5
1992-12,WA,7.6
1993-01,WA,7.5
1993-02,WA,7.5
1993-03,WA,7.4
1993-04,WA,7.3
1993-05,WA,7.3
1993-06,WA,7.2
1993-07,WA,7.2
1993-08,WA,7.1
1993-09,WA,7.0
1993-10,WA,6.9
1993-11,WA,6.9
1993-12,WA,6.8
1994-01,WA,6.8
1994-02,WA,6.8
1994-03,WA,6.7
1994-04,WA,6.6
1994-05,WA,6.5
1994-06,WA,6.3
1994-07,WA,6.2
1994-08,WA,6.1
1994-09,WA,6.1
1994-10,WA,6.0
1994-11,WA,6.0
1994-12,WA,6.0
1995-01,WA,6.0
1995-02,WA,6.0
1995-03,WA,6.1
1995-04,WA,6.2
1995-05,WA,6.2
1995-06,WA,6.3
1995-07,WA,6.3
1995-08,WA,6.3
1995-09,WA,6.3
1995-10,WA,6.3
1995-11,WA,6.3
1995-12,WA,6.2
1996-01,WA,6.2
1996-02,WA,6.2
1996-03,WA,6.2
1996-04,WA,6.1
1996-05,WA,6.1
1996-06,WA,6.0
1996-07,WA,5.9
1996-08,WA,5.8
1996-09,WA,5.7
1996-10,WA,5.6
1996-11,WA,5.5
1996-12,WA,5.4
1997-01,WA,5.3
1997-02,WA,5.2
1997-03,WA,5.1
1997-04,WA,5.0
1997-05,WA,4.9
1997-06,WA,4.9
1997-07,WA,4.8
1997-08,WA,4.8
1997-09,WA,4.7
1997-10,WA,4.7
1997-11,WA,4.7
1997-12,WA,4.7
1998-01,WA,4.7
1998-02,WA,4.7
1998-03,WA,4.6
1998-04,WA,4.6
1998-05,WA,4.6
1998-06,WA,4.7
1998-07,WA,4.8
1998-08,WA,4.9
1998-09,WA,4.9
1998-10,WA,5.0
1998-11,WA,4.9
1998-12,WA,4.9
1999-01,WA,4.8
1999-02,WA,4.8
1999-03,WA,4.8
1999-04,WA,4.9
1999-05,WA,4.9
1999-06,WA,4.9
1999-07,WA,4.9
1999-08,WA,4.9
1999-09,WA,4.9
1999-10,WA,4.8
1999-11,WA,4.8
1999-12,WA,4.8
2000-01,WA,4.8
2000-02,WA,4.8
2000-03,WA,4.9
2000-04,WA,4.9
2000-05,WA,5.0
2000-06,WA,5.1
2000-07,WA,5.1
2000-08,WA,5.2
2000-09,WA,5.2
2000-10,WA,5.2
2000-11,WA,5.2
2000-12,WA,5.3
2001-01,WA,5.4
2001-02,WA,5.5
2001-03,WA,5.6
2001-04,WA,5.7
2001-05,WA,5.8
2001-06,WA,5.8
2001-07,WA,5.9
2001-08,WA,6.1
2001-09,WA,6.3
2001-10,WA,6.6
2001-11,WA,6.8
2001-12,WA,7.1
2002-01,WA,7.2
2002-02,WA,7.3
2002-03,WA,7.3
2002-04,WA,7.3
2002-05,WA,7.2
2002-06,WA,7.2
2002-07,WA,7.1
2002-08,WA,7.0
2002-09,WA,7.0
2002-10,WA,7.0
2002-11,WA,7.1
2002-12,WA,7.1
2003-01,WA,7.2
2003-02,WA,7.2
2003-03,WA,7.3
2003-04,WA,7.4
2003-05,WA,7.4
2003-06,WA,7.5
2003-07,WA,7.4
2003-08,WA,7.4
2003-09,WA,7.3
2003-10,WA,7.2
2003-11,WA,7.0
2003-12,WA,6.9
2004-01,WA,6.8
2004-02,WA,6.7
2004-03,WA,6.6
2004-04,WA,6.4
2004-05,WA,6.3
2004-06,WA,6.2
2004-07,WA,6.1
2004-08,WA,6.1
2004-09,WA,6.0
2004-10,WA,6.0
2004-11,WA,5.9
2004-12,WA,5.9
2005-01,WA,5.8
2005-02,WA,5.8
2005-03,WA,5.7
2005-04,WA,5.7
2005-05,WA,5.6
2005-06,WA,5.6
2005-07,WA,5.6
2005-08,WA,5.6
2005-09,WA,5.5
2005-10,WA,5.5
2005-11,WA,5.3
2005-12,WA,5.2
2006-01,WA,5.1
2006-02,WA,5.0
2006-03,WA,4.9
2006-04,WA,5.0
2006-05,WA,5.0
2006-06,WA,5.0
2006-07,WA,5.1
2006-08,WA,5.1
2006-09,WA,5.0
2006-10,WA,5.0
2006-11,WA,4.9
2006-12,WA,4.8
2007-01,WA,4.7
2007-02,WA,4.6
2007-03,WA,4.5
2007-04,WA,4.5
2007-05,WA,4.5
2007-06,WA,4.5
2007-07,WA,4.6
2007-08,WA,4.7
2007-09,WA,4.7
2007-10,WA,4.7
2007-11,WA,4.7
2007-12,WA,4.6
2008-01,WA,4.6
2008-02,WA,4.6
2008-03,WA,4.6
2008-04,WA,4.7
2008-05,WA,4.8
2008-06,WA,5.0
2008-07,WA,5.2
2008-08,WA,5.3
2008-09,WA,5.4
2008-10,WA,5.7
2008-11,WA,6.0
2008-12,WA,6.5
2009-01,WA,7.0
2009-02,WA,7.4
2009-03,WA,7.7
2009-04,WA,8.3
2009-05,WA,8.8
2009-06,WA,9.1
2009-07,WA,9.5
2009-08,WA,9.8
2009-09,WA,10.2
2009-10,WA,10.2
2009-11,WA,10.2
2009-12,WA,10.3
2010-01,WA,10.4
2010-02,WA,10.3
2010-03,WA,10.2
2010-04,WA,10.1
2010-05,WA,9.9
2010-06,WA,9.8
2010-07,WA,9.8
2010-08,WA,9.9
2010-09,WA,9.9
2010-10,WA,9.9
2010-11,WA,9.9
2010-12,WA,9.8
2011-01,WA,9.7
2011-02,WA,9.6
2011-03,WA,9.5
2011-04,WA,9.5
2011-05,WA,9.5
2011-06,WA,9.5
2011-07,WA,9.5
2011-08,WA,9.5
2011-09,WA,9.4
2011-10,WA,9.3
2011-11,WA,9.1
2011-12,WA,9.1
2012-01,WA,9.0
2012-02,WA,8.9
2012-03,WA,8.9
2012-04,WA,8.9
2012-05,WA,9.0
2012-06,WA,9.1
2012-07,WA,8.8
2012-08,WA,8.4
2012-09,WA,8.0
2012-10,WA,7.7
2012-11,WA,7.4
2012-12,WA,7.2
2013-01,WA,7.0
2013-02,WA,6.6
2013-03,WA,6.6
2013-04,WA,6.7
2013-05,WA,6.7
2013-06,WA,6.7
2013-07,WA,6.7
2013-08,WA,6.7
2013-09,WA,6.6
2013-10,WA,6.5
2013-11,WA,6.4
2013-12,WA,6.3
2014-01,WA,6.3
2014-02,WA,6.2
2014-03,WA,6.1
2014-04,WA,6.0
2014-05,WA,6.0
2014-06,WA,5.9
2014-07,WA,5.9
2014-08,WA,5.9
2014-09,WA,5.8
2014-10,WA,5.8
2014-11,WA,5.7
2014-12,WA,5.6
2015-01,WA,5.6
2015-02,WA,5.5
2015-03,WA,5.5
2015-04,WA,5.5
2015-05,WA,5.4
2015-06,WA,5.4
2015-07,WA,5.4
2015-08,WA,5.4
2015-09,WA,5.4
2015-10,WA,5.4
2015-11,WA,5.4
2015-12,WA,5.4
2016-01,WA,5.4
2016-02,WA,5.4
2016-03,WA,5.3
2016-04,WA,5.3
2016-05,WA,5.3
2016-06,WA,5.3
2016-07,WA,5.2
2016-08,WA,5.2
2016-09,WA,5.1
2016-10,WA,5.0
2016-11,WA,4.9
2016-12,WA,4.9
2017-01,WA,4.8
2017-02,WA,4.7
2017-03,WA,4.7
2017-04,WA,4.6
2017-05,WA,4.6
2017-06,WA,4.6
2017-07,WA,4.6
2017-08,WA,4.6
2017-09,WA,4.7
2017-10,WA,4.7
2017-11,WA,4.6
2017-12,WA,4.6
2018-01,WA,4.6
2018-02,WA,4.5
2018-03,WA,4.5
2018-04,WA,4.4
2018-05,WA,4.3
2018-06,WA,4.3
2018-07,WA,4.2
2018-08,WA,4.2
2018-09,WA,4.3
2018-10,WA,4.4
2018-11,WA,4.5
2018-12,WA,4.6
2019-01,WA,4.7
2019-02,WA,4.6
2019-03,WA,4.6
2019-04,WA,4.4
2019-05,WA,4.3
2019-06,WA,4.2
2019-07,WA,4.1
2019-08,WA,4.0
2019-09,WA,3.9
2019-10,WA,3.9
2019-11,WA,3.8
2019-12,WA,3.7
2020-01,WA,3.6
2020-02,WA,3.8
2020-03,WA,6.0
2020-04,WA,17.1
2020-05,WA,13.6
2020-06,WA,11.7
2020-07,WA,10.5
2020-08,WA,9.0
2020-09,WA,8.2
2020-10,WA,7.3
2020-11,WA,6.9
2020-12,WA,6.7
2021-01,WA,6.4
2021-02,WA,6.2
2021-03,WA,5.9
2021-04,WA,5.7
2021-05,WA,5.5
2021-06,WA,5.3
2021-07,WA,5.1
2021-08,WA,4.9
2021-09,WA,4.7
2021-10,WA,4.4
2021-11,WA,4.2
2021-12,WA,4.0
2022-01,WA,4.0
2022-02,WA,3.9
2022-03,WA,3.9
2022-04,WA,3.9
2022-05,WA,3.9
2022-06,WA,4.0
2022-07,WA,4.0
2022-08,WA,4.1
2022-09,WA,4.2
2022-10,WA,4.2
2022-11,WA,4.2
2022-12,WA,4.2
2023-01,WA,4.1
2023-02,WA,4.1
2023-03,WA,4.0
2023-04,WA,4.0
2023-05,WA,4.0
2023-06,WA,4.0
2023-07,WA,4.1
2023-08,WA,4.2
2023-09,WA,4.4
2023-10,WA,4.5
2023-11,WA,4.6
2023-12,WA,4.6
2024-01,WA,4.6
2024-02,WA,4.6
2024-03,WA,4.6
2024-04,WA,4.6
2024-05,WA,4.6
2024-06,WA,4.6
2024-07,WA,4.5
2024-08,WA,4.5
2024-09,WA,4.4
2024-10,WA,4.4
2024-11,WA,4.3
2024-12,WA,4.3
2025-01,WA,4.4
2025-02,WA,4.4
2025-03,WA,4.5
2025-04,WA,4.5
2025-05,WA,4.5
2025-06,WA,4.5
2025-07,WA,4.6
2025-08,WA,4.6
2025-09,WA,4.7
2025-11,WA,4.9
2025-12,WA,4.9
2026-01,WA,5.0
2026-02,WA,5.1
2026-03,WA,5.1
2026-04,WA,5.2
2026-05,WA,5.2
2026-06,WA,5.2
1990-01,WV,8.1
1990-02,WV,8.0
1990-03,WV,8.0
1990-04,WV,8.0
1990-05,WV,8.1
1990-06,WV,8.3
1990-07,WV,8.5
1990-08,WV,8.8
1990-09,WV,9.1
1990-10,WV,9.4
1990-11,WV,9.6
1990-12,WV,9.8
1991-01,WV,10.0
1991-02,WV,10.2
1991-03,WV,10.3
1991-04,WV,10.5
1991-05,WV,10.6
1991-06,WV,10.7
1991-07,WV,10.7
1991-08,WV,10.8
1991-09,WV,10.9
1991-10,WV,11.0
1991-11,WV,11.2
1991-12,WV,11.3
1992-01,WV,11.4
1992-02,WV,11.4
1992-03,WV,11.4
1992-04,WV,11.4
1992-05,WV,11.3
1992-06,WV,11.3
1992-07,WV,11.3
1992-08,WV,11.2
1992-09,WV,11.1
1992-10,WV,11.0
1992-11,WV,10.9
1992-12,WV,10.8
1993-01,WV,10.7
1993-02,WV,10.6
1993-03,WV,10.6
1993-04,WV,10.5
1993-05,WV,10.5
1993-06,WV,10.4
1993-07,WV,10.3
1993-08,WV,10.2
1993-09,WV,10.0
1993-10,WV,9.9
1993-11,WV,9.8
1993-12,WV,9.8
1994-01,WV,9.7
1994-02,WV,9.6
1994-03,WV,9.5
1994-04,WV,9.3
1994-05,WV,9.1
1994-06,WV,8.9
1994-07,WV,8.7
1994-08,WV,8.5
1994-09,WV,8.3
1994-10,WV,8.2
1994-11,WV,8.0
1994-12,WV,7.8
1995-01,WV,7.7
1995-02,WV,7.7
1995-03,WV,7.7
1995-04,WV,7.9
1995-05,WV,8.0
1995-06,WV,8.1
1995-07,WV,8.1
1995-08,WV,8.1
1995-09,WV,8.1
1995-10,WV,8.1
1995-11,WV,8.1
1995-12,WV,8.1
1996-01,WV,8.1
1996-02,WV,8.1
1996-03,WV,8.0
1996-04,WV,7.8
1996-05,WV,7.7
1996-06,WV,7.5
1996-07,WV,7.4
1996-08,WV,7.4
1996-09,WV,7.4
1996-10,WV,7.4
1996-11,WV,7.5
1996-12,WV,7.5
1997-01,WV,7.5
1997-02,WV,7.4
1997-03,WV,7.2
1997-04,WV,7.1
1997-05,WV,7.0
1997-06,WV,6.9
1997-07,WV,6.9
1997-08,WV,6.8
1997-09,WV,6.8
1997-10,WV,6.8
1997-11,WV,6.8
1997-12,WV,6.7
1998-01,WV,6.7
1998-02,WV,6.7
1998-03,WV,6.7
1998-04,WV,6.7
1998-05,WV,6.7
1998-06,WV,6.7
1998-07,WV,6.7
1998-08,WV,6.7
1998-09,WV,6.6
1998-10,WV,6.6
1998-11,WV,6.5
1998-12,WV,6.5
1999-01,WV,6.5
1999-02,WV,6.5
1999-03,WV,6.6
1999-04,WV,6.6
1999-05,WV,6.6
1999-06,WV,6.6
1999-07,WV,6.5
1999-08,WV,6.5
1999-09,WV,6.4
1999-10,WV,6.3
1999-11,WV,6.2
1999-12,WV,6.0
2000-01,WV,5.9
2000-02,WV,5.7
2000-03,WV,5.7
2000-04,WV,5.6
2000-05,WV,5.6
2000-06,WV,5.6
2000-07,WV,5.5
2000-08,WV,5.5
2000-09,WV,5.5
2000-10,WV,5.4
2000-11,WV,5.4
2000-12,WV,5.3
2001-01,WV,5.3
2001-02,WV,5.2
2001-03,WV,5.2
2001-04,WV,5.2
2001-05,WV,5.1
2001-06,WV,5.1
2001-07,WV,5.1
2001-08,WV,5.2
2001-09,WV,5.3
2001-10,WV,5.4
2001-11,WV,5.6
2001-12,WV,5.7
2002-01,WV,5.8
2002-02,WV,5.9
2002-03,WV,6.0
2002-04,WV,6.1
2002-05,WV,6.2
2002-06,WV,6.1
2002-07,WV,6.1
2002-08,WV,6.1
2002-09,WV,6.1
2002-10,WV,6.1
2002-11,WV,6.2
2002-12,WV,6.2
2003-01,WV,6.3
2003-02,WV,6.3
2003-03,WV,6.3
2003-04,WV,6.3
2003-05,WV,6.3
2003-06,WV,6.3
2003-07,WV,6.2
2003-08,WV,6.1
2003-09,WV,6.0
2003-10,WV,5.9
2003-11,WV,5.8
2003-12,WV,5.7
2004-01,WV,5.7
2004-02,WV,5.6
2004-03,WV,5.6
2004-04,WV,5.5
2004-05,WV,5.4
2004-06,WV,5.4
2004-07,WV,5.3
2004-08,WV,5.2
2004-09,WV,5.2
2004-10,WV,5.2
2004-11,WV,5.2
2004-12,WV,5.2
2005-01,WV,5.2
2005-02,WV,5.2
2005-03,WV,5.1
2005-04,WV,5.1
2005-05,WV,5.0
2005-06,WV,5.0
2005-07,WV,5.0
2005-08,WV,5.1
2005-09,WV,5.1
2005-10,WV,5.0
2005-11,WV,4.9
2005-12,WV,4.8
2006-01,WV,4.7
2006-02,WV,4.6
2006-03,WV,4.6
2006-04,WV,4.7
2006-05,WV,4.8
2006-06,WV,4.9
2006-07,WV,4.9
2006-08,WV,4.9
2006-09,WV,4.9
2006-10,WV,4.8
2006-11,WV,4.8
2006-12,WV,4.7
2007-01,WV,4.6
2007-02,WV,4.5
2007-03,WV,4.4
2007-04,WV,4.4
2007-05,WV,4.4
2007-06,WV,4.4
2007-07,WV,4.4
2007-08,WV,4.5
2007-09,WV,4.5
2007-10,WV,4.6
2007-11,WV,4.5
2007-12,WV,4.5
2008-01,WV,4.4
2008-02,WV,4.3
2008-03,WV,4.3
2008-04,WV,4.2
2008-05,WV,4.2
2008-06,WV,4.2
2008-07,WV,4.3
2008-08,WV,4.4
2008-09,WV,4.5
2008-10,WV,4.8
2008-11,WV,5.1
2008-12,WV,5.6
2009-01,WV,6.2
2009-02,WV,6.8
2009-03,WV,7.3
2009-04,WV,7.8
2009-05,WV,8.1
2009-06,WV,8.3
2009-07,WV,8.4
2009-08,WV,8.5
2009-09,WV,8.5
2009-10,WV,8.5
2009-11,WV,8.6
2009-12,WV,8.7
2010-01,WV,8.7
2010-02,WV,8.7
2010-03,WV,8.6
2010-04,WV,8.5
2010-05,WV,8.3
2010-06,WV,8.2
2010-07,WV,8.2
2010-08,WV,8.2
2010-09,WV,8.3
2010-10,WV,8.4
2010-11,WV,8.4
2010-12,WV,8.3
2011-01,WV,8.2
2011-02,WV,8.1
2011-03,WV,8.0
2011-04,WV,7.8
2011-05,WV,7.7
2011-06,WV,7.7
2011-07,WV,7.7
2011-08,WV,7.7
2011-09,WV,7.6
2011-10,WV,7.5
2011-11,WV,7.3
2011-12,WV,7.2
2012-01,WV,7.1
2012-02,WV,7.0
2012-03,WV,7.0
2012-04,WV,7.1
2012-05,WV,7.2
2012-06,WV,7.3
2012-07,WV,7.4
2012-08,WV,7.4
2012-09,WV,7.3
2012-10,WV,7.3
2012-11,WV,7.2
2012-12,WV,7.1
2013-01,WV,7.0
2013-02,WV,6.9
2013-03,WV,6.8
2013-04,WV,6.7
2013-05,WV,6.6
2013-06,WV,6.6
2013-07,WV,6.6
2013-08,WV,6.6
2013-09,WV,6.6
2013-10,WV,6.7
2013-11,WV,6.7
2013-12,WV,6.7
2014-01,WV,6.7
2014-02,WV,6.7
2014-03,WV,6.7
2014-04,WV,6.6
2014-05,WV,6.5
2014-06,WV,6.5
2014-07,WV,6.4
2014-08,WV,6.4
2014-09,WV,6.4
2014-10,WV,6.4
2014-11,WV,6.3
2014-12,WV,6.3
2015-01,WV,6.4
2015-02,WV,6.5
2015-03,WV,6.6
2015-04,WV,6.7
2015-05,WV,6.8
2015-06,WV,6.7
2015-07,WV,6.7
2015-08,WV,6.6
2015-09,WV,6.5
2015-10,WV,6.4
2015-11,WV,6.3
2015-12,WV,6.3
2016-01,WV,6.3
2016-02,WV,6.3
2016-03,WV,6.3
2016-04,WV,6.2
2016-05,WV,6.2
2016-06,WV,6.1
2016-07,WV,6.1
2016-08,WV,6.1
2016-09,WV,6.0
2016-10,WV,5.9
2016-11,WV,5.8
2016-12,WV,5.6
2017-01,WV,5.4
2017-02,WV,5.2
2017-03,WV,5.1
2017-04,WV,5.1
2017-05,WV,5.0
2017-06,WV,5.1
2017-07,WV,5.1
2017-08,WV,5.2
2017-09,WV,5.2
2017-10,WV,5.3
2017-11,WV,5.3
2017-12,WV,5.4
2018-01,WV,5.4
2018-02,WV,5.4
2018-03,WV,5.3
2018-04,WV,5.3
2018-05,WV,5.2
2018-06,WV,5.1
2018-07,WV,5.0
2018-08,WV,5.0
2018-09,WV,5.0
2018-10,WV,5.0
2018-11,WV,5.0
2018-12,WV,5.0
2019-01,WV,5.0
2019-02,WV,4.9
2019-03,WV,4.9
2019-04,WV,4.8
2019-05,WV,4.8
2019-06,WV,4.8
2019-07,WV,4.8
2019-08,WV,4.9
2019-09,WV,5.0
2019-10,WV,5.0
2019-11,WV,5.1
2019-12,WV,5.1
2020-01,WV,5.2
2020-02,WV,5.3
2020-03,WV,5.3
2020-04,WV,15.8
2020-05,WV,12.5
2020-06,WV,10.6
2020-07,WV,9.5
2020-08,WV,8.2
2020-09,WV,7.6
2020-10,WV,7.0
2020-11,WV,6.6
2020-12,WV,6.4
2021-01,WV,6.4
2021-02,WV,6.1
2021-03,WV,5.9
2021-04,WV,5.7
2021-05,WV,5.4
2021-06,WV,5.2
2021-07,WV,5.0
2021-08,WV,4.8
2021-09,WV,4.5
2021-10,WV,4.3
2021-11,WV,4.2
2021-12,WV,4.1
2022-01,WV,4.0
2022-02,WV,4.0
2022-03,WV,4.0
2022-04,WV,4.0
2022-05,WV,4.0
2022-06,WV,3.9
2022-07,WV,3.9
2022-08,WV,3.9
2022-09,WV,3.8
2022-10,WV,3.8
2022-11,WV,3.7
2022-12,WV,3.6
2023-01,WV,3.6
2023-02,WV,3.6
2023-03,WV,3.6
2023-04,WV,3.7
2023-05,WV,3.8
2023-06,WV,3.8
2023-07,WV,3.9
2023-08,WV,4.0
2023-09,WV,4.0
2023-10,WV,4.1
2023-11,WV,4.1
2023-12,WV,4.2
2024-01,WV,4.2
2024-02,WV,4.2
2024-03,WV,4.1
2024-04,WV,4.1
2024-05,WV,4.1
2024-06,WV,4.1
2024-07,WV,4.1
2024-08,WV,4.0
2024-09,WV,4.0
2024-10,WV,3.9
2024-11,WV,3.9
2024-12,WV,3.9
2025-01,WV,3.8
2025-02,WV,3.8
2025-03,WV,3.9
2025-04,WV,3.9
2025-05,WV,4.0
2025-06,WV,4.0
2025-07,WV,4.2
2025-08,WV,4.3
2025-09,WV,4.5
2025-11,WV,4.6
2025-12,WV,4.6
2026-01,WV,4.6
2026-02,WV,4.7
2026-03,WV,4.5
2026-04,WV,4.4
2026-05,WV,4.3
2026-06,WV,4.2
1990-01,WI,4.2
1990-02,WI,4.2
1990-03,WI,4.1
1990-04,WI,4.1
1990-05,WI,4.1
1990-06,WI,4.1
1990-07,WI,4.2
1990-08,WI,4.4
1990-09,WI,4.6
1990-10,WI,4.7
1990-11,WI,5.0
1990-12,WI,5.2
1991-01,WI,5.3
1991-02,WI,5.5
1991-03,WI,5.6
1991-04,WI,5.6
1991-05,WI,5.6
1991-06,WI,5.5
1991-07,WI,5.4
1991-08,WI,5.3
1991-09,WI,5.2
1991-10,WI,5.2
1991-11,WI,5.1
1991-12,WI,5.1
1992-01,WI,5.1
1992-02,WI,5.0
1992-03,WI,5.0
1992-04,WI,5.0
1992-05,WI,5.1
1992-06,WI,5.2
1992-07,WI,5.3
1992-08,WI,5.3
1992-09,WI,5.3
1992-10,WI,5.1
1992-11,WI,5.0
1992-12,WI,4.8
1993-01,WI,4.7
1993-02,WI,4.6
1993-03,WI,4.5
1993-04,WI,4.5
1993-05,WI,4.5
1993-06,WI,4.3
1993-07,WI,4.3
1993-08,WI,4.3
1993-09,WI,4.3
1993-10,WI,4.4
1993-11,WI,4.5
1993-12,WI,4.6
1994-01,WI,4.6
1994-02,WI,4.6
1994-03,WI,4.6
1994-04,WI,4.5
1994-05,WI,4.4
1994-06,WI,4.3
1994-07,WI,4.2
1994-08,WI,4.2
1994-09,WI,4.1
1994-10,WI,4.0
1994-11,WI,3.9
1994-12,WI,3.8
1995-01,WI,3.7
1995-02,WI,3.7
1995-03,WI,3.7
1995-04,WI,3.7
1995-05,WI,3.7
1995-06,WI,3.7
1995-07,WI,3.7
1995-08,WI,3.7
1995-09,WI,3.7
1995-10,WI,3.8
1995-11,WI,3.8
1995-12,WI,3.8
1996-01,WI,3.8
1996-02,WI,3.7
1996-03,WI,3.7
1996-04,WI,3.7
1996-05,WI,3.7
1996-06,WI,3.6
1996-07,WI,3.5
1996-08,WI,3.5
1996-09,WI,3.5
1996-10,WI,3.5
1996-11,WI,3.5
1996-12,WI,3.6
1997-01,WI,3.6
1997-02,WI,3.6
1997-03,WI,3.6
1997-04,WI,3.6
1997-05,WI,3.6
1997-06,WI,3.5
1997-07,WI,3.5
1997-08,WI,3.5
1997-09,WI,3.4
1997-10,WI,3.4
1997-11,WI,3.3
1997-12,WI,3.3
1998-01,WI,3.2
1998-02,WI,3.1
1998-03,WI,3.1
1998-04,WI,3.1
1998-05,WI,3.2
1998-06,WI,3.2
1998-07,WI,3.3
1998-08,WI,3.4
1998-09,WI,3.5
1998-10,WI,3.5
1998-11,WI,3.4
1998-12,WI,3.3
1999-01,WI,3.3
1999-02,WI,3.2
1999-03,WI,3.1
1999-04,WI,3.0
1999-05,WI,3.0
1999-06,WI,3.0
1999-07,WI,3.0
1999-08,WI,3.0
1999-09,WI,3.0
1999-10,WI,3.0
1999-11,WI,3.1
1999-12,WI,3.1
2000-01,WI,3.1
2000-02,WI,3.1
2000-03,WI,3.2
2000-04,WI,3.3
2000-05,WI,3.4
2000-06,WI,3.4
2000-07,WI,3.5
2000-08,WI,3.5
2000-09,WI,3.5
2000-10,WI,3.5
2000-11,WI,3.6
2000-12,WI,3.6
2001-01,WI,3.8
2001-02,WI,3.9
2001-03,WI,4.0
2001-04,WI,4.1
2001-05,WI,4.2
2001-06,WI,4.3
2001-07,WI,4.4
2001-08,WI,4.5
2001-09,WI,4.7
2001-10,WI,4.9
2001-11,WI,5.1
2001-12,WI,5.2
2002-01,WI,5.4
2002-02,WI,5.4
2002-03,WI,5.4
2002-04,WI,5.4
2002-05,WI,5.3
2002-06,WI,5.3
2002-07,WI,5.2
2002-08,WI,5.2
2002-09,WI,5.2
2002-10,WI,5.3
2002-11,WI,5.3
2002-12,WI,5.4
2003-01,WI,5.5
2003-02,WI,5.6
2003-03,WI,5.6
2003-04,WI,5.7
2003-05,WI,5.8
2003-06,WI,5.8
2003-07,WI,5.8
2003-08,WI,5.7
2003-09,WI,5.6
2003-10,WI,5.5
2003-11,WI,5.4
2003-12,WI,5.3
2004-01,WI,5.2
2004-02,WI,5.2
2004-03,WI,5.1
2004-04,WI,5.1
2004-05,WI,5.0
2004-06,WI,5.0
2004-07,WI,4.9
2004-08,WI,4.9
2004-09,WI,4.8
2004-10,WI,4.8
2004-11,WI,4.8
2004-12,WI,4.8
2005-01,WI,4.8
2005-02,WI,4.7
2005-03,WI,4.7
2005-04,WI,4.7
2005-05,WI,4.7
2005-06,WI,4.7
2005-07,WI,4.7
2005-08,WI,4.7
2005-09,WI,4.7
2005-10,WI,4.7
2005-11,WI,4.7
2005-12,WI,4.7
2006-01,WI,4.7
2006-02,WI,4.6
2006-03,WI,4.6
2006-04,WI,4.6
2006-05,WI,4.6
2006-06,WI,4.7
2006-07,WI,4.7
2006-08,WI,4.7
2006-09,WI,4.7
2006-10,WI,4.8
2006-11,WI,4.8
2006-12,WI,4.8
2007-01,WI,4.8
2007-02,WI,4.8
2007-03,WI,4.8
2007-04,WI,4.8
2007-05,WI,4.8
2007-06,WI,4.9
2007-07,WI,4.9
2007-08,WI,4.9
2007-09,WI,4.9
2007-10,WI,4.9
2007-11,WI,4.8
2007-12,WI,4.6
2008-01,WI,4.4
2008-02,WI,4.3
2008-03,WI,4.2
2008-04,WI,4.2
2008-05,WI,4.3
2008-06,WI,4.5
2008-07,WI,4.7
2008-08,WI,5.0
2008-09,WI,5.3
2008-10,WI,5.6
2008-11,WI,6.1
2008-12,WI,6.7
2009-01,WI,7.3
2009-02,WI,7.9
2009-03,WI,8.4
2009-04,WI,8.8
2009-05,WI,9.0
2009-06,WI,9.1
2009-07,WI,9.2
2009-08,WI,9.2
2009-09,WI,9.2
2009-10,WI,9.3
2009-11,WI,9.3
2009-12,WI,9.3
2010-01,WI,9.2
2010-02,WI,9.1
2010-03,WI,8.9
2010-04,WI,8.7
2010-05,WI,8.5
2010-06,WI,8.3
2010-07,WI,8.2
2010-08,WI,8.1
2010-09,WI,8.1
2010-10,WI,8.0
2010-11,WI,8.0
2010-12,WI,7.9
2011-01,WI,7.8
2011-02,WI,7.7
2011-03,WI,7.6
2011-04,WI,7.6
2011-05,WI,7.6
2011-06,WI,7.7
2011-07,WI,7.7
2011-08,WI,7.6
2011-09,WI,7.5
2011-10,WI,7.4
2011-11,WI,7.3
2011-12,WI,7.1
2012-01,WI,7.0
2012-02,WI,6.9
2012-03,WI,6.9
2012-04,WI,7.0
2012-05,WI,7.0
2012-06,WI,7.0
2012-07,WI,7.0
2012-08,WI,6.9
2012-09,WI,6.8
2012-10,WI,6.8
2012-11,WI,6.8
2012-12,WI,6.9
2013-01,WI,6.9
2013-02,WI,7.0
2013-03,WI,7.0
2013-04,WI,6.9
2013-05,WI,6.8
2013-06,WI,6.7
2013-07,WI,6.7
2013-08,WI,6.6
2013-09,WI,6.5
2013-10,WI,6.4
2013-11,WI,6.3
2013-12,WI,6.2
2014-01,WI,6.0
2014-02,WI,5.9
2014-03,WI,5.7
2014-04,WI,5.6
2014-05,WI,5.5
2014-06,WI,5.4
2014-07,WI,5.3
2014-08,WI,5.2
2014-09,WI,5.1
2014-10,WI,5.0
2014-11,WI,4.9
2014-12,WI,4.8
2015-01,WI,4.7
2015-02,WI,4.7
2015-03,WI,4.6
2015-04,WI,4.6
2015-05,WI,4.5
2015-06,WI,4.4
2015-07,WI,4.3
2015-08,WI,4.3
2015-09,WI,4.3
2015-10,WI,4.2
2015-11,WI,4.2
2015-12,WI,4.2
2016-01,WI,4.2
2016-02,WI,4.1
2016-03,WI,4.1
2016-04,WI,4.0
2016-05,WI,4.0
2016-06,WI,3.9
2016-07,WI,3.9
2016-08,WI,3.9
2016-09,WI,3.8
2016-10,WI,3.8
2016-11,WI,3.8
2016-12,WI,3.7
2017-01,WI,3.6
2017-02,WI,3.5
2017-03,WI,3.4
2017-04,WI,3.3
2017-05,WI,3.3
2017-06,WI,3.2
2017-07,WI,3.3
2017-08,WI,3.3
2017-09,WI,3.2
2017-10,WI,3.2
2017-11,WI,3.1
2017-12,WI,3.0
2018-01,WI,3.0
2018-02,WI,3.0
2018-03,WI,3.0
2018-04,WI,3.0
2018-05,WI,3.0
2018-06,WI,3.0
2018-07,WI,3.0
2018-08,WI,3.0
2018-09,WI,3.0
2018-10,WI,3.0
2018-11,WI,3.0
2018-12,WI,3.0
2019-01,WI,3.1
2019-02,WI,3.1
2019-03,WI,3.1
2019-04,WI,3.2
2019-05,WI,3.2
2019-06,WI,3.2
2019-07,WI,3.3
2019-08,WI,3.3
2019-09,WI,3.3
2019-10,WI,3.3
2019-11,WI,3.2
2019-12,WI,3.2
2020-01,WI,3.1
2020-02,WI,3.1
2020-03,WI,3.0
2020-04,WI,14.1
2020-05,WI,10.5
2020-06,WI,8.7
2020-07,WI,7.6
2020-08,WI,6.3
2020-09,WI,5.8
2020-10,WI,5.2
2020-11,WI,5.0
2020-12,WI,4.8
2021-01,WI,4.6
2021-02,WI,4.5
2021-03,WI,4.3
2021-04,WI,4.2
2021-05,WI,4.1
2021-06,WI,4.0
2021-07,WI,3.8
2021-08,WI,3.6
2021-09,WI,3.4
2021-10,WI,3.2
2021-11,WI,3.1
2021-12,WI,3.0
2022-01,WI,2.9
2022-02,WI,2.9
2022-03,WI,2.9
2022-04,WI,2.9
2022-05,WI,2.8
2022-06,WI,2.8
2022-07,WI,2.8
2022-08,WI,2.8
2022-09,WI,2.8
2022-10,WI,2.8
2022-11,WI,2.7
2022-12,WI,2.7
2023-01,WI,2.6
2023-02,WI,2.6
2023-03,WI,2.6
2023-04,WI,2.7
2023-05,WI,2.7
2023-06,WI,2.8
2023-07,WI,2.9
2023-08,WI,3.0
2023-09,WI,3.0
2023-10,WI,3.0
2023-11,WI,2.9
2023-12,WI,2.9
2024-01,WI,2.9
2024-02,WI,2.9
2024-03,WI,2.9
2024-04,WI,3.0
2024-05,WI,3.0
2024-06,WI,3.0
2024-07,WI,3.0
2024-08,WI,3.0
2024-09,WI,3.0
2024-10,WI,3.1
2024-11,WI,3.1
2024-12,WI,3.2
2025-01,WI,3.3
2025-02,WI,3.3
2025-03,WI,3.2
2025-04,WI,3.2
2025-05,WI,3.1
2025-06,WI,3.1
2025-07,WI,3.0
2025-08,WI,3.1
2025-09,WI,3.1
2025-11,WI,3.2
2025-12,WI,3.2
2026-01,WI,3.3
2026-02,WI,3.4
2026-03,WI,3.5
2026-04,WI,3.5
2026-05,WI,3.4
2026-06,WI,3.3
1990-01,WY,5.5
1990-02,WY,5.4
1990-03,WY,5.2
1990-04,WY,5.1
1990-05,WY,5.0
1990-06,WY,5.0
1990-07,WY,5.0
1990-08,WY,5.0
1990-09,WY,5.1
1990-10,WY,5.1
1990-11,WY,5.2
1990-12,WY,5.2
1991-01,WY,5.2
1991-02,WY,5.2
1991-03,WY,5.1
1991-04,WY,5.0
1991-05,WY,4.9
1991-06,WY,4.9
1991-07,WY,4.8
1991-08,WY,4.9
1991-09,WY,5.0
1991-10,WY,5.1
1991-11,WY,5.2
1991-12,WY,5.4
1992-01,WY,5.5
1992-02,WY,5.5
1992-03,WY,5.6
1992-04,WY,5.6
1992-05,WY,5.6
1992-06,WY,5.6
1992-07,WY,5.5
1992-08,WY,5.5
1992-09,WY,5.4
1992-10,WY,5.3
1992-11,WY,5.3
1992-12,WY,5.2
1993-01,WY,5.2
1993-02,WY,5.3
1993-03,WY,5.3
1993-04,WY,5.4
1993-05,WY,5.4
1993-06,WY,5.4
1993-07,WY,5.4
1993-08,WY,5.4
1993-09,WY,5.4
1993-10,WY,5.3
1993-11,WY,5.3
1993-12,WY,5.3
1994-01,WY,5.3
1994-02,WY,5.3
1994-03,WY,5.2
1994-04,WY,5.1
1994-05,WY,5.0
1994-06,WY,4.9
1994-07,WY,4.8
1994-08,WY,4.8
1994-09,WY,4.7
1994-10,WY,4.6
1994-11,WY,4.6
1994-12,WY,4.5
1995-01,WY,4.5
1995-02,WY,4.5
1995-03,WY,4.6
1995-04,WY,4.7
1995-05,WY,4.7
1995-06,WY,4.8
1995-07,WY,4.9
1995-08,WY,4.9
1995-09,WY,4.9
1995-10,WY,4.9
1995-11,WY,4.9
1995-12,WY,4.9
1996-01,WY,4.9
1996-02,WY,4.9
1996-03,WY,4.9
1996-04,WY,4.9
1996-05,WY,4.9
1996-06,WY,4.9
1996-07,WY,4.9
1996-08,WY,5.0
1996-09,WY,5.1
1996-10,WY,5.1
1996-11,WY,5.2
1996-12,WY,5.2
1997-01,WY,5.2
1997-02,WY,5.1
1997-03,WY,5.1
1997-04,WY,5.0
1997-05,WY,4.9
1997-06,WY,4.8
1997-07,WY,4.7
1997-08,WY,4.5
1997-09,WY,4.5
1997-10,WY,4.5
1997-11,WY,4.5
1997-12,WY,4.6
1998-01,WY,4.6
1998-02,WY,4.7
1998-03,WY,4.7
1998-04,WY,4.8
1998-05,WY,4.8
1998-06,WY,4.8
1998-07,WY,4.9
1998-08,WY,4.9
1998-09,WY,4.9
1998-10,WY,4.9
1998-11,WY,4.8
1998-12,WY,4.8
1999-01,WY,4.8
1999-02,WY,4.9
1999-03,WY,4.9
1999-04,WY,4.9
1999-05,WY,4.9
1999-06,WY,4.9
1999-07,WY,4.8
1999-08,WY,4.7
1999-09,WY,4.6
1999-10,WY,4.5
1999-11,WY,4.4
1999-12,WY,4.3
2000-01,WY,4.1
2000-02,WY,4.0
2000-03,WY,3.8
2000-04,WY,3.8
2000-05,WY,3.7
2000-06,WY,3.7
2000-07,WY,3.7
2000-08,WY,3.8
2000-09,WY,3.8
2000-10,WY,3.7
2000-11,WY,3.7
2000-12,WY,3.7
2001-01,WY,3.7
2001-02,WY,3.8
2001-03,WY,3.8
2001-04,WY,3.8
2001-05,WY,3.8
2001-06,WY,3.8
2001-07,WY,3.9
2001-08,WY,3.9
2001-09,WY,4.0
2001-10,WY,4.0
2001-11,WY,4.0
2001-12,WY,4.0
2002-01,WY,4.0
2002-02,WY,4.0
2002-03,WY,4.1
2002-04,WY,4.1
2002-05,WY,4.1
2002-06,WY,4.0
2002-07,WY,3.9
2002-08,WY,3.9
2002-09,WY,4.0
2002-10,WY,4.1
2002-11,WY,4.2
2002-12,WY,4.3
2003-01,WY,4.4
2003-02,WY,4.4
2003-03,WY,4.5
2003-04,WY,4.5
2003-05,WY,4.5
2003-06,WY,4.5
2003-07,WY,4.4
2003-08,WY,4.4
2003-09,WY,4.3
2003-10,WY,4.2
2003-11,WY,4.1
2003-12,WY,4.1
2004-01,WY,4.0
2004-02,WY,4.0
2004-03,WY,3.9
2004-04,WY,3.9
2004-05,WY,3.8
2004-06,WY,3.8
2004-07,WY,3.8
2004-08,WY,3.8
2004-09,WY,3.8
2004-10,WY,3.8
2004-11,WY,3.7
2004-12,WY,3.7
2005-01,WY,3.6
2005-02,WY,3.6
2005-03,WY,3.6
2005-04,WY,3.6
2005-05,WY,3.6
2005-06,WY,3.6
2005-07,WY,3.6
2005-08,WY,3.6
2005-09,WY,3.6
2005-10,WY,3.5
2005-11,WY,3.5
2005-12,WY,3.4
2006-01,WY,3.3
2006-02,WY,3.3
2006-03,WY,3.2
2006-04,WY,3.2
2006-05,WY,3.1
2006-06,WY,3.1
2006-07,WY,3.0
2006-08,WY,3.0
2006-09,WY,3.0
2006-10,WY,3.0
2006-11,WY,2.9
2006-12,WY,2.8
2007-01,WY,2.8
2007-02,WY,2.7
2007-03,WY,2.7
2007-04,WY,2.7
2007-05,WY,2.8
2007-06,WY,2.8
2007-07,WY,2.8
2007-08,WY,2.7
2007-09,WY,2.7
2007-10,WY,2.7
2007-11,WY,2.7
2007-12,WY,2.7
2008-01,WY,2.7
2008-02,WY,2.7
2008-03,WY,2.6
2008-04,WY,2.7
2008-05,WY,2.7
2008-06,WY,2.8
2008-07,WY,2.9
2008-08,WY,3.0
2008-09,WY,3.1
2008-10,WY,3.3
2008-11,WY,3.6
2008-12,WY,3.9
2009-01,WY,4.3
2009-02,WY,4.8
2009-03,WY,5.3
2009-04,WY,5.7
2009-05,WY,6.1
2009-06,WY,6.4
2009-07,WY,6.7
2009-08,WY,6.9
2009-09,WY,7.1
2009-10,WY,7.2
2009-11,WY,7.4
2009-12,WY,7.5
2010-01,WY,7.5
2010-02,WY,7.4
2010-03,WY,7.3
2010-04,WY,7.1
2010-05,WY,6.9
2010-06,WY,6.8
2010-07,WY,6.7
2010-08,WY,6.6
2010-09,WY,6.6
2010-10,WY,6.6
2010-11,WY,6.5
2010-12,WY,6.5
2011-01,WY,6.4
2011-02,WY,6.3
2011-03,WY,6.2
2011-04,WY,6.1
2011-05,WY,6.1
2011-06,WY,6.0
2011-07,WY,6.0
2011-08,WY,6.0
2011-09,WY,6.0
2011-10,WY,6.0
2011-11,WY,5.9
2011-12,WY,5.8
2012-01,WY,5.7
2012-02,WY,5.6
2012-03,WY,5.6
2012-04,WY,5.6
2012-05,WY,5.6
2012-06,WY,5.6
2012-07,WY,5.5
2012-08,WY,5.4
2012-09,WY,5.3
2012-10,WY,5.2
2012-11,WY,5.1
2012-12,WY,5.1
2013-01,WY,5.0
2013-02,WY,5.0
2013-03,WY,4.9
2013-04,WY,4.8
2013-05,WY,4.7
2013-06,WY,4.7
2013-07,WY,4.6
2013-08,WY,4.6
2013-09,WY,4.6
2013-10,WY,4.6
2013-11,WY,4.6
2013-12,WY,4.5
2014-01,WY,4.5
2014-02,WY,4.4
2014-03,WY,4.4
2014-04,WY,4.4
2014-05,WY,4.4
2014-06,WY,4.4
2014-07,WY,4.4
2014-08,WY,4.4
2014-09,WY,4.4
2014-10,WY,4.3
2014-11,WY,4.2
2014-12,WY,4.1
2015-01,WY,4.0
2015-02,WY,4.0
2015-03,WY,4.0
2015-04,WY,4.0
2015-05,WY,4.1
2015-06,WY,4.1
2015-07,WY,4.2
2015-08,WY,4.3
2015-09,WY,4.4
2015-10,WY,4.5
2015-11,WY,4.6
2015-12,WY,4.8
2016-01,WY,5.0
2016-02,WY,5.2
2016-03,WY,5.4
2016-04,WY,5.5
2016-05,WY,5.5
2016-06,WY,5.5
2016-07,WY,5.4
2016-08,WY,5.3
2016-09,WY,5.2
2016-10,WY,5.2
2016-11,WY,5.1
2016-12,WY,5.0
2017-01,WY,4.8
2017-02,WY,4.7
2017-03,WY,4.5
2017-04,WY,4.3
2017-05,WY,4.2
2017-06,WY,4.2
2017-07,WY,4.2
2017-08,WY,4.2
2017-09,WY,4.2
2017-10,WY,4.3
2017-11,WY,4.3
2017-12,WY,4.2
2018-01,WY,4.2
2018-02,WY,4.2
2018-03,WY,4.1
2018-04,WY,4.1
2018-05,WY,4.1
2018-06,WY,4.1
2018-07,WY,4.1
2018-08,WY,4.0
2018-09,WY,4.0
2018-10,WY,4.0
2018-11,WY,4.0
2018-12,WY,3.9
2019-01,WY,3.7
2019-02,WY,3.6
2019-03,WY,3.5
2019-04,WY,3.5
2019-05,WY,3.5
2019-06,WY,3.6
2019-07,WY,3.7
2019-08,WY,3.8
2019-09,WY,3.8
2019-10,WY,3.9
2019-11,WY,4.0
2019-12,WY,4.2
2020-01,WY,4.4
2020-02,WY,4.6
2020-03,WY,4.8
2020-04,WY,5.1
2020-05,WY,8.7
2020-06,WY,7.3
2020-07,WY,6.8
2020-08,WY,6.2
2020-09,WY,5.9
2020-10,WY,5.6
2020-11,WY,5.5
2020-12,WY,5.4
2021-01,WY,5.3
2021-02,WY,5.3
2021-03,WY,5.2
2021-04,WY,5.1
2021-05,WY,4.9
2021-06,WY,4.7
2021-07,WY,4.5
2021-08,WY,4.3
2021-09,WY,4.1
2021-10,WY,3.9
2021-11,WY,3.7
2021-12,WY,3.6
2022-01,WY,3.5
2022-02,WY,3.4
2022-03,WY,3.4
2022-04,WY,3.4
2022-05,WY,3.4
2022-06,WY,3.4
2022-07,WY,3.5
2022-08,WY,3.5
2022-09,WY,3.5
2022-10,WY,3.5
2022-11,WY,3.4
2022-12,WY,3.4
2023-01,WY,3.3
2023-02,WY,3.1
2023-03,WY,3.0
2023-04,WY,2.9
2023-05,WY,2.9
2023-06,WY,2.8
2023-07,WY,2.8
2023-08,WY,2.8
2023-09,WY,2.8
2023-10,WY,2.8
2023-11,WY,2.8
2023-12,WY,2.8
2024-01,WY,2.8
2024-02,WY,2.9
2024-03,WY,2.9
2024-04,WY,3.0
2024-05,WY,3.1
2024-06,WY,3.1
2024-07,WY,3.2
2024-08,WY,3.2
2024-09,WY,3.3
2024-10,WY,3.3
2024-11,WY,3.3
2024-12,WY,3.3
2025-01,WY,3.2
2025-02,WY,3.2
2025-03,WY,3.2
2025-04,WY,3.2
2025-05,WY,3.2
2025-06,WY,3.2
2025-07,WY,3.3
2025-08,WY,3.3
2025-09,WY,3.4
2025-11,WY,3.5
2025-12,WY,3.5
2026-01,WY,3.6
2026-02,WY,3.6
2026-03,WY,3.6
2026-04,WY,3.5
2026-05,WY,3.4
2026-06,WY,3.2
